candidate_id,record_id,feature,old_value,new_value,relative_reduction,original_high_risk_rate,modified_low_risk_rate,paired_flip_rate,margin_flip_rate,mean_original_p,mean_modified_p,mean_delta_p
0,289,credit_amount,1024.0,307.0,0.7001953125,1.0,0.0,0.0,0.0,0.6371837079524993,0.6273160874843597,-0.009867620468139649
1,289,credit_amount,1024.0,358.0,0.650390625,1.0,0.0,0.0,0.0,0.6371837079524993,0.6309357941150665,-0.006247913837432862
2,289,credit_amount,1024.0,410.0,0.599609375,1.0,0.0,0.0,0.0,0.6371837079524993,0.6326228678226471,-0.004560840129852295
3,289,credit_amount,1024.0,461.0,0.5498046875,1.0,0.0,0.0,0.0,0.6371837079524993,0.6352634131908417,-0.0019202947616577149
4,289,credit_amount,1024.0,512.0,0.5,1.0,0.0,0.0,0.0,0.6371837079524993,0.6343924641609192,-0.0027912437915802004
5,289,credit_amount,1024.0,563.0,0.4501953125,1.0,0.0,0.0,0.0,0.6371837079524993,0.637209701538086,2.5993585586547853e-05
6,289,credit_amount,1024.0,614.0,0.400390625,1.0,0.0,0.0,0.0,0.6371837079524993,0.6398968517780304,0.002713143825531006
7,289,credit_amount,1024.0,666.0,0.349609375,1.0,0.0,0.0,0.0,0.6371837079524993,0.6401397049427032,0.0029559969902038575
8,289,credit_amount,1024.0,717.0,0.2998046875,1.0,0.0,0.0,0.0,0.6371837079524993,0.6430958449840546,0.005912137031555176
9,289,credit_amount,1024.0,768.0,0.25,1.0,0.0,0.0,0.0,0.6371837079524993,0.6408403098583222,0.003656601905822754
10,289,credit_amount,1024.0,819.0,0.2001953125,1.0,0.0,0.0,0.0,0.6371837079524993,0.6400227248668671,0.002839016914367676
11,289,credit_amount,1024.0,870.0,0.150390625,1.0,0.0,0.0,0.0,0.6371837079524993,0.6416152715682983,0.00443156361579895
12,289,credit_amount,1024.0,922.0,0.099609375,1.0,0.0,0.0,0.0,0.6371837079524993,0.6402799785137177,0.003096270561218262
13,289,credit_amount,1024.0,973.0,0.0498046875,1.0,0.0,0.0,0.0,0.6371837079524993,0.6382420778274536,0.0010583698749542236
14,289,duration,24.0,4.0,0.8333333333333334,1.0,1.0,1.0,1.0,0.6371837079524993,0.3709114968776703,-0.2662722110748291
15,289,duration,24.0,6.0,0.75,1.0,1.0,1.0,0.8,0.6371837079524993,0.3987110137939453,-0.23847269415855407
16,289,duration,24.0,7.0,0.7083333333333334,1.0,0.9,0.9,0.8,0.6371837079524993,0.4139196962118149,-0.2232640117406845
17,289,duration,24.0,8.0,0.6666666666666666,1.0,0.8,0.8,0.8,0.6371837079524993,0.425398001074791,-0.21178570687770842
18,289,duration,24.0,9.0,0.625,1.0,0.7,0.7,0.6,0.6371837079524993,0.4577232003211975,-0.1794605076313019
19,289,duration,24.0,10.0,0.5833333333333334,1.0,0.7,0.7,0.5,0.6371837079524993,0.4591774731874466,-0.17800623476505278
20,289,duration,24.0,11.0,0.5416666666666666,1.0,0.7,0.7,0.5,0.6371837079524993,0.46206911504268644,-0.17511459290981293
21,289,duration,24.0,12.0,0.5,1.0,0.4,0.4,0.2,0.6371837079524993,0.5209757924079895,-0.11620791554450989
22,289,duration,24.0,13.0,0.4583333333333333,1.0,0.4,0.4,0.3,0.6371837079524993,0.5194750517606735,-0.11770865619182587
23,289,duration,24.0,14.0,0.4166666666666667,1.0,0.3,0.3,0.2,0.6371837079524993,0.5327068030834198,-0.1044769048690796
24,289,duration,24.0,15.0,0.375,1.0,0.2,0.2,0.1,0.6371837079524993,0.5450502097606659,-0.0921334981918335
25,289,duration,24.0,16.0,0.3333333333333333,1.0,0.1,0.1,0.1,0.6371837079524993,0.5754098236560822,-0.06177388429641724
26,289,duration,24.0,18.0,0.25,1.0,0.1,0.1,0.0,0.6371837079524993,0.5975808143615723,-0.03960289359092713
27,289,duration,24.0,20.0,0.16666666666666666,1.0,0.1,0.1,0.0,0.6371837079524993,0.591875684261322,-0.04530802369117737
28,289,duration,24.0,21.0,0.125,1.0,0.0,0.0,0.0,0.6371837079524993,0.6085531651973725,-0.028630542755126952
29,289,duration,24.0,22.0,0.08333333333333333,1.0,0.0,0.0,0.0,0.6371837079524993,0.6007416605949402,-0.0364420473575592
30,216,credit_amount,3104.0,776.0,0.75,0.7,0.2,0.0,0.0,0.5297954350709915,0.5407181203365325,0.010922685265541077
31,216,credit_amount,3104.0,931.0,0.7000644329896907,0.7,0.1,0.0,0.0,0.5297954350709915,0.5382635176181794,0.008468082547187806
32,216,credit_amount,3104.0,1086.0,0.6501288659793815,0.7,0.3,0.0,0.0,0.5297954350709915,0.5341476678848267,0.004352232813835144
33,216,credit_amount,3104.0,1242.0,0.5998711340206185,0.7,0.3,0.0,0.0,0.5297954350709915,0.5350475937128067,0.005252158641815186
34,216,credit_amount,3104.0,1397.0,0.5499355670103093,0.7,0.3,0.0,0.0,0.5297954350709915,0.528194347023964,-0.0016010880470275878
35,216,credit_amount,3104.0,1552.0,0.5,0.7,0.4,0.1,0.0,0.5297954350709915,0.5247433960437775,-0.00505203902721405
36,216,credit_amount,3104.0,1707.0,0.45006443298969073,0.7,0.4,0.1,0.0,0.5297954350709915,0.523667961359024,-0.006127473711967468
37,216,credit_amount,3104.0,1862.0,0.40012886597938147,0.7,0.4,0.1,0.0,0.5297954350709915,0.525074964761734,-0.004720470309257508
38,216,credit_amount,3104.0,2018.0,0.34987113402061853,0.7,0.4,0.1,0.0,0.5297954350709915,0.5263144135475158,-0.003481021523475647
39,216,credit_amount,3104.0,2173.0,0.29993556701030927,0.7,0.4,0.1,0.0,0.5297954350709915,0.5244062215089798,-0.005389213562011719
40,216,credit_amount,3104.0,2328.0,0.25,0.7,0.4,0.1,0.0,0.5297954350709915,0.5230894893407821,-0.006705945730209351
41,216,credit_amount,3104.0,2483.0,0.20006443298969073,0.7,0.4,0.1,0.0,0.5297954350709915,0.5256617486476898,-0.004133686423301697
42,216,credit_amount,3104.0,2638.0,0.15012886597938144,0.7,0.4,0.1,0.0,0.5297954350709915,0.5259325563907623,-0.003862878680229187
43,216,credit_amount,3104.0,2794.0,0.09987113402061856,0.7,0.4,0.1,0.0,0.5297954350709915,0.5246096014976501,-0.00518583357334137
44,216,credit_amount,3104.0,2949.0,0.04993556701030928,0.7,0.4,0.1,0.0,0.5297954350709915,0.5251339018344879,-0.004661533236503601
45,216,duration,18.0,4.0,0.7777777777777778,0.7,0.9,0.6,0.5,0.5297954350709915,0.40117013156414033,-0.1286253035068512
46,216,duration,18.0,6.0,0.6666666666666666,0.7,0.9,0.6,0.4,0.5297954350709915,0.4073861360549927,-0.12240929901599884
47,216,duration,18.0,7.0,0.6111111111111112,0.7,0.9,0.6,0.5,0.5297954350709915,0.40673759281635286,-0.12305784225463867
48,216,duration,18.0,8.0,0.5555555555555556,0.7,0.9,0.6,0.4,0.5297954350709915,0.412965914607048,-0.11682952046394349
49,216,duration,18.0,9.0,0.5,0.7,0.8,0.5,0.2,0.5297954350709915,0.4413550913333893,-0.08844034373760223
50,216,duration,18.0,10.0,0.4444444444444444,0.7,0.9,0.6,0.2,0.5297954350709915,0.4316881537437439,-0.09810728132724762
51,216,duration,18.0,11.0,0.3888888888888889,0.7,0.9,0.6,0.2,0.5297954350709915,0.4307485520839691,-0.0990468829870224
52,216,duration,18.0,12.0,0.3333333333333333,0.7,0.6,0.3,0.2,0.5297954350709915,0.47363712787628176,-0.05615830719470978
53,216,duration,18.0,13.0,0.2777777777777778,0.7,0.6,0.3,0.2,0.5297954350709915,0.4629321485757828,-0.06686328649520874
54,216,duration,18.0,14.0,0.2222222222222222,0.7,0.5,0.2,0.1,0.5297954350709915,0.4751339823007584,-0.054661452770233154
55,216,duration,18.0,15.0,0.16666666666666666,0.7,0.6,0.3,0.1,0.5297954350709915,0.48173207342624663,-0.048063361644744874
56,216,duration,18.0,16.0,0.1111111111111111,0.7,0.4,0.1,0.0,0.5297954350709915,0.5094869703054428,-0.020308464765548706
57,570,credit_amount,3234.0,808.0,0.7501546072974644,1.0,0.0,0.0,0.0,0.6639170706272125,0.6775043547153473,0.013587284088134765
58,570,credit_amount,3234.0,970.0,0.7000618429189858,1.0,0.0,0.0,0.0,0.6639170706272125,0.67531458735466,0.01139751672744751
59,570,credit_amount,3234.0,1132.0,0.6499690785405071,1.0,0.0,0.0,0.0,0.6639170706272125,0.6745601832866669,0.010643112659454345
60,570,credit_amount,3234.0,1294.0,0.5998763141620285,1.0,0.0,0.0,0.0,0.6639170706272125,0.6787778854370117,0.014860814809799195
61,570,credit_amount,3234.0,1455.0,0.5500927643784786,1.0,0.0,0.0,0.0,0.6639170706272125,0.6756146669387817,0.011697596311569214
62,570,credit_amount,3234.0,1617.0,0.5,1.0,0.0,0.0,0.0,0.6639170706272125,0.6730894207954407,0.00917235016822815
63,570,credit_amount,3234.0,1779.0,0.44990723562152135,1.0,0.0,0.0,0.0,0.6639170706272125,0.6746072769165039,0.010690206289291381
64,570,credit_amount,3234.0,1940.0,0.40012368583797153,1.0,0.0,0.0,0.0,0.6639170706272125,0.6762329638004303,0.012315893173217773
65,570,credit_amount,3234.0,2102.0,0.3500309214594929,1.0,0.0,0.0,0.0,0.6639170706272125,0.6746316254138947,0.010714554786682129
66,570,credit_amount,3234.0,2264.0,0.29993815708101423,1.0,0.0,0.0,0.0,0.6639170706272125,0.6745791614055634,0.01066209077835083
67,570,credit_amount,3234.0,2426.0,0.24984539270253556,1.0,0.0,0.0,0.0,0.6639170706272125,0.6705324053764343,0.006615334749221801
68,570,credit_amount,3234.0,2587.0,0.20006184291898577,1.0,0.0,0.0,0.0,0.6639170706272125,0.6701669692993164,0.0062498986721038815
69,570,credit_amount,3234.0,2749.0,0.14996907854050712,1.0,0.0,0.0,0.0,0.6639170706272125,0.6653864085674286,0.0014693379402160645
70,570,credit_amount,3234.0,2911.0,0.09987631416202845,1.0,0.0,0.0,0.0,0.6639170706272125,0.6650995492935181,0.001182478666305542
71,570,credit_amount,3234.0,3072.0,0.05009276437847866,1.0,0.0,0.0,0.0,0.6639170706272125,0.6633524239063263,-0.0005646467208862305
72,570,duration,24.0,4.0,0.8333333333333334,1.0,0.8,0.8,0.8,0.6639170706272125,0.45691458880901337,-0.20700248181819916
73,570,duration,24.0,6.0,0.75,1.0,0.7,0.7,0.7,0.6639170706272125,0.4685850113630295,-0.19533205926418304
74,570,duration,24.0,7.0,0.7083333333333334,1.0,0.7,0.7,0.7,0.6639170706272125,0.46659829914569856,-0.19731877148151397
75,570,duration,24.0,8.0,0.6666666666666666,1.0,0.7,0.7,0.6,0.6639170706272125,0.47161161005496977,-0.19230546057224274
76,570,duration,24.0,9.0,0.625,1.0,0.5,0.5,0.3,0.6639170706272125,0.502696031332016,-0.16122103929519654
77,570,duration,24.0,10.0,0.5833333333333334,1.0,0.6,0.6,0.6,0.6639170706272125,0.4911763906478882,-0.17274067997932435
78,570,duration,24.0,11.0,0.5416666666666666,1.0,0.7,0.7,0.4,0.6639170706272125,0.4886556088924408,-0.17526146173477172
79,570,duration,24.0,12.0,0.5,1.0,0.2,0.2,0.0,0.6639170706272125,0.544030299782753,-0.11988677084445953
80,570,duration,24.0,13.0,0.4583333333333333,1.0,0.3,0.3,0.1,0.6639170706272125,0.5339907884597779,-0.12992628216743468
81,570,duration,24.0,14.0,0.4166666666666667,1.0,0.2,0.2,0.1,0.6639170706272125,0.5461404144763946,-0.11777665615081787
82,570,duration,24.0,15.0,0.375,1.0,0.0,0.0,0.0,0.6639170706272125,0.5558448255062103,-0.10807224512100219
83,570,duration,24.0,16.0,0.3333333333333333,1.0,0.0,0.0,0.0,0.6639170706272125,0.589396619796753,-0.07452045083045959
84,570,duration,24.0,18.0,0.25,1.0,0.0,0.0,0.0,0.6639170706272125,0.6131402492523194,-0.050776821374893186
85,570,duration,24.0,20.0,0.16666666666666666,1.0,0.0,0.0,0.0,0.6639170706272125,0.6045062124729157,-0.05941085815429688
86,570,duration,24.0,21.0,0.125,1.0,0.0,0.0,0.0,0.6639170706272125,0.6269037902355195,-0.03701328039169312
87,570,duration,24.0,22.0,0.08333333333333333,1.0,0.0,0.0,0.0,0.6639170706272125,0.6171942532062531,-0.046722817420959475
88,887,credit_amount,15672.0,3918.0,0.75,1.0,0.8,0.8,0.6,0.676427698135376,0.4677944242954254,-0.20863327383995056
89,887,credit_amount,15672.0,4702.0,0.6999744767738643,1.0,0.7,0.7,0.4,0.676427698135376,0.47880530059337617,-0.1976223975419998
90,887,credit_amount,15672.0,5485.0,0.6500127616130679,1.0,0.6,0.6,0.5,0.676427698135376,0.4811528831720352,-0.19527481496334076
91,887,credit_amount,15672.0,6269.0,0.5999872383869321,1.0,0.6,0.6,0.4,0.676427698135376,0.49168805181980135,-0.18473964631557466
92,887,credit_amount,15672.0,7052.0,0.5500255232261357,1.0,0.5,0.5,0.3,0.676427698135376,0.5070806980133057,-0.16934700012207032
93,887,credit_amount,15672.0,7836.0,0.5,1.0,0.5,0.5,0.2,0.676427698135376,0.5201303690671921,-0.1562973290681839
94,887,credit_amount,15672.0,8620.0,0.4499744767738642,1.0,0.3,0.3,0.2,0.676427698135376,0.531473708152771,-0.14495398998260497
95,887,credit_amount,15672.0,9403.0,0.40001276161306787,1.0,0.2,0.2,0.0,0.676427698135376,0.5576677411794663,-0.11875995695590973
96,887,credit_amount,15672.0,10187.0,0.34998723838693213,1.0,0.0,0.0,0.0,0.676427698135376,0.5725444674491882,-0.10388323068618774
97,887,credit_amount,15672.0,10970.0,0.3000255232261358,1.0,0.0,0.0,0.0,0.676427698135376,0.5947375476360321,-0.08169015049934387
98,887,credit_amount,15672.0,11754.0,0.25,1.0,0.0,0.0,0.0,0.676427698135376,0.6172093331813813,-0.059218364953994754
99,887,credit_amount,15672.0,12538.0,0.1999744767738642,1.0,0.0,0.0,0.0,0.676427698135376,0.6367124676704407,-0.0397152304649353
100,887,credit_amount,15672.0,13321.0,0.1500127616130679,1.0,0.0,0.0,0.0,0.676427698135376,0.6455121457576751,-0.030915552377700807
101,887,credit_amount,15672.0,14105.0,0.0999872383869321,1.0,0.0,0.0,0.0,0.676427698135376,0.6597394466400146,-0.01668825149536133
102,887,credit_amount,15672.0,14888.0,0.050025523226135786,1.0,0.0,0.0,0.0,0.676427698135376,0.6703041315078735,-0.006123566627502441
103,887,duration,48.0,4.0,0.9166666666666666,1.0,0.6,0.6,0.4,0.676427698135376,0.5004122287034989,-0.17601546943187713
104,887,duration,48.0,6.0,0.875,1.0,0.5,0.5,0.4,0.676427698135376,0.5142922818660736,-0.16213541626930236
105,887,duration,48.0,7.0,0.8541666666666666,1.0,0.5,0.5,0.4,0.676427698135376,0.5117433249950409,-0.16468437314033507
106,887,duration,48.0,8.0,0.8333333333333334,1.0,0.4,0.4,0.4,0.676427698135376,0.5161717265844346,-0.16025597155094146
107,887,duration,48.0,9.0,0.8125,1.0,0.4,0.4,0.4,0.676427698135376,0.5400514304637909,-0.1363762676715851
108,887,duration,48.0,10.0,0.7916666666666666,1.0,0.4,0.4,0.4,0.676427698135376,0.533501821756363,-0.14292587637901305
109,887,duration,48.0,11.0,0.7708333333333334,1.0,0.4,0.4,0.4,0.676427698135376,0.5276633262634277,-0.14876437187194824
110,887,duration,48.0,12.0,0.75,1.0,0.4,0.4,0.1,0.676427698135376,0.5628723323345184,-0.11355536580085754
111,887,duration,48.0,13.0,0.7291666666666666,1.0,0.4,0.4,0.4,0.676427698135376,0.5468036234378815,-0.1296240746974945
112,887,duration,48.0,14.0,0.7083333333333334,1.0,0.4,0.4,0.3,0.676427698135376,0.5556646883487701,-0.12076300978660584
113,887,duration,48.0,15.0,0.6875,1.0,0.4,0.4,0.1,0.676427698135376,0.5615654766559601,-0.1148622214794159
114,887,duration,48.0,16.0,0.6666666666666666,1.0,0.1,0.1,0.1,0.676427698135376,0.581507995724678,-0.09491970241069794
115,887,duration,48.0,18.0,0.625,1.0,0.1,0.1,0.0,0.676427698135376,0.5919376730918884,-0.08449002504348754
116,887,duration,48.0,20.0,0.5833333333333334,1.0,0.2,0.2,0.0,0.676427698135376,0.5782150775194168,-0.09821262061595917
117,887,duration,48.0,21.0,0.5625,1.0,0.1,0.1,0.0,0.676427698135376,0.5925060093402863,-0.08392168879508972
118,887,duration,48.0,22.0,0.5416666666666666,1.0,0.1,0.1,0.0,0.676427698135376,0.5842706859111786,-0.0921570122241974
119,887,duration,48.0,24.0,0.5,1.0,0.0,0.0,0.0,0.676427698135376,0.6080475866794586,-0.06838011145591735
120,887,duration,48.0,26.0,0.4583333333333333,1.0,0.0,0.0,0.0,0.676427698135376,0.600694191455841,-0.0757335066795349
121,887,duration,48.0,27.0,0.4375,1.0,0.0,0.0,0.0,0.676427698135376,0.6063084363937378,-0.07011926174163818
122,887,duration,48.0,28.0,0.4166666666666667,1.0,0.0,0.0,0.0,0.676427698135376,0.6105269670486451,-0.06590073108673096
123,887,duration,48.0,30.0,0.375,1.0,0.0,0.0,0.0,0.676427698135376,0.6183007955551147,-0.05812690258026123
124,887,duration,48.0,33.0,0.3125,1.0,0.0,0.0,0.0,0.676427698135376,0.6226457715034485,-0.05378192663192749
125,887,duration,48.0,36.0,0.25,1.0,0.0,0.0,0.0,0.676427698135376,0.6410004913806915,-0.03542720675468445
126,887,duration,48.0,39.0,0.1875,1.0,0.0,0.0,0.0,0.676427698135376,0.6389707446098327,-0.037456953525543214
127,887,duration,48.0,40.0,0.16666666666666666,1.0,0.0,0.0,0.0,0.676427698135376,0.6450986921787262,-0.03132900595664978
128,887,duration,48.0,42.0,0.125,1.0,0.0,0.0,0.0,0.676427698135376,0.6457893013954162,-0.030638396739959717
129,887,duration,48.0,45.0,0.0625,1.0,0.0,0.0,0.0,0.676427698135376,0.6532381117343903,-0.02318958640098572
130,887,duration,48.0,47.0,0.020833333333333332,1.0,0.0,0.0,0.0,0.676427698135376,0.6522592067718506,-0.02416849136352539
131,678,credit_amount,2384.0,596.0,0.75,1.0,0.0,0.0,0.0,0.6571011662483215,0.6638569712638855,0.006755805015563965
132,678,credit_amount,2384.0,715.0,0.7000838926174496,1.0,0.0,0.0,0.0,0.6571011662483215,0.6700638353824615,0.012962669134140015
133,678,credit_amount,2384.0,834.0,0.6501677852348994,1.0,0.0,0.0,0.0,0.6571011662483215,0.6738867044448853,0.01678553819656372
134,678,credit_amount,2384.0,954.0,0.5998322147651006,1.0,0.0,0.0,0.0,0.6571011662483215,0.6703838169574737,0.013282650709152221
135,678,credit_amount,2384.0,1073.0,0.5499161073825504,1.0,0.0,0.0,0.0,0.6571011662483215,0.6682164609432221,0.011115294694900513
136,678,credit_amount,2384.0,1192.0,0.5,1.0,0.0,0.0,0.0,0.6571011662483215,0.6718415677547455,0.01474040150642395
137,678,credit_amount,2384.0,1311.0,0.4500838926174497,1.0,0.0,0.0,0.0,0.6571011662483215,0.6703160405158997,0.013214874267578124
138,678,credit_amount,2384.0,1430.0,0.4001677852348993,1.0,0.0,0.0,0.0,0.6571011662483215,0.6640297949314118,0.00692862868309021
139,678,credit_amount,2384.0,1550.0,0.3498322147651007,1.0,0.0,0.0,0.0,0.6571011662483215,0.6661444783210755,0.009043312072753907
140,678,credit_amount,2384.0,1669.0,0.2999161073825503,1.0,0.0,0.0,0.0,0.6571011662483215,0.6590786635875702,0.0019774973392486573
141,678,credit_amount,2384.0,1788.0,0.25,1.0,0.0,0.0,0.0,0.6571011662483215,0.6629009306430816,0.0057997643947601315
142,678,credit_amount,2384.0,1907.0,0.20008389261744966,1.0,0.0,0.0,0.0,0.6571011662483215,0.662982726097107,0.0058815598487854
143,678,credit_amount,2384.0,2026.0,0.15016778523489932,1.0,0.0,0.0,0.0,0.6571011662483215,0.6597976624965668,0.002696496248245239
144,678,credit_amount,2384.0,2146.0,0.09983221476510067,1.0,0.0,0.0,0.0,0.6571011662483215,0.6582905173301696,0.0011893510818481445
145,678,credit_amount,2384.0,2265.0,0.04991610738255033,1.0,0.0,0.0,0.0,0.6571011662483215,0.6590465188026429,0.001945352554321289
146,678,duration,24.0,4.0,0.8333333333333334,1.0,1.0,1.0,1.0,0.6571011662483215,0.39012928307056427,-0.2669718831777573
147,678,duration,24.0,6.0,0.75,1.0,0.9,0.9,0.7,0.6571011662483215,0.413519087433815,-0.24358207881450653
148,678,duration,24.0,7.0,0.7083333333333334,1.0,0.8,0.8,0.7,0.6571011662483215,0.4209334164857864,-0.2361677497625351
149,678,duration,24.0,8.0,0.6666666666666666,1.0,0.8,0.8,0.7,0.6571011662483215,0.4307681888341904,-0.22633297741413116
150,678,duration,24.0,9.0,0.625,1.0,0.6,0.6,0.4,0.6571011662483215,0.46749167740345,-0.18960948884487153
151,678,duration,24.0,10.0,0.5833333333333334,1.0,0.7,0.7,0.4,0.6571011662483215,0.4652895718812943,-0.19181159436702727
152,678,duration,24.0,11.0,0.5416666666666666,1.0,0.6,0.6,0.4,0.6571011662483215,0.46594782173633575,-0.1911533445119858
153,678,duration,24.0,12.0,0.5,1.0,0.4,0.4,0.2,0.6571011662483215,0.5308132976293564,-0.12628786861896515
154,678,duration,24.0,13.0,0.4583333333333333,1.0,0.4,0.4,0.2,0.6571011662483215,0.5269476175308228,-0.1301535487174988
155,678,duration,24.0,14.0,0.4166666666666667,1.0,0.2,0.2,0.2,0.6571011662483215,0.5392847776412963,-0.11781638860702515
156,678,duration,24.0,15.0,0.375,1.0,0.2,0.2,0.2,0.6571011662483215,0.5511974036693573,-0.10590376257896424
157,678,duration,24.0,16.0,0.3333333333333333,1.0,0.2,0.2,0.2,0.6571011662483215,0.5878060311079025,-0.069295135140419
158,678,duration,24.0,18.0,0.25,1.0,0.1,0.1,0.0,0.6571011662483215,0.6123659372329712,-0.04473522901535034
159,678,duration,24.0,20.0,0.16666666666666666,1.0,0.2,0.2,0.0,0.6571011662483215,0.6067884296178818,-0.05031273663043976
160,678,duration,24.0,21.0,0.125,1.0,0.0,0.0,0.0,0.6571011662483215,0.6234657168388367,-0.03363544940948486
161,678,duration,24.0,22.0,0.08333333333333333,1.0,0.0,0.0,0.0,0.6571011662483215,0.6149750292301178,-0.04212613701820374
162,338,credit_amount,4169.0,1042.0,0.7500599664188055,0.6,0.4,0.1,0.0,0.5067554324865341,0.5098531901836395,0.0030977576971054077
163,338,credit_amount,4169.0,1251.0,0.6999280402974334,0.6,0.5,0.2,0.0,0.5067554324865341,0.5139676928520203,0.007212260365486145
164,338,credit_amount,4169.0,1459.0,0.6500359798512833,0.6,0.5,0.2,0.1,0.5067554324865341,0.5052011042833329,-0.001554328203201294
165,338,credit_amount,4169.0,1668.0,0.5999040537299113,0.6,0.4,0.1,0.0,0.5067554324865341,0.5074091851711273,0.0006537526845932007
166,338,credit_amount,4169.0,1876.0,0.550011993283761,0.6,0.3,0.0,0.0,0.5067554324865341,0.5096696615219116,0.0029142290353775025
167,338,credit_amount,4169.0,2084.0,0.5001199328376109,0.6,0.4,0.0,0.0,0.5067554324865341,0.5064301520586014,-0.00032528042793273927
168,338,credit_amount,4169.0,2293.0,0.4499880067162389,0.6,0.4,0.1,0.0,0.5067554324865341,0.5070887118577957,0.0003332793712615967
169,338,credit_amount,4169.0,2501.0,0.40009594627008876,0.6,0.6,0.2,0.0,0.5067554324865341,0.5008734852075577,-0.00588194727897644
170,338,credit_amount,4169.0,2710.0,0.3499640201487167,0.6,0.5,0.1,0.0,0.5067554324865341,0.5013351082801819,-0.005420324206352234
171,338,credit_amount,4169.0,2918.0,0.30007195970256656,0.6,0.6,0.2,0.0,0.5067554324865341,0.4962814122438431,-0.01047402024269104
172,338,credit_amount,4169.0,3127.0,0.24994003358119454,0.6,0.5,0.1,0.0,0.5067554324865341,0.497514808177948,-0.009240624308586121
173,338,credit_amount,4169.0,3335.0,0.20004797313504438,0.6,0.4,0.1,0.0,0.5067554324865341,0.5013674050569534,-0.005388027429580689
174,338,credit_amount,4169.0,3544.0,0.14991604701367234,0.6,0.5,0.1,0.0,0.5067554324865341,0.49235366880893705,-0.014401763677597046
175,338,credit_amount,4169.0,3752.0,0.10002398656752219,0.6,0.5,0.1,0.0,0.5067554324865341,0.49425504803657533,-0.012500384449958801
176,338,credit_amount,4169.0,3961.0,0.049892060446150154,0.6,0.4,0.0,0.0,0.5067554324865341,0.5003630220890045,-0.006392410397529602
177,338,duration,24.0,4.0,0.8333333333333334,0.6,1.0,0.6,0.5,0.5067554324865341,0.3500473454594612,-0.1567080870270729
178,338,duration,24.0,6.0,0.75,0.6,1.0,0.6,0.5,0.5067554324865341,0.3538757011294365,-0.15287973135709762
179,338,duration,24.0,7.0,0.7083333333333334,0.6,1.0,0.6,0.5,0.5067554324865341,0.3485661670565605,-0.1581892654299736
180,338,duration,24.0,8.0,0.6666666666666666,0.6,1.0,0.6,0.5,0.5067554324865341,0.351208484172821,-0.15554694831371307
181,338,duration,24.0,9.0,0.625,0.6,1.0,0.6,0.4,0.5067554324865341,0.37992198169231417,-0.12683345079421998
182,338,duration,24.0,10.0,0.5833333333333334,0.6,1.0,0.6,0.4,0.5067554324865341,0.3648710399866104,-0.1418843924999237
183,338,duration,24.0,11.0,0.5416666666666666,0.6,1.0,0.6,0.4,0.5067554324865341,0.35880285650491717,-0.14795257598161698
184,338,duration,24.0,12.0,0.5,0.6,0.9,0.5,0.4,0.5067554324865341,0.4026510238647461,-0.10410440862178802
185,338,duration,24.0,13.0,0.4583333333333333,0.6,0.9,0.5,0.4,0.5067554324865341,0.38757047355175017,-0.11918495893478394
186,338,duration,24.0,14.0,0.4166666666666667,0.6,0.9,0.5,0.4,0.5067554324865341,0.39921670854091645,-0.10753872394561767
187,338,duration,24.0,15.0,0.375,0.6,0.9,0.5,0.4,0.5067554324865341,0.4068972826004028,-0.09985814988613129
188,338,duration,24.0,16.0,0.3333333333333333,0.6,0.9,0.5,0.3,0.5067554324865341,0.4425725191831589,-0.06418291330337525
189,338,duration,24.0,18.0,0.25,0.6,0.9,0.5,0.2,0.5067554324865341,0.46083973348140717,-0.04591569900512695
190,338,duration,24.0,20.0,0.16666666666666666,0.6,0.9,0.5,0.2,0.5067554324865341,0.4551199167966843,-0.05163551568984985
191,338,duration,24.0,21.0,0.125,0.6,0.8,0.4,0.1,0.5067554324865341,0.4725852578878403,-0.03417017459869385
192,338,duration,24.0,22.0,0.08333333333333333,0.6,0.9,0.5,0.3,0.5067554324865341,0.4618345707654953,-0.04492086172103882
193,11,credit_amount,4308.0,1077.0,0.75,1.0,0.0,0.0,0.0,0.8023261785507202,0.7827109873294831,-0.019615191221237182
194,11,credit_amount,4308.0,1292.0,0.7000928505106778,1.0,0.0,0.0,0.0,0.8023261785507202,0.787677013874054,-0.01464916467666626
195,11,credit_amount,4308.0,1508.0,0.6499535747446611,1.0,0.0,0.0,0.0,0.8023261785507202,0.7886597871780395,-0.013666391372680664
196,11,credit_amount,4308.0,1723.0,0.6000464252553389,1.0,0.0,0.0,0.0,0.8023261785507202,0.7914799809455871,-0.010846197605133057
197,11,credit_amount,4308.0,1939.0,0.5499071494893222,1.0,0.0,0.0,0.0,0.8023261785507202,0.79498490691185,-0.00734127163887024
198,11,credit_amount,4308.0,2154.0,0.5,1.0,0.0,0.0,0.0,0.8023261785507202,0.795460683107376,-0.006865495443344116
199,11,credit_amount,4308.0,2369.0,0.4500928505106778,1.0,0.0,0.0,0.0,0.8023261785507202,0.7956702172756195,-0.006655961275100708
200,11,credit_amount,4308.0,2585.0,0.3999535747446611,1.0,0.0,0.0,0.0,0.8023261785507202,0.7957150161266326,-0.006611162424087524
201,11,credit_amount,4308.0,2800.0,0.3500464252553389,1.0,0.0,0.0,0.0,0.8023261785507202,0.7964669167995453,-0.005859261751174927
202,11,credit_amount,4308.0,3016.0,0.2999071494893222,1.0,0.0,0.0,0.0,0.8023261785507202,0.796183842420578,-0.006142336130142212
203,11,credit_amount,4308.0,3231.0,0.25,1.0,0.0,0.0,0.0,0.8023261785507202,0.7972744047641754,-0.0050517737865448
204,11,credit_amount,4308.0,3446.0,0.20009285051067782,1.0,0.0,0.0,0.0,0.8023261785507202,0.7970107614994049,-0.005315417051315307
205,11,credit_amount,4308.0,3662.0,0.1499535747446611,1.0,0.0,0.0,0.0,0.8023261785507202,0.7949257731437683,-0.007400405406951904
206,11,credit_amount,4308.0,3877.0,0.10004642525533891,1.0,0.0,0.0,0.0,0.8023261785507202,0.7973403990268707,-0.004985779523849487
207,11,credit_amount,4308.0,4093.0,0.04990714948932219,1.0,0.0,0.0,0.0,0.8023261785507202,0.7998321771621704,-0.0024940013885498048
208,11,duration,48.0,4.0,0.9166666666666666,1.0,0.3,0.3,0.2,0.8023261785507202,0.5329683125019073,-0.26935786604881284
209,11,duration,48.0,6.0,0.875,1.0,0.3,0.3,0.1,0.8023261785507202,0.5385625571012497,-0.2637636214494705
210,11,duration,48.0,7.0,0.8541666666666666,1.0,0.4,0.4,0.1,0.8023261785507202,0.5353491991758347,-0.26697697937488557
211,11,duration,48.0,8.0,0.8333333333333334,1.0,0.2,0.2,0.1,0.8023261785507202,0.5406863987445831,-0.26163977980613706
212,11,duration,48.0,9.0,0.8125,1.0,0.1,0.1,0.1,0.8023261785507202,0.5673441141843796,-0.23498206436634064
213,11,duration,48.0,10.0,0.7916666666666666,1.0,0.1,0.1,0.1,0.8023261785507202,0.554500424861908,-0.24782575368881227
214,11,duration,48.0,11.0,0.7708333333333334,1.0,0.2,0.2,0.1,0.8023261785507202,0.5465660750865936,-0.2557601034641266
215,11,duration,48.0,12.0,0.75,1.0,0.1,0.1,0.1,0.8023261785507202,0.5897772818803787,-0.2125488966703415
216,11,duration,48.0,13.0,0.7291666666666666,1.0,0.1,0.1,0.1,0.8023261785507202,0.5707614243030548,-0.2315647542476654
217,11,duration,48.0,14.0,0.7083333333333334,1.0,0.1,0.1,0.1,0.8023261785507202,0.5816701203584671,-0.22065605819225312
218,11,duration,48.0,15.0,0.6875,1.0,0.1,0.1,0.1,0.8023261785507202,0.5874269664287567,-0.2148992121219635
219,11,duration,48.0,16.0,0.6666666666666666,1.0,0.0,0.0,0.0,0.8023261785507202,0.6186968147754669,-0.1836293637752533
220,11,duration,48.0,18.0,0.625,1.0,0.0,0.0,0.0,0.8023261785507202,0.6324223101139068,-0.16990386843681335
221,11,duration,48.0,20.0,0.5833333333333334,1.0,0.0,0.0,0.0,0.8023261785507202,0.6243783235549927,-0.17794785499572754
222,11,duration,48.0,21.0,0.5625,1.0,0.0,0.0,0.0,0.8023261785507202,0.6409321427345276,-0.16139403581619263
223,11,duration,48.0,22.0,0.5416666666666666,1.0,0.0,0.0,0.0,0.8023261785507202,0.630529236793518,-0.17179694175720214
224,11,duration,48.0,24.0,0.5,1.0,0.0,0.0,0.0,0.8023261785507202,0.6723487079143524,-0.1299774706363678
225,11,duration,48.0,26.0,0.4583333333333333,1.0,0.0,0.0,0.0,0.8023261785507202,0.6779209673404694,-0.12440521121025086
226,11,duration,48.0,27.0,0.4375,1.0,0.0,0.0,0.0,0.8023261785507202,0.6848909437656403,-0.11743523478507996
227,11,duration,48.0,28.0,0.4166666666666667,1.0,0.0,0.0,0.0,0.8023261785507202,0.6941949427127838,-0.1081312358379364
228,11,duration,48.0,30.0,0.375,1.0,0.0,0.0,0.0,0.8023261785507202,0.7074354410171508,-0.09489073753356933
229,11,duration,48.0,33.0,0.3125,1.0,0.0,0.0,0.0,0.8023261785507202,0.7127859473228455,-0.08954023122787476
230,11,duration,48.0,36.0,0.25,1.0,0.0,0.0,0.0,0.8023261785507202,0.7494418025016785,-0.05288437604904175
231,11,duration,48.0,39.0,0.1875,1.0,0.0,0.0,0.0,0.8023261785507202,0.7539008021354675,-0.048425376415252686
232,11,duration,48.0,40.0,0.16666666666666666,1.0,0.0,0.0,0.0,0.8023261785507202,0.7608571767807006,-0.04146900177001953
233,11,duration,48.0,42.0,0.125,1.0,0.0,0.0,0.0,0.8023261785507202,0.7654360651969909,-0.03689011335372925
234,11,duration,48.0,45.0,0.0625,1.0,0.0,0.0,0.0,0.8023261785507202,0.7757606983184815,-0.02656548023223877
235,11,duration,48.0,47.0,0.020833333333333332,1.0,0.0,0.0,0.0,0.8023261785507202,0.77638179063797,-0.025944387912750243
236,818,credit_amount,15857.0,3964.0,0.750015765907801,1.0,0.0,0.0,0.0,0.7599112033843994,0.6500920236110688,-0.1098191797733307
237,818,credit_amount,15857.0,4757.0,0.7000063063631203,1.0,0.0,0.0,0.0,0.7599112033843994,0.6543050706386566,-0.10560613274574279
238,818,credit_amount,15857.0,5550.0,0.6499968468184398,1.0,0.0,0.0,0.0,0.7599112033843994,0.6548526287078857,-0.10505857467651367
239,818,credit_amount,15857.0,6343.0,0.5999873872737592,1.0,0.0,0.0,0.0,0.7599112033843994,0.6600318670272827,-0.0998793363571167
240,818,credit_amount,15857.0,7136.0,0.5499779277290786,1.0,0.0,0.0,0.0,0.7599112033843994,0.6679833114147187,-0.09192789196968079
241,818,credit_amount,15857.0,7928.0,0.5000315318156019,1.0,0.0,0.0,0.0,0.7599112033843994,0.6750713109970092,-0.08483989238739013
242,818,credit_amount,15857.0,8721.0,0.45002207227092134,1.0,0.0,0.0,0.0,0.7599112033843994,0.687058961391449,-0.07285224199295044
243,818,credit_amount,15857.0,9514.0,0.4000126127262408,1.0,0.0,0.0,0.0,0.7599112033843994,0.6970859587192535,-0.06282524466514587
244,818,credit_amount,15857.0,10307.0,0.35000315318156017,1.0,0.0,0.0,0.0,0.7599112033843994,0.7081558465957641,-0.05175535678863526
245,818,credit_amount,15857.0,11100.0,0.2999936936368796,1.0,0.0,0.0,0.0,0.7599112033843994,0.7198435425758362,-0.040067660808563235
246,818,credit_amount,15857.0,11893.0,0.24998423409219903,1.0,0.0,0.0,0.0,0.7599112033843994,0.7310962677001953,-0.028814935684204103
247,818,credit_amount,15857.0,12686.0,0.19997477454751844,1.0,0.0,0.0,0.0,0.7599112033843994,0.7407758951187133,-0.019135308265686036
248,818,credit_amount,15857.0,13478.0,0.15002837863404175,1.0,0.0,0.0,0.0,0.7599112033843994,0.7476478517055511,-0.012263351678848266
249,818,credit_amount,15857.0,14271.0,0.10001891908936117,1.0,0.0,0.0,0.0,0.7599112033843994,0.7529641926288605,-0.00694701075553894
250,818,credit_amount,15857.0,15064.0,0.050009459544680585,1.0,0.0,0.0,0.0,0.7599112033843994,0.7581884562969208,-0.0017227470874786378
251,818,duration,36.0,4.0,0.8888888888888888,1.0,0.0,0.0,0.0,0.7599112033843994,0.6493248522281647,-0.11058635115623475
252,818,duration,36.0,6.0,0.8333333333333334,1.0,0.0,0.0,0.0,0.7599112033843994,0.6660698294639588,-0.09384137392044067
253,818,duration,36.0,7.0,0.8055555555555556,1.0,0.0,0.0,0.0,0.7599112033843994,0.6664959073066712,-0.09341529607772828
254,818,duration,36.0,8.0,0.7777777777777778,1.0,0.0,0.0,0.0,0.7599112033843994,0.671748673915863,-0.08816252946853638
255,818,duration,36.0,9.0,0.75,1.0,0.0,0.0,0.0,0.7599112033843994,0.6911548376083374,-0.068756365776062
256,818,duration,36.0,10.0,0.7222222222222222,1.0,0.0,0.0,0.0,0.7599112033843994,0.6863390028476715,-0.0735722005367279
257,818,duration,36.0,11.0,0.6944444444444444,1.0,0.0,0.0,0.0,0.7599112033843994,0.6825881898403168,-0.07732301354408264
258,818,duration,36.0,12.0,0.6666666666666666,1.0,0.0,0.0,0.0,0.7599112033843994,0.7118621706962586,-0.04804903268814087
259,818,duration,36.0,13.0,0.6388888888888888,1.0,0.0,0.0,0.0,0.7599112033843994,0.6989904642105103,-0.06092073917388916
260,818,duration,36.0,14.0,0.6111111111111112,1.0,0.0,0.0,0.0,0.7599112033843994,0.7060579776763916,-0.05385322570800781
261,818,duration,36.0,15.0,0.5833333333333334,1.0,0.0,0.0,0.0,0.7599112033843994,0.7113861322402955,-0.048525071144104
262,818,duration,36.0,16.0,0.5555555555555556,1.0,0.0,0.0,0.0,0.7599112033843994,0.7241359114646911,-0.035775291919708255
263,818,duration,36.0,18.0,0.5,1.0,0.0,0.0,0.0,0.7599112033843994,0.7336060643196106,-0.02630513906478882
264,818,duration,36.0,20.0,0.4444444444444444,1.0,0.0,0.0,0.0,0.7599112033843994,0.7246659815311431,-0.03524522185325622
265,818,duration,36.0,21.0,0.4166666666666667,1.0,0.0,0.0,0.0,0.7599112033843994,0.733057564496994,-0.026853638887405395
266,818,duration,36.0,22.0,0.3888888888888889,1.0,0.0,0.0,0.0,0.7599112033843994,0.7271778225898743,-0.032733380794525146
267,818,duration,36.0,24.0,0.3333333333333333,1.0,0.0,0.0,0.0,0.7599112033843994,0.7431197762489319,-0.01679142713546753
268,818,duration,36.0,26.0,0.2777777777777778,1.0,0.0,0.0,0.0,0.7599112033843994,0.7383041441440582,-0.021607059240341186
269,818,duration,36.0,27.0,0.25,1.0,0.0,0.0,0.0,0.7599112033843994,0.7414150416851044,-0.018496161699295043
270,818,duration,36.0,28.0,0.2222222222222222,1.0,0.0,0.0,0.0,0.7599112033843994,0.7440921425819397,-0.015819060802459716
271,818,duration,36.0,30.0,0.16666666666666666,1.0,0.0,0.0,0.0,0.7599112033843994,0.7482291460037231,-0.01168205738067627
272,818,duration,36.0,33.0,0.08333333333333333,1.0,0.0,0.0,0.0,0.7599112033843994,0.747070825099945,-0.012840378284454345
273,831,credit_amount,1216.0,304.0,0.75,1.0,0.0,0.0,0.0,0.7742530584335328,0.7641874492168427,-0.010065609216690063
274,831,credit_amount,1216.0,365.0,0.6998355263157895,1.0,0.0,0.0,0.0,0.7742530584335328,0.7684247314929962,-0.005828326940536499
275,831,credit_amount,1216.0,426.0,0.649671052631579,1.0,0.0,0.0,0.0,0.7742530584335328,0.7701744914054871,-0.004078567028045654
276,831,credit_amount,1216.0,486.0,0.600328947368421,1.0,0.0,0.0,0.0,0.7742530584335328,0.7749733328819275,0.0007202744483947754
277,831,credit_amount,1216.0,547.0,0.5501644736842105,1.0,0.0,0.0,0.0,0.7742530584335328,0.7751081705093383,0.000855112075805664
278,831,credit_amount,1216.0,608.0,0.5,1.0,0.0,0.0,0.0,0.7742530584335328,0.7771639227867126,0.0029108643531799315
279,831,credit_amount,1216.0,669.0,0.4498355263157895,1.0,0.0,0.0,0.0,0.7742530584335328,0.7830531001091003,0.008800041675567628
280,831,credit_amount,1216.0,730.0,0.3996710526315789,1.0,0.0,0.0,0.0,0.7742530584335328,0.7831523537635803,0.008899295330047607
281,831,credit_amount,1216.0,790.0,0.3503289473684211,1.0,0.0,0.0,0.0,0.7742530584335328,0.7825946867465973,0.008341628313064575
282,831,credit_amount,1216.0,851.0,0.3001644736842105,1.0,0.0,0.0,0.0,0.7742530584335328,0.7813072323799133,0.007054173946380615
283,831,credit_amount,1216.0,912.0,0.25,1.0,0.0,0.0,0.0,0.7742530584335328,0.779051399230957,0.004798340797424317
284,831,credit_amount,1216.0,973.0,0.19983552631578946,1.0,0.0,0.0,0.0,0.7742530584335328,0.7780218124389648,0.0037687540054321287
285,831,credit_amount,1216.0,1034.0,0.14967105263157895,1.0,0.0,0.0,0.0,0.7742530584335328,0.7752164840698242,0.0009634256362915039
286,831,credit_amount,1216.0,1094.0,0.10032894736842106,1.0,0.0,0.0,0.0,0.7742530584335328,0.7737207174301147,-0.0005323410034179688
287,831,credit_amount,1216.0,1155.0,0.05016447368421053,1.0,0.0,0.0,0.0,0.7742530584335328,0.77246253490448,-0.0017905235290527344
288,831,duration,18.0,4.0,0.7777777777777778,1.0,0.2,0.2,0.2,0.7742530584335328,0.5496766090393066,-0.22457644939422608
289,831,duration,18.0,6.0,0.6666666666666666,1.0,0.1,0.1,0.1,0.7742530584335328,0.5900674015283585,-0.18418565690517424
290,831,duration,18.0,7.0,0.6111111111111112,1.0,0.1,0.1,0.0,0.7742530584335328,0.6021379113197327,-0.17211514711380005
291,831,duration,18.0,8.0,0.5555555555555556,1.0,0.0,0.0,0.0,0.7742530584335328,0.6130585670471191,-0.16119449138641356
292,831,duration,18.0,9.0,0.5,1.0,0.0,0.0,0.0,0.7742530584335328,0.655467975139618,-0.1187850832939148
293,831,duration,18.0,10.0,0.4444444444444444,1.0,0.0,0.0,0.0,0.7742530584335328,0.6507362365722656,-0.12351682186126708
294,831,duration,18.0,11.0,0.3888888888888889,1.0,0.0,0.0,0.0,0.7742530584335328,0.6507673740386963,-0.12348568439483643
295,831,duration,18.0,12.0,0.3333333333333333,1.0,0.0,0.0,0.0,0.7742530584335328,0.7131123125553132,-0.061140745878219604
296,831,duration,18.0,13.0,0.2777777777777778,1.0,0.0,0.0,0.0,0.7742530584335328,0.7036361753940582,-0.07061688303947448
297,831,duration,18.0,14.0,0.2222222222222222,1.0,0.0,0.0,0.0,0.7742530584335328,0.7175549566745758,-0.05669810175895691
298,831,duration,18.0,15.0,0.16666666666666666,1.0,0.0,0.0,0.0,0.7742530584335328,0.7260899841785431,-0.04816307425498963
299,831,duration,18.0,16.0,0.1111111111111111,1.0,0.0,0.0,0.0,0.7742530584335328,0.7580868303775787,-0.01616622805595398
300,739,credit_amount,4280.0,1070.0,0.75,1.0,0.0,0.0,0.0,0.6527226448059082,0.6643146812915802,0.011592036485671997
301,739,credit_amount,4280.0,1284.0,0.7,1.0,0.0,0.0,0.0,0.6527226448059082,0.6653102338314056,0.012587589025497437
302,739,credit_amount,4280.0,1498.0,0.65,1.0,0.0,0.0,0.0,0.6527226448059082,0.6585212409496307,0.005798596143722534
303,739,credit_amount,4280.0,1712.0,0.6,1.0,0.0,0.0,0.0,0.6527226448059082,0.6609159171581268,0.008193272352218627
304,739,credit_amount,4280.0,1926.0,0.55,1.0,0.0,0.0,0.0,0.6527226448059082,0.659333473443985,0.006610828638076782
305,739,credit_amount,4280.0,2140.0,0.5,1.0,0.0,0.0,0.0,0.6527226448059082,0.655025327205658,0.0023026823997497558
306,739,credit_amount,4280.0,2354.0,0.45,1.0,0.0,0.0,0.0,0.6527226448059082,0.6549309730529785,0.0022083282470703124
307,739,credit_amount,4280.0,2568.0,0.4,1.0,0.0,0.0,0.0,0.6527226448059082,0.6528872609138489,0.00016461610794067384
308,739,credit_amount,4280.0,2782.0,0.35,1.0,0.0,0.0,0.0,0.6527226448059082,0.6525763869285583,-0.00014625787734985353
309,739,credit_amount,4280.0,2996.0,0.3,1.0,0.0,0.0,0.0,0.6527226448059082,0.6485794425010681,-0.0041432023048400875
310,739,credit_amount,4280.0,3210.0,0.25,1.0,0.0,0.0,0.0,0.6527226448059082,0.6492601871490479,-0.0034624576568603516
311,739,credit_amount,4280.0,3424.0,0.2,1.0,0.0,0.0,0.0,0.6527226448059082,0.6484441101551056,-0.004278534650802612
312,739,credit_amount,4280.0,3638.0,0.15,1.0,0.0,0.0,0.0,0.6527226448059082,0.6429304540157318,-0.009792190790176392
313,739,credit_amount,4280.0,3852.0,0.1,1.0,0.0,0.0,0.0,0.6527226448059082,0.6488997280597687,-0.0038229167461395265
314,739,credit_amount,4280.0,4066.0,0.05,1.0,0.0,0.0,0.0,0.6527226448059082,0.6520164966583252,-0.0007061481475830079
315,739,duration,30.0,4.0,0.8666666666666667,1.0,0.4,0.4,0.2,0.6527226448059082,0.5105580717325211,-0.14216457307338715
316,739,duration,30.0,6.0,0.8,1.0,0.3,0.3,0.2,0.6527226448059082,0.5185090005397797,-0.13421364426612853
317,739,duration,30.0,7.0,0.7666666666666667,1.0,0.3,0.3,0.3,0.6527226448059082,0.5144374668598175,-0.1382851779460907
318,739,duration,30.0,8.0,0.7333333333333333,1.0,0.3,0.3,0.2,0.6527226448059082,0.5193738460540771,-0.13334879875183106
319,739,duration,30.0,9.0,0.7,1.0,0.2,0.2,0.1,0.6527226448059082,0.5405336529016495,-0.11218899190425873
320,739,duration,30.0,10.0,0.6666666666666666,1.0,0.3,0.3,0.2,0.6527226448059082,0.5341260373592377,-0.11859660744667053
321,739,duration,30.0,11.0,0.6333333333333333,1.0,0.2,0.2,0.2,0.6527226448059082,0.5304246783256531,-0.12229796648025512
322,739,duration,30.0,12.0,0.6,1.0,0.0,0.0,0.0,0.6527226448059082,0.5635604977607727,-0.0891621470451355
323,739,duration,30.0,13.0,0.5666666666666667,1.0,0.2,0.2,0.0,0.6527226448059082,0.5523468106985092,-0.10037583410739899
324,739,duration,30.0,14.0,0.5333333333333333,1.0,0.2,0.2,0.0,0.6527226448059082,0.5629000067710876,-0.08982263803482056
325,739,duration,30.0,15.0,0.5,1.0,0.0,0.0,0.0,0.6527226448059082,0.5688425242900849,-0.08388012051582336
326,739,duration,30.0,16.0,0.4666666666666667,1.0,0.0,0.0,0.0,0.6527226448059082,0.5927500307559967,-0.0599726140499115
327,739,duration,30.0,18.0,0.4,1.0,0.0,0.0,0.0,0.6527226448059082,0.6041869640350341,-0.04853568077087402
328,739,duration,30.0,20.0,0.3333333333333333,1.0,0.0,0.0,0.0,0.6527226448059082,0.5934458613395691,-0.05927678346633911
329,739,duration,30.0,21.0,0.3,1.0,0.0,0.0,0.0,0.6527226448059082,0.6099786877632141,-0.04274395704269409
330,739,duration,30.0,22.0,0.26666666666666666,1.0,0.0,0.0,0.0,0.6527226448059082,0.5992967545986175,-0.05342589020729065
331,739,duration,30.0,24.0,0.2,1.0,0.0,0.0,0.0,0.6527226448059082,0.6319898426532745,-0.020732802152633668
332,739,duration,30.0,26.0,0.13333333333333333,1.0,0.0,0.0,0.0,0.6527226448059082,0.6302223205566406,-0.022500324249267577
333,739,duration,30.0,27.0,0.1,1.0,0.0,0.0,0.0,0.6527226448059082,0.637376457452774,-0.015346187353134155
334,739,duration,30.0,28.0,0.06666666666666667,1.0,0.0,0.0,0.0,0.6527226448059082,0.641973477602005,-0.010749167203903199
335,1,credit_amount,5951.0,1488.0,0.7499579902537389,0.8,0.7,0.5,0.2,0.5295865803956985,0.4843751400709152,-0.045211440324783324
336,1,credit_amount,5951.0,1785.0,0.7000504116955134,0.8,0.7,0.5,0.1,0.5295865803956985,0.49133363664150237,-0.03825294375419617
337,1,credit_amount,5951.0,2083.0,0.6499747941522434,0.8,0.6,0.4,0.1,0.5295865803956985,0.49526615142822267,-0.03432042896747589
338,1,credit_amount,5951.0,2380.0,0.6000672155940178,0.8,0.4,0.2,0.1,0.5295865803956985,0.4998751014471054,-0.02971147894859314
339,1,credit_amount,5951.0,2678.0,0.5499915980507478,0.8,0.4,0.2,0.0,0.5295865803956985,0.5020731657743454,-0.02751341462135315
340,1,credit_amount,5951.0,2976.0,0.4999159805074777,0.8,0.4,0.2,0.1,0.5295865803956985,0.4987203776836395,-0.03086620271205902
341,1,credit_amount,5951.0,3273.0,0.45000840194925223,0.8,0.4,0.2,0.0,0.5295865803956985,0.5033818572759629,-0.026204723119735717
342,1,credit_amount,5951.0,3571.0,0.3999327844059822,0.8,0.5,0.3,0.1,0.5295865803956985,0.5006424754858017,-0.02894410490989685
343,1,credit_amount,5951.0,3868.0,0.3500252058477567,0.8,0.5,0.3,0.1,0.5295865803956985,0.5030935734510422,-0.026493006944656373
344,1,credit_amount,5951.0,4166.0,0.29994958830448665,0.8,0.4,0.2,0.0,0.5295865803956985,0.5133817195892334,-0.01620486080646515
345,1,credit_amount,5951.0,4463.0,0.2500420097462611,0.8,0.2,0.0,0.0,0.5295865803956985,0.5182319343090057,-0.01135464608669281
346,1,credit_amount,5951.0,4761.0,0.1999663922029911,0.8,0.2,0.0,0.0,0.5295865803956985,0.5235562920570374,-0.006030288338661194
347,1,credit_amount,5951.0,5058.0,0.1500588136447656,0.8,0.2,0.0,0.0,0.5295865803956985,0.5227515786886215,-0.0068350017070770265
348,1,credit_amount,5951.0,5356.0,0.09998319610149554,0.8,0.2,0.0,0.0,0.5295865803956985,0.5250463396310806,-0.00454024076461792
349,1,credit_amount,5951.0,5653.0,0.050075617543270036,0.8,0.2,0.0,0.0,0.5295865803956985,0.5270467907190323,-0.0025397896766662597
350,1,duration,48.0,4.0,0.9166666666666666,0.8,1.0,0.8,0.7,0.5295865803956985,0.2221659392118454,-0.30742064118385315
351,1,duration,48.0,6.0,0.875,0.8,1.0,0.8,0.7,0.5295865803956985,0.22817081660032273,-0.3014157637953758
352,1,duration,48.0,7.0,0.8541666666666666,0.8,1.0,0.8,0.7,0.5295865803956985,0.22517612874507903,-0.30441045165061953
353,1,duration,48.0,8.0,0.8333333333333334,0.8,1.0,0.8,0.7,0.5295865803956985,0.22874073386192323,-0.30084584653377533
354,1,duration,48.0,9.0,0.8125,0.8,1.0,0.8,0.7,0.5295865803956985,0.24856138676404954,-0.281025193631649
355,1,duration,48.0,10.0,0.7916666666666666,0.8,1.0,0.8,0.7,0.5295865803956985,0.24141499549150466,-0.28817158490419387
356,1,duration,48.0,11.0,0.7708333333333334,0.8,1.0,0.8,0.7,0.5295865803956985,0.23882449865341188,-0.2907620817422867
357,1,duration,48.0,12.0,0.75,0.8,1.0,0.8,0.7,0.5295865803956985,0.2737037852406502,-0.25588279515504836
358,1,duration,48.0,13.0,0.7291666666666666,0.8,1.0,0.8,0.7,0.5295865803956985,0.2669518366456032,-0.2626347437500954
359,1,duration,48.0,14.0,0.7083333333333334,0.8,1.0,0.8,0.7,0.5295865803956985,0.2751298904418945,-0.254456689953804
360,1,duration,48.0,15.0,0.6875,0.8,1.0,0.8,0.7,0.5295865803956985,0.28289667069911956,-0.24668990969657897
361,1,duration,48.0,16.0,0.6666666666666666,0.8,1.0,0.8,0.7,0.5295865803956985,0.310191684961319,-0.21939489543437957
362,1,duration,48.0,18.0,0.625,0.8,1.0,0.8,0.7,0.5295865803956985,0.3247439295053482,-0.20484265089035034
363,1,duration,48.0,20.0,0.5833333333333334,0.8,1.0,0.8,0.7,0.5295865803956985,0.3234364062547684,-0.20615017414093018
364,1,duration,48.0,21.0,0.5625,0.8,1.0,0.8,0.7,0.5295865803956985,0.33791232109069824,-0.19167425930500032
365,1,duration,48.0,22.0,0.5416666666666666,0.8,1.0,0.8,0.7,0.5295865803956985,0.3273081719875336,-0.20227840840816497
366,1,duration,48.0,24.0,0.5,0.8,1.0,0.8,0.7,0.5295865803956985,0.36657475531101225,-0.16301182508468628
367,1,duration,48.0,26.0,0.4583333333333333,0.8,1.0,0.8,0.7,0.5295865803956985,0.37365696132183074,-0.1559296190738678
368,1,duration,48.0,27.0,0.4375,0.8,1.0,0.8,0.7,0.5295865803956985,0.3810846030712128,-0.14850197732448578
369,1,duration,48.0,28.0,0.4166666666666667,0.8,1.0,0.8,0.7,0.5295865803956985,0.38731378614902495,-0.14227279424667358
370,1,duration,48.0,30.0,0.375,0.8,1.0,0.8,0.7,0.5295865803956985,0.40455272495746614,-0.12503385543823242
371,1,duration,48.0,33.0,0.3125,0.8,1.0,0.8,0.7,0.5295865803956985,0.4113193154335022,-0.11826726496219635
372,1,duration,48.0,36.0,0.25,0.8,0.8,0.6,0.4,0.5295865803956985,0.45118593871593476,-0.0784006416797638
373,1,duration,48.0,39.0,0.1875,0.8,0.7,0.5,0.4,0.5295865803956985,0.4600087434053421,-0.06957783699035644
374,1,duration,48.0,40.0,0.16666666666666666,0.8,0.7,0.5,0.3,0.5295865803956985,0.4730624556541443,-0.05652412474155426
375,1,duration,48.0,42.0,0.125,0.8,0.7,0.5,0.3,0.5295865803956985,0.47414774596691134,-0.055438834428787234
376,1,duration,48.0,45.0,0.0625,0.8,0.4,0.2,0.1,0.5295865803956985,0.4910064071416855,-0.03858017325401306
377,1,duration,48.0,47.0,0.020833333333333332,0.8,0.4,0.2,0.1,0.5295865803956985,0.4913610577583313,-0.03822552263736725
378,166,credit_amount,1131.0,283.0,0.7497789566755084,1.0,0.0,0.0,0.0,0.688104909658432,0.6803689062595367,-0.007736003398895264
379,166,credit_amount,1131.0,339.0,0.7002652519893899,1.0,0.0,0.0,0.0,0.688104909658432,0.6821863114833832,-0.0059185981750488285
380,166,credit_amount,1131.0,396.0,0.649867374005305,1.0,0.0,0.0,0.0,0.688104909658432,0.6873900115489959,-0.0007148981094360352
381,166,credit_amount,1131.0,452.0,0.6003536693191865,1.0,0.0,0.0,0.0,0.688104909658432,0.6901543855667114,0.002049475908279419
382,166,credit_amount,1131.0,509.0,0.5499557913351016,1.0,0.0,0.0,0.0,0.688104909658432,0.6889691591262818,0.0008642494678497315
383,166,credit_amount,1131.0,566.0,0.4995579133510168,1.0,0.0,0.0,0.0,0.688104909658432,0.6909978806972503,0.0028929710388183594
384,166,credit_amount,1131.0,622.0,0.4500442086648983,1.0,0.0,0.0,0.0,0.688104909658432,0.6930577516555786,0.004952841997146606
385,166,credit_amount,1131.0,679.0,0.39964633068081346,1.0,0.0,0.0,0.0,0.688104909658432,0.6958924531936646,0.007787543535232544
386,166,credit_amount,1131.0,735.0,0.35013262599469497,1.0,0.0,0.0,0.0,0.688104909658432,0.6970147371292115,0.00890982747077942
387,166,credit_amount,1131.0,792.0,0.29973474801061006,1.0,0.0,0.0,0.0,0.688104909658432,0.6966448366641999,0.008539927005767823
388,166,credit_amount,1131.0,848.0,0.2502210433244916,1.0,0.0,0.0,0.0,0.688104909658432,0.6954216897487641,0.007316780090332031
389,166,credit_amount,1131.0,905.0,0.19982316534040673,1.0,0.0,0.0,0.0,0.688104909658432,0.6969383180141449,0.00883340835571289
390,166,credit_amount,1131.0,961.0,0.15030946065428824,1.0,0.0,0.0,0.0,0.688104909658432,0.6909478008747101,0.0028428912162780763
391,166,credit_amount,1131.0,1018.0,0.09991158267020336,1.0,0.0,0.0,0.0,0.688104909658432,0.6893514215946197,0.0012465119361877441
392,166,credit_amount,1131.0,1074.0,0.050397877984084884,1.0,0.0,0.0,0.0,0.688104909658432,0.6882460057735443,0.00014109611511230468
393,166,duration,18.0,4.0,0.7777777777777778,1.0,1.0,1.0,0.7,0.688104909658432,0.43532387912273407,-0.25278103053569795
394,166,duration,18.0,6.0,0.6666666666666666,1.0,0.6,0.6,0.4,0.688104909658432,0.466702800989151,-0.221402108669281
395,166,duration,18.0,7.0,0.6111111111111112,1.0,0.6,0.6,0.4,0.688104909658432,0.48415291011333467,-0.20395199954509735
396,166,duration,18.0,8.0,0.5555555555555556,1.0,0.5,0.5,0.2,0.688104909658432,0.4942250311374664,-0.19387987852096558
397,166,duration,18.0,9.0,0.5,1.0,0.2,0.2,0.2,0.688104909658432,0.5385576128959656,-0.14954729676246642
398,166,duration,18.0,10.0,0.4444444444444444,1.0,0.2,0.2,0.2,0.688104909658432,0.5393281161785126,-0.14877679347991943
399,166,duration,18.0,11.0,0.3888888888888889,1.0,0.2,0.2,0.2,0.688104909658432,0.5360509008169174,-0.1520540088415146
400,166,duration,18.0,12.0,0.3333333333333333,1.0,0.0,0.0,0.0,0.688104909658432,0.6055571496486664,-0.08254776000976563
401,166,duration,18.0,13.0,0.2777777777777778,1.0,0.1,0.1,0.0,0.688104909658432,0.6018509209156037,-0.08625398874282837
402,166,duration,18.0,14.0,0.2222222222222222,1.0,0.0,0.0,0.0,0.688104909658432,0.6137655019760132,-0.07433940768241883
403,166,duration,18.0,15.0,0.16666666666666666,1.0,0.0,0.0,0.0,0.688104909658432,0.6244225919246673,-0.06368231773376465
404,166,duration,18.0,16.0,0.1111111111111111,1.0,0.0,0.0,0.0,0.688104909658432,0.6647450625896454,-0.023359847068786622
405,199,credit_amount,4297.0,1074.0,0.750058180125669,0.8,0.1,0.0,0.0,0.5610564976930619,0.5629272222518921,0.0018707245588302612
406,199,credit_amount,4297.0,1289.0,0.7000232720502676,0.8,0.1,0.0,0.0,0.5610564976930619,0.561913537979126,0.000857040286064148
407,199,credit_amount,4297.0,1504.0,0.6499883639748661,0.8,0.2,0.0,0.0,0.5610564976930619,0.5545482695102691,-0.006508228182792663
408,199,credit_amount,4297.0,1719.0,0.5999534558994647,0.8,0.2,0.0,0.0,0.5610564976930619,0.5507214188575744,-0.010335078835487366
409,199,credit_amount,4297.0,1934.0,0.5499185478240634,0.8,0.2,0.0,0.0,0.5610564976930619,0.5511744469404221,-0.00988205075263977
410,199,credit_amount,4297.0,2148.0,0.5001163602513381,0.8,0.2,0.0,0.0,0.5610564976930619,0.5474901556968689,-0.013566341996192933
411,199,credit_amount,4297.0,2363.0,0.4500814521759367,0.8,0.2,0.0,0.0,0.5610564976930619,0.5436289519071579,-0.01742754578590393
412,199,credit_amount,4297.0,2578.0,0.40004654410053525,0.8,0.3,0.1,0.0,0.5610564976930619,0.5453746795654297,-0.01568181812763214
413,199,credit_amount,4297.0,2793.0,0.3500116360251338,0.8,0.3,0.1,0.0,0.5610564976930619,0.543862521648407,-0.017193976044654845
414,199,credit_amount,4297.0,3008.0,0.29997672794973235,0.8,0.3,0.1,0.0,0.5610564976930619,0.5412192046642303,-0.01983729302883148
415,199,credit_amount,4297.0,3223.0,0.24994181987433092,0.8,0.3,0.1,0.0,0.5610564976930619,0.5442183136940002,-0.016838183999061583
416,199,credit_amount,4297.0,3438.0,0.1999069117989295,0.8,0.3,0.1,0.0,0.5610564976930619,0.5436308920383454,-0.017425605654716493
417,199,credit_amount,4297.0,3652.0,0.15010472422620433,0.8,0.3,0.1,0.0,0.5610564976930619,0.5433638721704483,-0.017692625522613525
418,199,credit_amount,4297.0,3867.0,0.10006981615080289,0.8,0.3,0.1,0.0,0.5610564976930619,0.5484375089406968,-0.012618988752365112
419,199,credit_amount,4297.0,4082.0,0.050034908075401445,0.8,0.2,0.0,0.0,0.5610564976930619,0.5578913122415543,-0.0031651854515075684
420,199,duration,18.0,4.0,0.7777777777777778,0.8,0.6,0.4,0.2,0.5610564976930619,0.4690473169088364,-0.09200918078422546
421,199,duration,18.0,6.0,0.6666666666666666,0.8,0.5,0.3,0.2,0.5610564976930619,0.47700444161891936,-0.08405205607414246
422,199,duration,18.0,7.0,0.6111111111111112,0.8,0.6,0.4,0.2,0.5610564976930619,0.47353093326091766,-0.08752556443214417
423,199,duration,18.0,8.0,0.5555555555555556,0.8,0.6,0.4,0.2,0.5610564976930619,0.47866115570068357,-0.08239534199237823
424,199,duration,18.0,9.0,0.5,0.8,0.4,0.2,0.1,0.5610564976930619,0.5013052374124527,-0.059751260280609134
425,199,duration,18.0,10.0,0.4444444444444444,0.8,0.4,0.2,0.1,0.5610564976930619,0.4947726190090179,-0.06628387868404388
426,199,duration,18.0,11.0,0.3888888888888889,0.8,0.6,0.4,0.1,0.5610564976930619,0.49044502675533297,-0.07061147093772888
427,199,duration,18.0,12.0,0.3333333333333333,0.8,0.4,0.2,0.1,0.5610564976930619,0.5231496244668961,-0.037906873226165774
428,199,duration,18.0,13.0,0.2777777777777778,0.8,0.5,0.3,0.1,0.5610564976930619,0.5138154625892639,-0.047241035103797915
429,199,duration,18.0,14.0,0.2222222222222222,0.8,0.4,0.2,0.0,0.5610564976930619,0.5211007505655288,-0.039955747127532956
430,199,duration,18.0,15.0,0.16666666666666666,0.8,0.4,0.2,0.1,0.5610564976930619,0.5259505301713944,-0.03510596752166748
431,199,duration,18.0,16.0,0.1111111111111111,0.8,0.3,0.1,0.0,0.5610564976930619,0.5502743929624557,-0.01078210473060608
432,840,credit_amount,5179.0,1295.0,0.7499517281328442,1.0,0.0,0.0,0.0,0.5851056158542634,0.5516218662261962,-0.033483749628067015
433,840,credit_amount,5179.0,1554.0,0.699942073759413,1.0,0.0,0.0,0.0,0.5851056158542634,0.5513970077037811,-0.033708608150482176
434,840,credit_amount,5179.0,1813.0,0.6499324193859819,1.0,0.0,0.0,0.0,0.5851056158542634,0.5574488282203675,-0.027656787633895875
435,840,credit_amount,5179.0,2072.0,0.5999227650125507,1.0,0.0,0.0,0.0,0.5851056158542634,0.560926765203476,-0.024178850650787353
436,840,credit_amount,5179.0,2331.0,0.5499131106391195,1.0,0.0,0.0,0.0,0.5851056158542634,0.5610385060310363,-0.024067109823226927
437,840,credit_amount,5179.0,2590.0,0.4999034562656884,1.0,0.0,0.0,0.0,0.5851056158542634,0.5654404938220978,-0.019665122032165527
438,840,credit_amount,5179.0,2848.0,0.4500868893608805,1.0,0.1,0.1,0.0,0.5851056158542634,0.5610350012779236,-0.024070614576339723
439,840,credit_amount,5179.0,3107.0,0.4000772349874493,1.0,0.1,0.1,0.0,0.5851056158542634,0.5656186014413833,-0.019487014412879942
440,840,credit_amount,5179.0,3366.0,0.35006758061401816,1.0,0.0,0.0,0.0,0.5851056158542634,0.5675422549247742,-0.017563360929489135
441,840,credit_amount,5179.0,3625.0,0.30005792624058697,1.0,0.1,0.1,0.0,0.5851056158542634,0.5613163709640503,-0.023789244890213012
442,840,credit_amount,5179.0,3884.0,0.25004827186715584,1.0,0.0,0.0,0.0,0.5851056158542634,0.5686571896076202,-0.016448426246643066
443,840,credit_amount,5179.0,4143.0,0.20003861749372465,1.0,0.0,0.0,0.0,0.5851056158542634,0.5789391458034515,-0.006166470050811767
444,840,credit_amount,5179.0,4402.0,0.15002896312029348,1.0,0.0,0.0,0.0,0.5851056158542634,0.582419615983963,-0.002685999870300293
445,840,credit_amount,5179.0,4661.0,0.10001930874686232,1.0,0.0,0.0,0.0,0.5851056158542634,0.5809925854206085,-0.004113030433654785
446,840,credit_amount,5179.0,4920.0,0.05000965437343116,1.0,0.0,0.0,0.0,0.5851056158542634,0.5887075304985047,0.003601914644241333
447,840,duration,36.0,4.0,0.8888888888888888,1.0,1.0,1.0,1.0,0.5851056158542634,0.3527820140123367,-0.23232360184192657
448,840,duration,36.0,6.0,0.8333333333333334,1.0,1.0,1.0,1.0,0.5851056158542634,0.358099190890789,-0.22700642496347428
449,840,duration,36.0,7.0,0.8055555555555556,1.0,1.0,1.0,1.0,0.5851056158542634,0.3558054268360138,-0.2293001890182495
450,840,duration,36.0,8.0,0.7777777777777778,1.0,1.0,1.0,1.0,0.5851056158542634,0.361355921626091,-0.2237496942281723
451,840,duration,36.0,9.0,0.75,1.0,1.0,1.0,1.0,0.5851056158542634,0.38928685188293455,-0.19581876397132875
452,840,duration,36.0,10.0,0.7222222222222222,1.0,1.0,1.0,1.0,0.5851056158542634,0.37792045772075655,-0.20718515813350677
453,840,duration,36.0,11.0,0.6944444444444444,1.0,1.0,1.0,1.0,0.5851056158542634,0.3697885811328888,-0.2153170347213745
454,840,duration,36.0,12.0,0.6666666666666666,1.0,1.0,1.0,0.9,0.5851056158542634,0.4162213087081909,-0.1688843071460724
455,840,duration,36.0,13.0,0.6388888888888888,1.0,1.0,1.0,1.0,0.5851056158542634,0.39965292513370515,-0.18545269072055817
456,840,duration,36.0,14.0,0.6111111111111112,1.0,1.0,1.0,1.0,0.5851056158542634,0.4078398376703262,-0.17726577818393707
457,840,duration,36.0,15.0,0.5833333333333334,1.0,1.0,1.0,1.0,0.5851056158542634,0.41115317642688753,-0.1739524394273758
458,840,duration,36.0,16.0,0.5555555555555556,1.0,1.0,1.0,0.8,0.5851056158542634,0.4466736435890198,-0.13843197226524354
459,840,duration,36.0,18.0,0.5,1.0,0.9,0.9,0.6,0.5851056158542634,0.4587084621191025,-0.12639715373516083
460,840,duration,36.0,20.0,0.4444444444444444,1.0,0.9,0.9,0.7,0.5851056158542634,0.4510955780744553,-0.13401003777980805
461,840,duration,36.0,21.0,0.4166666666666667,1.0,0.9,0.9,0.5,0.5851056158542634,0.467062783241272,-0.11804283261299134
462,840,duration,36.0,22.0,0.3888888888888889,1.0,1.0,1.0,0.6,0.5851056158542634,0.45388694405555724,-0.13121867179870605
463,840,duration,36.0,24.0,0.3333333333333333,1.0,0.5,0.5,0.4,0.5851056158542634,0.49881483912467955,-0.08629077672958374
464,840,duration,36.0,26.0,0.2777777777777778,1.0,0.5,0.5,0.3,0.5851056158542634,0.5012314885854721,-0.0838741272687912
465,840,duration,36.0,27.0,0.25,1.0,0.4,0.4,0.3,0.5851056158542634,0.5124634087085724,-0.07264220714569092
466,840,duration,36.0,28.0,0.2222222222222222,1.0,0.2,0.2,0.1,0.5851056158542634,0.5225756078958511,-0.06253000795841217
467,840,duration,36.0,30.0,0.16666666666666666,1.0,0.2,0.2,0.0,0.5851056158542634,0.5399752140045166,-0.045130401849746704
468,840,duration,36.0,33.0,0.08333333333333333,1.0,0.1,0.1,0.0,0.5851056158542634,0.5418085217475891,-0.04329709410667419
469,853,credit_amount,1442.0,360.0,0.7503467406380028,1.0,0.0,0.0,0.0,0.7769188463687897,0.7691482841968537,-0.007770562171936035
470,853,credit_amount,1442.0,433.0,0.6997226074895978,1.0,0.0,0.0,0.0,0.7769188463687897,0.7730565249919892,-0.003862321376800537
471,853,credit_amount,1442.0,505.0,0.6497919556171984,1.0,0.0,0.0,0.0,0.7769188463687897,0.7768742978572846,-4.454851150512695e-05
472,853,credit_amount,1442.0,577.0,0.5998613037447988,1.0,0.0,0.0,0.0,0.7769188463687897,0.7778155267238617,0.0008966803550720214
473,853,credit_amount,1442.0,649.0,0.5499306518723994,1.0,0.0,0.0,0.0,0.7769188463687897,0.7817327797412872,0.004813933372497558
474,853,credit_amount,1442.0,721.0,0.5,1.0,0.0,0.0,0.0,0.7769188463687897,0.7827917218208313,0.005872875452041626
475,853,credit_amount,1442.0,793.0,0.4500693481276006,1.0,0.0,0.0,0.0,0.7769188463687897,0.7836890518665314,0.006770205497741699
476,853,credit_amount,1442.0,865.0,0.4001386962552011,1.0,0.0,0.0,0.0,0.7769188463687897,0.783504867553711,0.006586021184921265
477,853,credit_amount,1442.0,937.0,0.3502080443828017,1.0,0.0,0.0,0.0,0.7769188463687897,0.7839092314243317,0.006990385055541992
478,853,credit_amount,1442.0,1009.0,0.3002773925104022,1.0,0.0,0.0,0.0,0.7769188463687897,0.7813446223735809,0.00442577600479126
479,853,credit_amount,1442.0,1082.0,0.24965325936199723,1.0,0.0,0.0,0.0,0.7769188463687897,0.7801797926425934,0.003260946273803711
480,853,credit_amount,1442.0,1154.0,0.19972260748959778,1.0,0.0,0.0,0.0,0.7769188463687897,0.7816789805889129,0.004760134220123291
481,853,credit_amount,1442.0,1226.0,0.14979195561719832,1.0,0.0,0.0,0.0,0.7769188463687897,0.7834947168827057,0.006575870513916016
482,853,credit_amount,1442.0,1298.0,0.09986130374479889,1.0,0.0,0.0,0.0,0.7769188463687897,0.7826528787612915,0.005734032392501831
483,853,credit_amount,1442.0,1370.0,0.049930651872399444,1.0,0.0,0.0,0.0,0.7769188463687897,0.7794678747653961,0.0025490283966064452
484,853,duration,18.0,4.0,0.7777777777777778,1.0,0.1,0.1,0.0,0.7769188463687897,0.6093395501375198,-0.16757929623126983
485,853,duration,18.0,6.0,0.6666666666666666,1.0,0.0,0.0,0.0,0.7769188463687897,0.6457791566848755,-0.13113968968391418
486,853,duration,18.0,7.0,0.6111111111111112,1.0,0.0,0.0,0.0,0.7769188463687897,0.6574364840984345,-0.11948236227035522
487,853,duration,18.0,8.0,0.5555555555555556,1.0,0.0,0.0,0.0,0.7769188463687897,0.6655483365058898,-0.11137050986289979
488,853,duration,18.0,9.0,0.5,1.0,0.0,0.0,0.0,0.7769188463687897,0.6978476941585541,-0.0790711522102356
489,853,duration,18.0,10.0,0.4444444444444444,1.0,0.0,0.0,0.0,0.7769188463687897,0.6935165882110595,-0.0834022581577301
490,853,duration,18.0,11.0,0.3888888888888889,1.0,0.0,0.0,0.0,0.7769188463687897,0.691285353899002,-0.0856334924697876
491,853,duration,18.0,12.0,0.3333333333333333,1.0,0.0,0.0,0.0,0.7769188463687897,0.735147500038147,-0.0417713463306427
492,853,duration,18.0,13.0,0.2777777777777778,1.0,0.0,0.0,0.0,0.7769188463687897,0.7283780395984649,-0.048540806770324706
493,853,duration,18.0,14.0,0.2222222222222222,1.0,0.0,0.0,0.0,0.7769188463687897,0.7367288291454315,-0.04019001722335815
494,853,duration,18.0,15.0,0.16666666666666666,1.0,0.0,0.0,0.0,0.7769188463687897,0.7452944815158844,-0.031624364852905276
495,853,duration,18.0,16.0,0.1111111111111111,1.0,0.0,0.0,0.0,0.7769188463687897,0.7641661942005158,-0.012752652168273926
496,431,credit_amount,11328.0,2832.0,0.75,1.0,0.9,0.9,0.7,0.5940893292427063,0.4363515108823776,-0.15773781836032869
497,431,credit_amount,11328.0,3398.0,0.7000353107344632,1.0,1.0,1.0,0.8,0.5940893292427063,0.431328672170639,-0.16276065707206727
498,431,credit_amount,11328.0,3965.0,0.6499823446327684,1.0,1.0,1.0,0.8,0.5940893292427063,0.4398962289094925,-0.15419310033321382
499,431,credit_amount,11328.0,4531.0,0.6000176553672316,1.0,0.9,0.9,0.8,0.5940893292427063,0.446434685587883,-0.1476546436548233
500,431,credit_amount,11328.0,5098.0,0.5499646892655368,1.0,0.9,0.9,0.7,0.5940893292427063,0.45515848994255065,-0.13893083930015565
501,431,credit_amount,11328.0,5664.0,0.5,1.0,0.9,0.9,0.6,0.5940893292427063,0.45774824023246763,-0.13634108901023864
502,431,credit_amount,11328.0,6230.0,0.4500353107344633,1.0,0.8,0.8,0.6,0.5940893292427063,0.46909967958927157,-0.12498964965343476
503,431,credit_amount,11328.0,6797.0,0.3999823446327684,1.0,0.6,0.6,0.5,0.5940893292427063,0.48104855716228484,-0.11304077208042144
504,431,credit_amount,11328.0,7363.0,0.3500176553672316,1.0,0.5,0.5,0.4,0.5940893292427063,0.4888973206281662,-0.1051920086145401
505,431,credit_amount,11328.0,7930.0,0.2999646892655367,1.0,0.4,0.4,0.2,0.5940893292427063,0.5053527474403381,-0.08873658180236817
506,431,credit_amount,11328.0,8496.0,0.25,1.0,0.3,0.3,0.1,0.5940893292427063,0.518113523721695,-0.07597580552101135
507,431,credit_amount,11328.0,9062.0,0.2000353107344633,1.0,0.1,0.1,0.0,0.5940893292427063,0.5351196020841599,-0.058969727158546446
508,431,credit_amount,11328.0,9629.0,0.14998234463276836,1.0,0.1,0.1,0.0,0.5940893292427063,0.550466924905777,-0.04362240433692932
509,431,credit_amount,11328.0,10195.0,0.10001765536723164,1.0,0.0,0.0,0.0,0.5940893292427063,0.5652050316333771,-0.028884297609329222
510,431,credit_amount,11328.0,10762.0,0.049964689265536724,1.0,0.0,0.0,0.0,0.5940893292427063,0.5770472347736358,-0.017042094469070436
511,431,duration,24.0,4.0,0.8333333333333334,1.0,0.4,0.4,0.3,0.5940893292427063,0.5125561118125915,-0.08153321743011474
512,431,duration,24.0,6.0,0.75,1.0,0.3,0.3,0.2,0.5940893292427063,0.5197203546762467,-0.07436897456645966
513,431,duration,24.0,7.0,0.7083333333333334,1.0,0.3,0.3,0.2,0.5940893292427063,0.5186719089746475,-0.07541742026805878
514,431,duration,24.0,8.0,0.6666666666666666,1.0,0.3,0.3,0.1,0.5940893292427063,0.5236622601747513,-0.07042706906795501
515,431,duration,24.0,9.0,0.625,1.0,0.1,0.1,0.1,0.5940893292427063,0.5441232442855835,-0.049966084957122806
516,431,duration,24.0,10.0,0.5833333333333334,1.0,0.2,0.2,0.1,0.5940893292427063,0.5346809208393097,-0.059408408403396604
517,431,duration,24.0,11.0,0.5416666666666666,1.0,0.2,0.2,0.1,0.5940893292427063,0.5318593591451645,-0.06222997009754181
518,431,duration,24.0,12.0,0.5,1.0,0.1,0.1,0.0,0.5940893292427063,0.5615952551364899,-0.03249407410621643
519,431,duration,24.0,13.0,0.4583333333333333,1.0,0.1,0.1,0.0,0.5940893292427063,0.5460590183734894,-0.04803031086921692
520,431,duration,24.0,14.0,0.4166666666666667,1.0,0.1,0.1,0.0,0.5940893292427063,0.553074836730957,-0.04101449251174927
521,431,duration,24.0,15.0,0.375,1.0,0.1,0.1,0.0,0.5940893292427063,0.5582817256450653,-0.03580760359764099
522,431,duration,24.0,16.0,0.3333333333333333,1.0,0.0,0.0,0.0,0.5940893292427063,0.5741224825382233,-0.01996684670448303
523,431,duration,24.0,18.0,0.25,1.0,0.0,0.0,0.0,0.5940893292427063,0.5822868406772613,-0.011802488565444946
524,431,duration,24.0,20.0,0.16666666666666666,1.0,0.0,0.0,0.0,0.5940893292427063,0.5713202714920044,-0.022769057750701906
525,431,duration,24.0,21.0,0.125,1.0,0.0,0.0,0.0,0.5940893292427063,0.5808772802352905,-0.013212049007415771
526,431,duration,24.0,22.0,0.08333333333333333,1.0,0.0,0.0,0.0,0.5940893292427063,0.5735041499137878,-0.020585179328918457
527,915,credit_amount,18424.0,4606.0,0.75,1.0,0.5,0.5,0.4,0.6601821422576905,0.5172504603862762,-0.1429316818714142
528,915,credit_amount,18424.0,5527.0,0.7000108554059922,1.0,0.5,0.5,0.3,0.6601821422576905,0.5174276292324066,-0.1427545130252838
529,915,credit_amount,18424.0,6448.0,0.6500217108119843,1.0,0.4,0.4,0.3,0.6601821422576905,0.5240779966115952,-0.13610414564609527
530,915,credit_amount,18424.0,7370.0,0.5999782891880157,1.0,0.4,0.4,0.2,0.6601821422576905,0.5271688401699066,-0.1330133020877838
531,915,credit_amount,18424.0,8291.0,0.5499891445940078,1.0,0.3,0.3,0.0,0.6601821422576905,0.5357011467218399,-0.12448099553585053
532,915,credit_amount,18424.0,9212.0,0.5,1.0,0.1,0.1,0.0,0.6601821422576905,0.5469227731227875,-0.11325936913490295
533,915,credit_amount,18424.0,10133.0,0.45001085540599217,1.0,0.1,0.1,0.0,0.6601821422576905,0.5589777529239655,-0.10120438933372497
534,915,credit_amount,18424.0,11054.0,0.40002171081198434,1.0,0.0,0.0,0.0,0.6601821422576905,0.5733661115169525,-0.08681603074073792
535,915,credit_amount,18424.0,11976.0,0.34997828918801566,1.0,0.0,0.0,0.0,0.6601821422576905,0.5904568135738373,-0.06972532868385314
536,915,credit_amount,18424.0,12897.0,0.29998914459400783,1.0,0.0,0.0,0.0,0.6601821422576905,0.603425794839859,-0.05675634741783142
537,915,credit_amount,18424.0,13818.0,0.25,1.0,0.0,0.0,0.0,0.6601821422576905,0.615285587310791,-0.04489655494689941
538,915,credit_amount,18424.0,14739.0,0.20001085540599217,1.0,0.0,0.0,0.0,0.6601821422576905,0.6272504806518555,-0.03293166160583496
539,915,credit_amount,18424.0,15660.0,0.15002171081198437,1.0,0.0,0.0,0.0,0.6601821422576905,0.6371471285820007,-0.0230350136756897
540,915,credit_amount,18424.0,16582.0,0.09997828918801563,1.0,0.0,0.0,0.0,0.6601821422576905,0.6463616847991943,-0.013820457458496093
541,915,credit_amount,18424.0,17503.0,0.049989144594007814,1.0,0.0,0.0,0.0,0.6601821422576905,0.653555017709732,-0.006627124547958374
542,915,duration,48.0,4.0,0.9166666666666666,1.0,0.0,0.0,0.0,0.6601821422576905,0.578327888250351,-0.08185425400733948
543,915,duration,48.0,6.0,0.875,1.0,0.0,0.0,0.0,0.6601821422576905,0.5888221859931946,-0.07135995626449584
544,915,duration,48.0,7.0,0.8541666666666666,1.0,0.0,0.0,0.0,0.6601821422576905,0.5874587953090668,-0.07272334694862366
545,915,duration,48.0,8.0,0.8333333333333334,1.0,0.0,0.0,0.0,0.6601821422576905,0.5906224966049194,-0.069559645652771
546,915,duration,48.0,9.0,0.8125,1.0,0.0,0.0,0.0,0.6601821422576905,0.6072346806526184,-0.05294746160507202
547,915,duration,48.0,10.0,0.7916666666666666,1.0,0.0,0.0,0.0,0.6601821422576905,0.6021227717399598,-0.05805937051773071
548,915,duration,48.0,11.0,0.7708333333333334,1.0,0.0,0.0,0.0,0.6601821422576905,0.5967866778373718,-0.0633954644203186
549,915,duration,48.0,12.0,0.75,1.0,0.0,0.0,0.0,0.6601821422576905,0.6193274974822998,-0.04085464477539062
550,915,duration,48.0,13.0,0.7291666666666666,1.0,0.0,0.0,0.0,0.6601821422576905,0.608161860704422,-0.05202028155326843
551,915,duration,48.0,14.0,0.7083333333333334,1.0,0.0,0.0,0.0,0.6601821422576905,0.6128739297389985,-0.047308212518692015
552,915,duration,48.0,15.0,0.6875,1.0,0.0,0.0,0.0,0.6601821422576905,0.6188992261886597,-0.04128291606903076
553,915,duration,48.0,16.0,0.6666666666666666,1.0,0.0,0.0,0.0,0.6601821422576905,0.6277743220329285,-0.03240782022476196
554,915,duration,48.0,18.0,0.625,1.0,0.0,0.0,0.0,0.6601821422576905,0.6339830756187439,-0.026199066638946535
555,915,duration,48.0,20.0,0.5833333333333334,1.0,0.0,0.0,0.0,0.6601821422576905,0.6251640319824219,-0.035018110275268556
556,915,duration,48.0,21.0,0.5625,1.0,0.0,0.0,0.0,0.6601821422576905,0.6328895509243011,-0.027292591333389283
557,915,duration,48.0,22.0,0.5416666666666666,1.0,0.0,0.0,0.0,0.6601821422576905,0.6256293296813965,-0.034552812576293945
558,915,duration,48.0,24.0,0.5,1.0,0.0,0.0,0.0,0.6601821422576905,0.6388983964920044,-0.021283745765686035
559,915,duration,48.0,26.0,0.4583333333333333,1.0,0.0,0.0,0.0,0.6601821422576905,0.633698844909668,-0.02648329734802246
560,915,duration,48.0,27.0,0.4375,1.0,0.0,0.0,0.0,0.6601821422576905,0.6368440985679626,-0.023338043689727785
561,915,duration,48.0,28.0,0.4166666666666667,1.0,0.0,0.0,0.0,0.6601821422576905,0.637190455198288,-0.022991687059402466
562,915,duration,48.0,30.0,0.375,1.0,0.0,0.0,0.0,0.6601821422576905,0.6414104878902436,-0.018771654367446898
563,915,duration,48.0,33.0,0.3125,1.0,0.0,0.0,0.0,0.6601821422576905,0.6413428604602813,-0.01883928179740906
564,915,duration,48.0,36.0,0.25,1.0,0.0,0.0,0.0,0.6601821422576905,0.6509015440940857,-0.009280598163604737
565,915,duration,48.0,39.0,0.1875,1.0,0.0,0.0,0.0,0.6601821422576905,0.6456984758377076,-0.01448366641998291
566,915,duration,48.0,40.0,0.16666666666666666,1.0,0.0,0.0,0.0,0.6601821422576905,0.6500557959079742,-0.010126346349716186
567,915,duration,48.0,42.0,0.125,1.0,0.0,0.0,0.0,0.6601821422576905,0.6476249754428863,-0.012557166814804076
568,915,duration,48.0,45.0,0.0625,1.0,0.0,0.0,0.0,0.6601821422576905,0.6507623851299286,-0.00941975712776184
569,915,duration,48.0,47.0,0.020833333333333332,1.0,0.0,0.0,0.0,0.6601821422576905,0.6481381535530091,-0.012043988704681397
570,141,credit_amount,4795.0,1199.0,0.7499478623566215,1.0,0.0,0.0,0.0,0.6937410652637481,0.6853461563587189,-0.008394908905029298
571,141,credit_amount,4795.0,1439.0,0.6998957247132429,1.0,0.0,0.0,0.0,0.6937410652637481,0.6795471131801605,-0.014193952083587646
572,141,credit_amount,4795.0,1678.0,0.6500521376433785,1.0,0.0,0.0,0.0,0.6937410652637481,0.6822679519653321,-0.011473113298416137
573,141,credit_amount,4795.0,1918.0,0.6,1.0,0.0,0.0,0.0,0.6937410652637481,0.6824542760849,-0.011286789178848266
574,141,credit_amount,4795.0,2158.0,0.5499478623566215,1.0,0.0,0.0,0.0,0.6937410652637481,0.6780661940574646,-0.01567487120628357
575,141,credit_amount,4795.0,2398.0,0.49989572471324295,1.0,0.0,0.0,0.0,0.6937410652637481,0.6771771907806396,-0.01656387448310852
576,141,credit_amount,4795.0,2637.0,0.45005213764337854,1.0,0.0,0.0,0.0,0.6937410652637481,0.6769108414649964,-0.01683022379875183
577,141,credit_amount,4795.0,2877.0,0.4,1.0,0.0,0.0,0.0,0.6937410652637481,0.6769917964935303,-0.016749268770217894
578,141,credit_amount,4795.0,3117.0,0.34994786235662145,1.0,0.0,0.0,0.0,0.6937410652637481,0.6768418848514557,-0.01689918041229248
579,141,credit_amount,4795.0,3356.0,0.30010427528675704,1.0,0.0,0.0,0.0,0.6937410652637481,0.6769629716873169,-0.016778093576431275
580,141,credit_amount,4795.0,3596.0,0.2500521376433785,1.0,0.0,0.0,0.0,0.6937410652637481,0.6708914697170257,-0.02284959554672241
581,141,credit_amount,4795.0,3836.0,0.2,1.0,0.0,0.0,0.0,0.6937410652637481,0.6791816473007202,-0.014559417963027954
582,141,credit_amount,4795.0,4076.0,0.14994786235662147,1.0,0.0,0.0,0.0,0.6937410652637481,0.6873783588409423,-0.006362706422805786
583,141,credit_amount,4795.0,4316.0,0.09989572471324296,1.0,0.0,0.0,0.0,0.6937410652637481,0.691005939245224,-0.00273512601852417
584,141,credit_amount,4795.0,4555.0,0.05005213764337852,1.0,0.0,0.0,0.0,0.6937410652637481,0.6909356415271759,-0.0028054237365722655
585,141,duration,36.0,4.0,0.8888888888888888,1.0,0.7,0.7,0.5,0.6937410652637481,0.4944548398256302,-0.19928622543811797
586,141,duration,36.0,6.0,0.8333333333333334,1.0,0.5,0.5,0.4,0.6937410652637481,0.5063452512025833,-0.18739581406116484
587,141,duration,36.0,7.0,0.8055555555555556,1.0,0.5,0.5,0.3,0.6937410652637481,0.504361879825592,-0.18937918543815613
588,141,duration,36.0,8.0,0.7777777777777778,1.0,0.5,0.5,0.4,0.6937410652637481,0.5094946712255478,-0.18424639403820037
589,141,duration,36.0,9.0,0.75,1.0,0.2,0.2,0.1,0.6937410652637481,0.5408152401447296,-0.15292582511901856
590,141,duration,36.0,10.0,0.7222222222222222,1.0,0.3,0.3,0.2,0.6937410652637481,0.5231656700372695,-0.17057539522647858
591,141,duration,36.0,11.0,0.6944444444444444,1.0,0.4,0.4,0.2,0.6937410652637481,0.5219973772764206,-0.1717436879873276
592,141,duration,36.0,12.0,0.6666666666666666,1.0,0.2,0.2,0.1,0.6937410652637481,0.5638805061578751,-0.1298605591058731
593,141,duration,36.0,13.0,0.6388888888888888,1.0,0.2,0.2,0.2,0.6937410652637481,0.5459106236696243,-0.14783044159412384
594,141,duration,36.0,14.0,0.6111111111111112,1.0,0.2,0.2,0.2,0.6937410652637481,0.5565945595502854,-0.13714650571346282
595,141,duration,36.0,15.0,0.5833333333333334,1.0,0.2,0.2,0.1,0.6937410652637481,0.5639263302087784,-0.1298147350549698
596,141,duration,36.0,16.0,0.5555555555555556,1.0,0.1,0.1,0.1,0.6937410652637481,0.5884601950645447,-0.10528087019920349
597,141,duration,36.0,18.0,0.5,1.0,0.1,0.1,0.0,0.6937410652637481,0.599085783958435,-0.09465528130531312
598,141,duration,36.0,20.0,0.4444444444444444,1.0,0.1,0.1,0.1,0.6937410652637481,0.5915530025959015,-0.10218806266784668
599,141,duration,36.0,21.0,0.4166666666666667,1.0,0.1,0.1,0.0,0.6937410652637481,0.6020413041114807,-0.09169976115226745
600,141,duration,36.0,22.0,0.3888888888888889,1.0,0.1,0.1,0.1,0.6937410652637481,0.5955698251724243,-0.09817124009132386
601,141,duration,36.0,24.0,0.3333333333333333,1.0,0.0,0.0,0.0,0.6937410652637481,0.6294082760810852,-0.06433278918266297
602,141,duration,36.0,26.0,0.2777777777777778,1.0,0.0,0.0,0.0,0.6937410652637481,0.6301562488079071,-0.06358481645584106
603,141,duration,36.0,27.0,0.25,1.0,0.0,0.0,0.0,0.6937410652637481,0.6360862374305725,-0.05765482783317566
604,141,duration,36.0,28.0,0.2222222222222222,1.0,0.0,0.0,0.0,0.6937410652637481,0.6436026394367218,-0.050138425827026364
605,141,duration,36.0,30.0,0.16666666666666666,1.0,0.0,0.0,0.0,0.6937410652637481,0.6564315736293793,-0.0373094916343689
606,141,duration,36.0,33.0,0.08333333333333333,1.0,0.0,0.0,0.0,0.6937410652637481,0.6615829169750214,-0.032158148288726804
607,944,credit_amount,1845.0,461.0,0.7501355013550135,0.8,0.1,0.0,0.0,0.5399618268013,0.5504787176847458,0.01051689088344574
608,944,credit_amount,1845.0,554.0,0.699728997289973,0.8,0.0,0.0,0.0,0.5399618268013,0.5536602914333344,0.013698464632034302
609,944,credit_amount,1845.0,646.0,0.6498644986449864,0.8,0.0,0.0,0.0,0.5399618268013,0.5549527466297149,0.014990919828414917
610,944,credit_amount,1845.0,738.0,0.6,0.8,0.0,0.0,0.0,0.5399618268013,0.5577467620372772,0.017784935235977174
611,944,credit_amount,1845.0,830.0,0.5501355013550135,0.8,0.0,0.0,0.0,0.5399618268013,0.5551905870437622,0.015228760242462159
612,944,credit_amount,1845.0,922.0,0.5002710027100271,0.8,0.0,0.0,0.0,0.5399618268013,0.5561062932014466,0.016144466400146485
613,944,credit_amount,1845.0,1015.0,0.44986449864498645,0.8,0.1,0.0,0.0,0.5399618268013,0.5515766471624375,0.01161482036113739
614,944,credit_amount,1845.0,1107.0,0.4,0.8,0.1,0.0,0.0,0.5399618268013,0.5483483523130417,0.008386525511741637
615,944,credit_amount,1845.0,1199.0,0.35013550135501353,0.8,0.2,0.0,0.0,0.5399618268013,0.5497177362442016,0.009755909442901611
616,944,credit_amount,1845.0,1292.0,0.2997289972899729,0.8,0.0,0.0,0.0,0.5399618268013,0.5481284201145172,0.008166593313217164
617,944,credit_amount,1845.0,1384.0,0.24986449864498644,0.8,0.2,0.0,0.0,0.5399618268013,0.5415560364723205,0.001594209671020508
618,944,credit_amount,1845.0,1476.0,0.2,0.8,0.2,0.0,0.0,0.5399618268013,0.5412524193525314,0.0012905925512313842
619,944,credit_amount,1845.0,1568.0,0.15013550135501355,0.8,0.2,0.0,0.0,0.5399618268013,0.5385652929544449,-0.0013965338468551636
620,944,credit_amount,1845.0,1660.0,0.1002710027100271,0.8,0.2,0.0,0.0,0.5399618268013,0.5380548268556595,-0.001906999945640564
621,944,credit_amount,1845.0,1753.0,0.04986449864498645,0.8,0.2,0.0,0.0,0.5399618268013,0.5369046270847321,-0.0030571997165679933
622,944,duration,15.0,4.0,0.7333333333333333,0.8,1.0,0.8,0.5,0.5399618268013,0.40294445157051084,-0.1370173752307892
623,944,duration,15.0,6.0,0.6,0.8,0.9,0.7,0.4,0.5399618268013,0.4197392076253891,-0.12022261917591096
624,944,duration,15.0,7.0,0.5333333333333333,0.8,0.9,0.7,0.4,0.5399618268013,0.42529418766498567,-0.11466763913631439
625,944,duration,15.0,8.0,0.4666666666666667,0.8,0.8,0.6,0.3,0.5399618268013,0.4368513286113739,-0.10311049818992615
626,944,duration,15.0,9.0,0.4,0.8,0.6,0.4,0.2,0.5399618268013,0.47157686948776245,-0.0683849573135376
627,944,duration,15.0,10.0,0.3333333333333333,0.8,0.6,0.4,0.2,0.5399618268013,0.4667290985584259,-0.07323272824287415
628,944,duration,15.0,11.0,0.26666666666666666,0.8,0.8,0.6,0.2,0.5399618268013,0.4650343209505081,-0.07492750585079193
629,944,duration,15.0,12.0,0.2,0.8,0.2,0.0,0.0,0.5399618268013,0.5231616258621216,-0.016800200939178465
630,944,duration,15.0,13.0,0.13333333333333333,0.8,0.4,0.2,0.0,0.5399618268013,0.5191600769758224,-0.0208017498254776
631,944,duration,15.0,14.0,0.06666666666666667,0.8,0.2,0.0,0.0,0.5399618268013,0.5327545940876007,-0.007207232713699341
632,235,credit_amount,1823.0,456.0,0.7498628634119583,1.0,0.0,0.0,0.0,0.635601383447647,0.6642965912818909,0.028695207834243775
633,235,credit_amount,1823.0,547.0,0.6999451453647834,1.0,0.0,0.0,0.0,0.635601383447647,0.666002380847931,0.030400997400283812
634,235,credit_amount,1823.0,638.0,0.6500274273176083,1.0,0.0,0.0,0.0,0.635601383447647,0.6695554554462433,0.033954071998596194
635,235,credit_amount,1823.0,729.0,0.6001097092704334,1.0,0.0,0.0,0.0,0.635601383447647,0.6706543862819672,0.03505300283432007
636,235,credit_amount,1823.0,820.0,0.5501919912232583,1.0,0.0,0.0,0.0,0.635601383447647,0.6695243060588837,0.03392292261123657
637,235,credit_amount,1823.0,912.0,0.49972572682391664,1.0,0.0,0.0,0.0,0.635601383447647,0.6690732896327972,0.03347190618515015
638,235,credit_amount,1823.0,1003.0,0.44980800877674165,1.0,0.0,0.0,0.0,0.635601383447647,0.6625108003616333,0.026909416913986205
639,235,credit_amount,1823.0,1094.0,0.39989029072956667,1.0,0.0,0.0,0.0,0.635601383447647,0.6581758975982666,0.022574514150619507
640,235,credit_amount,1823.0,1185.0,0.3499725726823917,1.0,0.0,0.0,0.0,0.635601383447647,0.6580184400081635,0.022417056560516357
641,235,credit_amount,1823.0,1276.0,0.3000548546352167,1.0,0.0,0.0,0.0,0.635601383447647,0.6580769956111908,0.022475612163543702
642,235,credit_amount,1823.0,1367.0,0.2501371365880417,1.0,0.0,0.0,0.0,0.635601383447647,0.6517997026443482,0.01619831919670105
643,235,credit_amount,1823.0,1458.0,0.2002194185408667,1.0,0.0,0.0,0.0,0.635601383447647,0.6438890397548676,0.008287656307220458
644,235,credit_amount,1823.0,1550.0,0.14975315414152496,1.0,0.0,0.0,0.0,0.635601383447647,0.6399064838886261,0.004305100440979004
645,235,credit_amount,1823.0,1641.0,0.09983543609434997,1.0,0.0,0.0,0.0,0.635601383447647,0.6383005559444428,0.002699172496795654
646,235,credit_amount,1823.0,1732.0,0.049917718047174986,1.0,0.0,0.0,0.0,0.635601383447647,0.6341470122337342,-0.0014543712139129638
647,235,duration,24.0,4.0,0.8333333333333334,1.0,0.9,0.9,0.9,0.635601383447647,0.40324206054210665,-0.23235932290554046
648,235,duration,24.0,6.0,0.75,1.0,0.9,0.9,0.8,0.635601383447647,0.4218710333108902,-0.2137303501367569
649,235,duration,24.0,7.0,0.7083333333333334,1.0,0.9,0.9,0.7,0.635601383447647,0.43194079101085664,-0.20366059243679047
650,235,duration,24.0,8.0,0.6666666666666666,1.0,0.8,0.8,0.7,0.635601383447647,0.44313427805900574,-0.19246710538864137
651,235,duration,24.0,9.0,0.625,1.0,0.6,0.6,0.6,0.635601383447647,0.47173272371292113,-0.16386865973472595
652,235,duration,24.0,10.0,0.5833333333333334,1.0,0.6,0.6,0.6,0.635601383447647,0.4688989132642746,-0.1667024701833725
653,235,duration,24.0,11.0,0.5416666666666666,1.0,0.6,0.6,0.6,0.635601383447647,0.4707745790481567,-0.16482680439949035
654,235,duration,24.0,12.0,0.5,1.0,0.2,0.2,0.1,0.635601383447647,0.5258775383234024,-0.10972384512424468
655,235,duration,24.0,13.0,0.4583333333333333,1.0,0.2,0.2,0.2,0.635601383447647,0.5202640146017075,-0.11533736884593963
656,235,duration,24.0,14.0,0.4166666666666667,1.0,0.2,0.2,0.1,0.635601383447647,0.5316484689712524,-0.10395291447639465
657,235,duration,24.0,15.0,0.375,1.0,0.2,0.2,0.1,0.635601383447647,0.5408852308988571,-0.09471615254878998
658,235,duration,24.0,16.0,0.3333333333333333,1.0,0.1,0.1,0.0,0.635601383447647,0.5797627568244934,-0.055838626623153684
659,235,duration,24.0,18.0,0.25,1.0,0.0,0.0,0.0,0.635601383447647,0.5930349469184876,-0.04256643652915955
660,235,duration,24.0,20.0,0.16666666666666666,1.0,0.0,0.0,0.0,0.635601383447647,0.5889227390289307,-0.04667864441871643
661,235,duration,24.0,21.0,0.125,1.0,0.0,0.0,0.0,0.635601383447647,0.6065851926803589,-0.02901619076728821
662,235,duration,24.0,22.0,0.08333333333333333,1.0,0.0,0.0,0.0,0.635601383447647,0.5958905816078186,-0.03971080183982849
663,528,credit_amount,2302.0,576.0,0.7497827975673328,1.0,0.0,0.0,0.0,0.7574004352092742,0.7545225501060486,-0.002877885103225708
664,528,credit_amount,2302.0,691.0,0.6998262380538662,1.0,0.0,0.0,0.0,0.7574004352092742,0.7610544502735138,0.0036540150642395018
665,528,credit_amount,2302.0,806.0,0.6498696785403997,1.0,0.0,0.0,0.0,0.7574004352092742,0.7616532325744629,0.004252797365188599
666,528,credit_amount,2302.0,921.0,0.5999131190269331,1.0,0.0,0.0,0.0,0.7574004352092742,0.7655058562755584,0.00810542106628418
667,528,credit_amount,2302.0,1036.0,0.5499565595134666,1.0,0.0,0.0,0.0,0.7574004352092742,0.7636746406555176,0.006274205446243286
668,528,credit_amount,2302.0,1151.0,0.5,1.0,0.0,0.0,0.0,0.7574004352092742,0.7665907621383667,0.009190326929092408
669,528,credit_amount,2302.0,1266.0,0.45004344048653344,1.0,0.0,0.0,0.0,0.7574004352092742,0.7685261547565461,0.011125719547271729
670,528,credit_amount,2302.0,1381.0,0.4000868809730669,1.0,0.0,0.0,0.0,0.7574004352092742,0.7641941845417023,0.006793749332427978
671,528,credit_amount,2302.0,1496.0,0.3501303214596003,1.0,0.0,0.0,0.0,0.7574004352092742,0.7646072506904602,0.007206815481185913
672,528,credit_amount,2302.0,1611.0,0.3001737619461338,1.0,0.0,0.0,0.0,0.7574004352092742,0.7617494344711304,0.0043489992618560794
673,528,credit_amount,2302.0,1726.0,0.25021720243266726,1.0,0.0,0.0,0.0,0.7574004352092742,0.7606289863586426,0.003228551149368286
674,528,credit_amount,2302.0,1842.0,0.1998262380538662,1.0,0.0,0.0,0.0,0.7574004352092742,0.762968111038208,0.005567675828933716
675,528,credit_amount,2302.0,1957.0,0.14986967854039965,1.0,0.0,0.0,0.0,0.7574004352092742,0.7634493827819824,0.00604894757270813
676,528,credit_amount,2302.0,2072.0,0.0999131190269331,1.0,0.0,0.0,0.0,0.7574004352092742,0.7604986131191254,0.0030981779098510744
677,528,credit_amount,2302.0,2187.0,0.04995655951346655,1.0,0.0,0.0,0.0,0.7574004352092742,0.757923549413681,0.0005231142044067383
678,528,duration,36.0,4.0,0.8888888888888888,1.0,0.9,0.9,0.8,0.7574004352092742,0.42070249319076536,-0.3366979420185089
679,528,duration,36.0,6.0,0.8333333333333334,1.0,0.9,0.9,0.8,0.7574004352092742,0.43084295392036437,-0.32655748128890993
680,528,duration,36.0,7.0,0.8055555555555556,1.0,0.8,0.8,0.8,0.7574004352092742,0.4312156081199646,-0.3261848270893097
681,528,duration,36.0,8.0,0.7777777777777778,1.0,0.8,0.8,0.8,0.7574004352092742,0.4386504262685776,-0.3187500089406967
682,528,duration,36.0,9.0,0.75,1.0,0.7,0.7,0.4,0.7574004352092742,0.4749729633331299,-0.2824274718761444
683,528,duration,36.0,10.0,0.7222222222222222,1.0,0.8,0.8,0.4,0.7574004352092742,0.46790911853313444,-0.2894913166761398
684,528,duration,36.0,11.0,0.6944444444444444,1.0,0.7,0.7,0.4,0.7574004352092742,0.4692122727632523,-0.288188162446022
685,528,duration,36.0,12.0,0.6666666666666666,1.0,0.3,0.3,0.3,0.7574004352092742,0.5299354255199432,-0.22746500968933106
686,528,duration,36.0,13.0,0.6388888888888888,1.0,0.3,0.3,0.3,0.7574004352092742,0.524192962050438,-0.23320747315883636
687,528,duration,36.0,14.0,0.6111111111111112,1.0,0.3,0.3,0.3,0.7574004352092742,0.537123042345047,-0.2202773928642273
688,528,duration,36.0,15.0,0.5833333333333334,1.0,0.3,0.3,0.2,0.7574004352092742,0.5486610859632493,-0.20873934924602508
689,528,duration,36.0,16.0,0.5555555555555556,1.0,0.0,0.0,0.0,0.7574004352092742,0.5901108980178833,-0.167289537191391
690,528,duration,36.0,18.0,0.5,1.0,0.0,0.0,0.0,0.7574004352092742,0.6163459241390228,-0.14105451107025146
691,528,duration,36.0,20.0,0.4444444444444444,1.0,0.0,0.0,0.0,0.7574004352092742,0.6143548011779785,-0.14304563403129578
692,528,duration,36.0,21.0,0.4166666666666667,1.0,0.0,0.0,0.0,0.7574004352092742,0.6293826699256897,-0.1280177652835846
693,528,duration,36.0,22.0,0.3888888888888889,1.0,0.0,0.0,0.0,0.7574004352092742,0.6250788748264313,-0.132321560382843
694,528,duration,36.0,24.0,0.3333333333333333,1.0,0.0,0.0,0.0,0.7574004352092742,0.6745413482189179,-0.08285908699035645
695,528,duration,36.0,26.0,0.2777777777777778,1.0,0.0,0.0,0.0,0.7574004352092742,0.6816113233566284,-0.07578911185264588
696,528,duration,36.0,27.0,0.25,1.0,0.0,0.0,0.0,0.7574004352092742,0.6940732717514038,-0.06332716345787048
697,528,duration,36.0,28.0,0.2222222222222222,1.0,0.0,0.0,0.0,0.7574004352092742,0.7033157050609589,-0.05408473014831543
698,528,duration,36.0,30.0,0.16666666666666666,1.0,0.0,0.0,0.0,0.7574004352092742,0.7194172203540802,-0.03798321485519409
699,528,duration,36.0,33.0,0.08333333333333333,1.0,0.0,0.0,0.0,0.7574004352092742,0.7248457312583924,-0.03255470395088196
700,548,credit_amount,626.0,282.0,0.549520766773163,1.0,0.0,0.0,0.0,0.5978066086769104,0.589390617609024,-0.008415991067886352
701,548,credit_amount,626.0,313.0,0.5,1.0,0.0,0.0,0.0,0.5978066086769104,0.5873148262500762,-0.010491782426834106
702,548,credit_amount,626.0,344.0,0.4504792332268371,1.0,0.0,0.0,0.0,0.5978066086769104,0.5919752597808838,-0.0058313488960266115
703,548,credit_amount,626.0,376.0,0.3993610223642173,1.0,0.0,0.0,0.0,0.5978066086769104,0.5928087830543518,-0.004997825622558594
704,548,credit_amount,626.0,407.0,0.3498402555910543,1.0,0.0,0.0,0.0,0.5978066086769104,0.5918665409088135,-0.005940067768096924
705,548,credit_amount,626.0,438.0,0.3003194888178914,1.0,0.0,0.0,0.0,0.5978066086769104,0.5978973984718323,9.0789794921875e-05
706,548,credit_amount,626.0,470.0,0.24920127795527156,1.0,0.0,0.0,0.0,0.5978066086769104,0.5927643358707428,-0.005042272806167603
707,548,credit_amount,626.0,501.0,0.19968051118210864,1.0,0.0,0.0,0.0,0.5978066086769104,0.5937296032905579,-0.004077005386352539
708,548,credit_amount,626.0,532.0,0.1501597444089457,1.0,0.0,0.0,0.0,0.5978066086769104,0.5965104758739471,-0.0012961328029632568
709,548,credit_amount,626.0,563.0,0.10063897763578275,1.0,0.0,0.0,0.0,0.5978066086769104,0.5970016241073608,-0.0008049845695495605
710,548,credit_amount,626.0,595.0,0.04952076677316294,1.0,0.0,0.0,0.0,0.5978066086769104,0.5964522302150727,-0.0013543784618377686
711,548,duration,12.0,4.0,0.6666666666666666,1.0,0.8,0.8,0.8,0.5978066086769104,0.4354629129171371,-0.16234369575977325
712,548,duration,12.0,6.0,0.5,1.0,0.6,0.6,0.5,0.5978066086769104,0.4740468829870224,-0.123759725689888
713,548,duration,12.0,7.0,0.4166666666666667,1.0,0.5,0.5,0.4,0.5978066086769104,0.4835427016019821,-0.11426390707492828
714,548,duration,12.0,8.0,0.3333333333333333,1.0,0.5,0.5,0.4,0.5978066086769104,0.494093456864357,-0.1037131518125534
715,548,duration,12.0,9.0,0.25,1.0,0.3,0.3,0.2,0.5978066086769104,0.5340191304683686,-0.06378747820854187
716,548,duration,12.0,10.0,0.16666666666666666,1.0,0.3,0.3,0.2,0.5978066086769104,0.533675292134285,-0.06413131654262542
717,548,duration,12.0,11.0,0.08333333333333333,1.0,0.3,0.3,0.2,0.5978066086769104,0.5307058781385422,-0.06710073053836822
718,938,credit_amount,6288.0,1572.0,0.75,1.0,0.0,0.0,0.0,0.7417236387729644,0.7177557408809662,-0.02396789789199829
719,938,credit_amount,6288.0,1886.0,0.7000636132315522,1.0,0.0,0.0,0.0,0.7417236387729644,0.7245604932308197,-0.017163145542144775
720,938,credit_amount,6288.0,2201.0,0.649968193384224,1.0,0.0,0.0,0.0,0.7417236387729644,0.7223968982696534,-0.01932674050331116
721,938,credit_amount,6288.0,2515.0,0.600031806615776,1.0,0.0,0.0,0.0,0.7417236387729644,0.7235106706619263,-0.01821296811103821
722,938,credit_amount,6288.0,2830.0,0.5499363867684478,1.0,0.0,0.0,0.0,0.7417236387729644,0.7223663330078125,-0.019357305765151978
723,938,credit_amount,6288.0,3144.0,0.5,1.0,0.0,0.0,0.0,0.7417236387729644,0.725669515132904,-0.016054123640060425
724,938,credit_amount,6288.0,3458.0,0.45006361323155214,1.0,0.0,0.0,0.0,0.7417236387729644,0.7261802017688751,-0.015543437004089356
725,938,credit_amount,6288.0,3773.0,0.3999681933842239,1.0,0.0,0.0,0.0,0.7417236387729644,0.7253181993961334,-0.016405439376831053
726,938,credit_amount,6288.0,4087.0,0.3500318066157761,1.0,0.0,0.0,0.0,0.7417236387729644,0.7333811581134796,-0.008342480659484864
727,938,credit_amount,6288.0,4402.0,0.29993638676844786,1.0,0.0,0.0,0.0,0.7417236387729644,0.7341043531894684,-0.007619285583496093
728,938,credit_amount,6288.0,4716.0,0.25,1.0,0.0,0.0,0.0,0.7417236387729644,0.7336399614810943,-0.008083677291870118
729,938,credit_amount,6288.0,5030.0,0.20006361323155217,1.0,0.0,0.0,0.0,0.7417236387729644,0.735743123292923,-0.0059805154800415036
730,938,credit_amount,6288.0,5345.0,0.14996819338422393,1.0,0.0,0.0,0.0,0.7417236387729644,0.7344782829284668,-0.00724535584449768
731,938,credit_amount,6288.0,5659.0,0.10003180661577608,1.0,0.0,0.0,0.0,0.7417236387729644,0.737714284658432,-0.004009354114532471
732,938,credit_amount,6288.0,5974.0,0.04993638676844784,1.0,0.0,0.0,0.0,0.7417236387729644,0.7382090270519257,-0.0035146117210388184
733,938,duration,60.0,4.0,0.9333333333333333,1.0,0.1,0.1,0.0,0.7417236387729644,0.5829787492752075,-0.15874488949775695
734,938,duration,60.0,6.0,0.9,1.0,0.1,0.1,0.1,0.7417236387729644,0.5923208147287369,-0.1494028240442276
735,938,duration,60.0,7.0,0.8833333333333333,1.0,0.1,0.1,0.1,0.7417236387729644,0.5918516159057617,-0.14987202286720275
736,938,duration,60.0,8.0,0.8666666666666667,1.0,0.1,0.1,0.0,0.7417236387729644,0.5951620280742645,-0.14656161069869994
737,938,duration,60.0,9.0,0.85,1.0,0.0,0.0,0.0,0.7417236387729644,0.6183790266513824,-0.12334461212158203
738,938,duration,60.0,10.0,0.8333333333333334,1.0,0.1,0.1,0.0,0.7417236387729644,0.6076554000377655,-0.13406823873519896
739,938,duration,60.0,11.0,0.8166666666666667,1.0,0.1,0.1,0.0,0.7417236387729644,0.6035881012678146,-0.13813553750514984
740,938,duration,60.0,12.0,0.8,1.0,0.0,0.0,0.0,0.7417236387729644,0.6370122373104096,-0.10471140146255493
741,938,duration,60.0,13.0,0.7833333333333333,1.0,0.0,0.0,0.0,0.7417236387729644,0.6165213286876678,-0.12520231008529664
742,938,duration,60.0,14.0,0.7666666666666667,1.0,0.0,0.0,0.0,0.7417236387729644,0.6258791446685791,-0.11584449410438538
743,938,duration,60.0,15.0,0.75,1.0,0.0,0.0,0.0,0.7417236387729644,0.6310350298881531,-0.1106886088848114
744,938,duration,60.0,16.0,0.7333333333333333,1.0,0.0,0.0,0.0,0.7417236387729644,0.6454715430736542,-0.0962520956993103
745,938,duration,60.0,18.0,0.7,1.0,0.0,0.0,0.0,0.7417236387729644,0.6549571096897125,-0.08676652908325196
746,938,duration,60.0,20.0,0.6666666666666666,1.0,0.0,0.0,0.0,0.7417236387729644,0.6415000200271607,-0.10022361874580384
747,938,duration,60.0,21.0,0.65,1.0,0.0,0.0,0.0,0.7417236387729644,0.6505843281745911,-0.09113931059837341
748,938,duration,60.0,22.0,0.6333333333333333,1.0,0.0,0.0,0.0,0.7417236387729644,0.6396262288093567,-0.10209740996360779
749,938,duration,60.0,24.0,0.6,1.0,0.0,0.0,0.0,0.7417236387729644,0.6585297405719757,-0.08319389820098877
750,938,duration,60.0,26.0,0.5666666666666667,1.0,0.0,0.0,0.0,0.7417236387729644,0.6525553464889526,-0.08916829228401184
751,938,duration,60.0,27.0,0.55,1.0,0.0,0.0,0.0,0.7417236387729644,0.6597280204296112,-0.08199561834335327
752,938,duration,60.0,28.0,0.5333333333333333,1.0,0.0,0.0,0.0,0.7417236387729644,0.6630693078041077,-0.07865433096885681
753,938,duration,60.0,30.0,0.5,1.0,0.0,0.0,0.0,0.7417236387729644,0.6672143816947937,-0.07450925707817077
754,938,duration,60.0,33.0,0.45,1.0,0.0,0.0,0.0,0.7417236387729644,0.6694387316703796,-0.07228490710258484
755,938,duration,60.0,36.0,0.4,1.0,0.0,0.0,0.0,0.7417236387729644,0.6867958307266235,-0.05492780804634094
756,938,duration,60.0,39.0,0.35,1.0,0.0,0.0,0.0,0.7417236387729644,0.6847414374351501,-0.05698220133781433
757,938,duration,60.0,40.0,0.3333333333333333,1.0,0.0,0.0,0.0,0.7417236387729644,0.6899613499641418,-0.05176228880882263
758,938,duration,60.0,42.0,0.3,1.0,0.0,0.0,0.0,0.7417236387729644,0.6906230747699738,-0.05110056400299072
759,938,duration,60.0,45.0,0.25,1.0,0.0,0.0,0.0,0.7417236387729644,0.6955889642238617,-0.046134674549102785
760,938,duration,60.0,47.0,0.21666666666666667,1.0,0.0,0.0,0.0,0.7417236387729644,0.6945653140544892,-0.04715832471847534
761,938,duration,60.0,48.0,0.2,1.0,0.0,0.0,0.0,0.7417236387729644,0.7169444799423218,-0.0247791588306427
762,938,duration,60.0,54.0,0.1,1.0,0.0,0.0,0.0,0.7417236387729644,0.7336462080478668,-0.008077430725097656
763,832,credit_amount,11816.0,2954.0,0.75,1.0,0.0,0.0,0.0,0.7741149425506592,0.7455718696117402,-0.028543072938919067
764,832,credit_amount,11816.0,3545.0,0.6999830737982397,1.0,0.0,0.0,0.0,0.7741149425506592,0.7422152161598206,-0.03189972639083862
765,832,credit_amount,11816.0,4136.0,0.6499661475964793,1.0,0.0,0.0,0.0,0.7741149425506592,0.7470841228961944,-0.027030819654464723
766,832,credit_amount,11816.0,4726.0,0.6000338524035207,1.0,0.0,0.0,0.0,0.7741149425506592,0.743326461315155,-0.03078848123550415
767,832,credit_amount,11816.0,5317.0,0.5500169262017603,1.0,0.0,0.0,0.0,0.7741149425506592,0.7397943139076233,-0.03432062864303589
768,832,credit_amount,11816.0,5908.0,0.5,1.0,0.0,0.0,0.0,0.7741149425506592,0.7408906996250153,-0.033224242925643924
769,832,credit_amount,11816.0,6499.0,0.44998307379823965,1.0,0.0,0.0,0.0,0.7741149425506592,0.7395695626735688,-0.03454537987709046
770,832,credit_amount,11816.0,7090.0,0.39996614759647936,1.0,0.0,0.0,0.0,0.7741149425506592,0.741883373260498,-0.03223156929016113
771,832,credit_amount,11816.0,7680.0,0.35003385240352064,1.0,0.0,0.0,0.0,0.7741149425506592,0.7426624536514282,-0.031452488899230954
772,832,credit_amount,11816.0,8271.0,0.30001692620176035,1.0,0.0,0.0,0.0,0.7741149425506592,0.7448188424110412,-0.02929610013961792
773,832,credit_amount,11816.0,8862.0,0.25,1.0,0.0,0.0,0.0,0.7741149425506592,0.7485368311405182,-0.02557811141014099
774,832,credit_amount,11816.0,9453.0,0.19998307379823968,1.0,0.0,0.0,0.0,0.7741149425506592,0.7518619656562805,-0.022252976894378662
775,832,credit_amount,11816.0,10044.0,0.14996614759647936,1.0,0.0,0.0,0.0,0.7741149425506592,0.7583197832107544,-0.015795159339904784
776,832,credit_amount,11816.0,10634.0,0.10003385240352065,1.0,0.0,0.0,0.0,0.7741149425506592,0.7603217005729676,-0.013793241977691651
777,832,credit_amount,11816.0,11225.0,0.05001692620176033,1.0,0.0,0.0,0.0,0.7741149425506592,0.7670172691345215,-0.007097673416137695
778,832,duration,45.0,4.0,0.9111111111111111,1.0,0.0,0.0,0.0,0.7741149425506592,0.6489648640155792,-0.12515007853507995
779,832,duration,45.0,6.0,0.8666666666666667,1.0,0.0,0.0,0.0,0.7741149425506592,0.6630178034305573,-0.11109713912010193
780,832,duration,45.0,7.0,0.8444444444444444,1.0,0.0,0.0,0.0,0.7741149425506592,0.6602924287319183,-0.11382251381874084
781,832,duration,45.0,8.0,0.8222222222222222,1.0,0.0,0.0,0.0,0.7741149425506592,0.6647342383861542,-0.109380704164505
782,832,duration,45.0,9.0,0.8,1.0,0.0,0.0,0.0,0.7741149425506592,0.6869335174560547,-0.0871814250946045
783,832,duration,45.0,10.0,0.7777777777777778,1.0,0.0,0.0,0.0,0.7741149425506592,0.6784636318683624,-0.09565131068229675
784,832,duration,45.0,11.0,0.7555555555555555,1.0,0.0,0.0,0.0,0.7741149425506592,0.6753683269023896,-0.09874661564826966
785,832,duration,45.0,12.0,0.7333333333333333,1.0,0.0,0.0,0.0,0.7741149425506592,0.7064413666725159,-0.06767357587814331
786,832,duration,45.0,13.0,0.7111111111111111,1.0,0.0,0.0,0.0,0.7741149425506592,0.6924295961856842,-0.08168534636497497
787,832,duration,45.0,14.0,0.6888888888888889,1.0,0.0,0.0,0.0,0.7741149425506592,0.6996845960617065,-0.07443034648895264
788,832,duration,45.0,15.0,0.6666666666666666,1.0,0.0,0.0,0.0,0.7741149425506592,0.7050704419612884,-0.06904450058937073
789,832,duration,45.0,16.0,0.6444444444444445,1.0,0.0,0.0,0.0,0.7741149425506592,0.7191140055656433,-0.05500093698501587
790,832,duration,45.0,18.0,0.6,1.0,0.0,0.0,0.0,0.7741149425506592,0.729663199186325,-0.044451743364334106
791,832,duration,45.0,20.0,0.5555555555555556,1.0,0.0,0.0,0.0,0.7741149425506592,0.7172087728977203,-0.05690616965293884
792,832,duration,45.0,21.0,0.5333333333333333,1.0,0.0,0.0,0.0,0.7741149425506592,0.7274774193763733,-0.04663752317428589
793,832,duration,45.0,22.0,0.5111111111111111,1.0,0.0,0.0,0.0,0.7741149425506592,0.7174440443515777,-0.05667089819908142
794,832,duration,45.0,24.0,0.4666666666666667,1.0,0.0,0.0,0.0,0.7741149425506592,0.7397998452186585,-0.034315097332000735
795,832,duration,45.0,26.0,0.4222222222222222,1.0,0.0,0.0,0.0,0.7741149425506592,0.7329693615436554,-0.04114558100700379
796,832,duration,45.0,27.0,0.4,1.0,0.0,0.0,0.0,0.7741149425506592,0.7372993290424347,-0.03681561350822449
797,832,duration,45.0,28.0,0.37777777777777777,1.0,0.0,0.0,0.0,0.7741149425506592,0.7394974887371063,-0.034617453813552856
798,832,duration,45.0,30.0,0.3333333333333333,1.0,0.0,0.0,0.0,0.7741149425506592,0.7461716949939727,-0.027943247556686403
799,832,duration,45.0,33.0,0.26666666666666666,1.0,0.0,0.0,0.0,0.7741149425506592,0.7451067864894867,-0.029008156061172484
800,832,duration,45.0,36.0,0.2,1.0,0.0,0.0,0.0,0.7741149425506592,0.7650199294090271,-0.00909501314163208
801,832,duration,45.0,39.0,0.13333333333333333,1.0,0.0,0.0,0.0,0.7741149425506592,0.7617386460304261,-0.012376296520233154
802,832,duration,45.0,40.0,0.1111111111111111,1.0,0.0,0.0,0.0,0.7741149425506592,0.766167277097702,-0.007947665452957154
803,832,duration,45.0,42.0,0.06666666666666667,1.0,0.0,0.0,0.0,0.7741149425506592,0.7671530365943908,-0.00696190595626831
804,658,credit_amount,4221.0,1055.0,0.750059227671168,0.9,0.1,0.1,0.0,0.5415112137794494,0.5669010579586029,0.025389844179153444
805,658,credit_amount,4221.0,1266.0,0.7000710732054015,0.9,0.1,0.1,0.0,0.5415112137794494,0.5684631615877151,0.026951947808265687
806,658,credit_amount,4221.0,1477.0,0.6500829187396352,0.9,0.1,0.1,0.0,0.5415112137794494,0.5575737923383712,0.016062578558921813
807,658,credit_amount,4221.0,1688.0,0.6000947642738688,0.9,0.1,0.1,0.0,0.5415112137794494,0.5559304058551788,0.01441919207572937
808,658,credit_amount,4221.0,1899.0,0.5501066098081023,0.9,0.1,0.1,0.0,0.5415112137794494,0.5564363121986389,0.014925098419189453
809,658,credit_amount,4221.0,2110.0,0.5001184553423359,0.9,0.1,0.1,0.0,0.5415112137794494,0.5498886585235596,0.008377444744110108
810,658,credit_amount,4221.0,2322.0,0.44989339019189767,0.9,0.2,0.1,0.0,0.5415112137794494,0.5456601619720459,0.004148948192596436
811,658,credit_amount,4221.0,2533.0,0.39990523572613124,0.9,0.2,0.1,0.0,0.5415112137794494,0.5453891187906266,0.003877905011177063
812,658,credit_amount,4221.0,2744.0,0.34991708126036486,0.9,0.2,0.1,0.0,0.5415112137794494,0.5411028176546097,-0.0004083961248397827
813,658,credit_amount,4221.0,2955.0,0.2999289267945984,0.9,0.2,0.1,0.0,0.5415112137794494,0.5354046076536179,-0.006106606125831604
814,658,credit_amount,4221.0,3166.0,0.24994077232883202,0.9,0.2,0.1,0.0,0.5415112137794494,0.5369180053472519,-0.004593208432197571
815,658,credit_amount,4221.0,3377.0,0.19995261786306562,0.9,0.2,0.1,0.0,0.5415112137794494,0.537702888250351,-0.0038083255290985107
816,658,credit_amount,4221.0,3588.0,0.1499644633972992,0.9,0.2,0.1,0.0,0.5415112137794494,0.5308669477701187,-0.01064426600933075
817,658,credit_amount,4221.0,3799.0,0.09997630893153281,0.9,0.2,0.1,0.0,0.5415112137794494,0.5316954761743545,-0.00981573760509491
818,658,credit_amount,4221.0,4010.0,0.049988154465766405,0.9,0.2,0.1,0.0,0.5415112137794494,0.5414472311735153,-6.398260593414307e-05
819,658,duration,30.0,4.0,0.8666666666666667,0.9,1.0,0.9,0.7,0.5415112137794494,0.408849036693573,-0.13266217708587646
820,658,duration,30.0,6.0,0.8,0.9,1.0,0.9,0.7,0.5415112137794494,0.4133397787809372,-0.12817143499851227
821,658,duration,30.0,7.0,0.7666666666666667,0.9,1.0,0.9,0.7,0.5415112137794494,0.4120252847671509,-0.12948592901229858
822,658,duration,30.0,8.0,0.7333333333333333,0.9,1.0,0.9,0.6,0.5415112137794494,0.41596653759479524,-0.12554467618465423
823,658,duration,30.0,9.0,0.7,0.9,0.8,0.7,0.3,0.5415112137794494,0.44160967171192167,-0.09990154206752777
824,658,duration,30.0,10.0,0.6666666666666666,0.9,0.9,0.8,0.6,0.5415112137794494,0.4275651633739471,-0.11394605040550232
825,658,duration,30.0,11.0,0.6333333333333333,0.9,1.0,0.9,0.5,0.5415112137794494,0.42195613086223605,-0.11955508291721344
826,658,duration,30.0,12.0,0.6,0.9,0.8,0.7,0.3,0.5415112137794494,0.45916329324245453,-0.08234792053699494
827,658,duration,30.0,13.0,0.5666666666666667,0.9,0.8,0.7,0.4,0.5415112137794494,0.4456156700849533,-0.09589554369449615
828,658,duration,30.0,14.0,0.5333333333333333,0.9,0.8,0.7,0.3,0.5415112137794494,0.45467017590999603,-0.08684103786945344
829,658,duration,30.0,15.0,0.5,0.9,0.6,0.5,0.3,0.5415112137794494,0.46437835693359375,-0.07713285684585572
830,658,duration,30.0,16.0,0.4666666666666667,0.9,0.6,0.5,0.3,0.5415112137794494,0.4897754669189453,-0.05173574686050415
831,658,duration,30.0,18.0,0.4,0.9,0.6,0.5,0.1,0.5415112137794494,0.5043671995401382,-0.03714401423931122
832,658,duration,30.0,20.0,0.3333333333333333,0.9,0.6,0.5,0.2,0.5415112137794494,0.48948963582515714,-0.0520215779542923
833,658,duration,30.0,21.0,0.3,0.9,0.6,0.5,0.1,0.5415112137794494,0.5068252086639404,-0.03468600511550903
834,658,duration,30.0,22.0,0.26666666666666666,0.9,0.6,0.5,0.1,0.5415112137794494,0.4926546335220337,-0.04885658025741577
835,658,duration,30.0,24.0,0.2,0.9,0.4,0.3,0.0,0.5415112137794494,0.5251112520694733,-0.016399961709976197
836,658,duration,30.0,26.0,0.13333333333333333,0.9,0.3,0.2,0.0,0.5415112137794494,0.5233733415603637,-0.018137872219085693
837,658,duration,30.0,27.0,0.1,0.9,0.2,0.1,0.0,0.5415112137794494,0.5288811564445496,-0.012630057334899903
838,658,duration,30.0,28.0,0.06666666666666667,0.9,0.2,0.1,0.0,0.5415112137794494,0.5339024096727372,-0.0076088041067123415
839,89,credit_amount,1108.0,277.0,0.75,0.6,0.4,0.0,0.0,0.5235835582017898,0.5196626633405685,-0.003920894861221313
840,89,credit_amount,1108.0,332.0,0.7003610108303249,0.6,0.4,0.0,0.0,0.5235835582017898,0.5209381580352783,-0.0026454001665115355
841,89,credit_amount,1108.0,388.0,0.6498194945848376,0.6,0.4,0.0,0.0,0.5235835582017898,0.5226050704717636,-0.000978487730026245
842,89,credit_amount,1108.0,443.0,0.6001805054151624,0.6,0.4,0.0,0.0,0.5235835582017898,0.5260101616382599,0.002426603436470032
843,89,credit_amount,1108.0,499.0,0.5496389891696751,0.6,0.4,0.0,0.0,0.5235835582017898,0.5265805006027222,0.002996942400932312
844,89,credit_amount,1108.0,554.0,0.5,0.6,0.2,0.0,0.0,0.5235835582017898,0.5284452885389328,0.0048617303371429445
845,89,credit_amount,1108.0,609.0,0.4503610108303249,0.6,0.3,0.0,0.0,0.5235835582017898,0.5295147627592087,0.005931204557418824
846,89,credit_amount,1108.0,665.0,0.39981949458483756,0.6,0.3,0.0,0.0,0.5235835582017898,0.5331025004386902,0.00951894223690033
847,89,credit_amount,1108.0,720.0,0.35018050541516244,0.6,0.3,0.0,0.0,0.5235835582017898,0.531921797990799,0.008338239789009095
848,89,credit_amount,1108.0,776.0,0.2996389891696751,0.6,0.3,0.0,0.0,0.5235835582017898,0.5307997912168503,0.007216233015060425
849,89,credit_amount,1108.0,831.0,0.25,0.6,0.3,0.0,0.0,0.5235835582017898,0.5324430167675018,0.008859458565711974
850,89,credit_amount,1108.0,886.0,0.2003610108303249,0.6,0.3,0.0,0.0,0.5235835582017898,0.5286556869745255,0.0050721287727355955
851,89,credit_amount,1108.0,942.0,0.14981949458483754,0.6,0.2,0.0,0.0,0.5235835582017898,0.5298119574785233,0.006228399276733398
852,89,credit_amount,1108.0,997.0,0.10018050541516245,0.6,0.2,0.0,0.0,0.5235835582017898,0.5267694622278214,0.003185904026031494
853,89,credit_amount,1108.0,1053.0,0.04963898916967509,0.6,0.3,0.0,0.0,0.5235835582017898,0.5201043844223022,-0.0034791737794876098
854,89,duration,12.0,4.0,0.6666666666666666,0.6,1.0,0.6,0.4,0.5235835582017898,0.36883569955825807,-0.1547478586435318
855,89,duration,12.0,6.0,0.5,0.6,0.9,0.5,0.4,0.5235835582017898,0.4028721421957016,-0.12071141600608826
856,89,duration,12.0,7.0,0.4166666666666667,0.6,0.9,0.5,0.4,0.5235835582017898,0.41504729390144346,-0.10853626430034638
857,89,duration,12.0,8.0,0.3333333333333333,0.6,0.9,0.5,0.4,0.5235835582017898,0.42549428045749665,-0.09808927774429321
858,89,duration,12.0,9.0,0.25,0.6,0.8,0.4,0.2,0.5235835582017898,0.46311429142951965,-0.0604692667722702
859,89,duration,12.0,10.0,0.16666666666666666,0.6,0.9,0.5,0.2,0.5235835582017898,0.4601395636796951,-0.06344399452209473
860,89,duration,12.0,11.0,0.08333333333333333,0.6,0.8,0.4,0.2,0.5235835582017898,0.46153810918331145,-0.062045449018478395
861,194,credit_amount,3031.0,758.0,0.7499175189706367,0.5,0.6,0.2,0.0,0.49523918330669403,0.4920013189315796,-0.003237864375114441
862,194,credit_amount,3031.0,909.0,0.7000989772352358,0.5,0.5,0.1,0.0,0.49523918330669403,0.49434139132499694,-0.0008977919816970826
863,194,credit_amount,3031.0,1061.0,0.649950511382382,0.5,0.6,0.2,0.0,0.49523918330669403,0.4926131010055542,-0.0026260823011398315
864,194,credit_amount,3031.0,1212.0,0.6001319696469812,0.5,0.5,0.1,0.0,0.49523918330669403,0.49512672126293183,-0.00011246204376220703
865,194,credit_amount,3031.0,1364.0,0.5499835037941273,0.5,0.7,0.2,0.0,0.49523918330669403,0.49210677444934847,-0.003132408857345581
866,194,credit_amount,3031.0,1516.0,0.4998350379412735,0.5,0.5,0.1,0.0,0.49523918330669403,0.4917842000722885,-0.0034549832344055176
867,194,credit_amount,3031.0,1667.0,0.45001649620587264,0.5,0.5,0.1,0.0,0.49523918330669403,0.49297391474246977,-0.0022652685642242433
868,194,credit_amount,3031.0,1819.0,0.3998680303530188,0.5,0.5,0.1,0.0,0.49523918330669403,0.49664977490901946,0.0014105916023254394
869,194,credit_amount,3031.0,1970.0,0.3500494886176179,0.5,0.5,0.1,0.0,0.49523918330669403,0.4964042127132416,0.0011650294065475464
870,194,credit_amount,3031.0,2122.0,0.2999010227647641,0.5,0.5,0.1,0.0,0.49523918330669403,0.49604126811027527,0.0008020848035812378
871,194,credit_amount,3031.0,2273.0,0.25008248102936326,0.5,0.4,0.0,0.0,0.49523918330669403,0.49565048813819884,0.0004113048315048218
872,194,credit_amount,3031.0,2425.0,0.1999340151765094,0.5,0.5,0.0,0.0,0.49523918330669403,0.49459823668003083,-0.000640946626663208
873,194,credit_amount,3031.0,2576.0,0.15011547344110854,0.5,0.6,0.1,0.0,0.49523918330669403,0.4935671091079712,-0.0016720741987228394
874,194,credit_amount,3031.0,2728.0,0.0999670075882547,0.5,0.4,0.0,0.0,0.49523918330669403,0.4915078580379486,-0.0037313252687454224
875,194,credit_amount,3031.0,2879.0,0.050148465852853846,0.5,0.5,0.0,0.0,0.49523918330669403,0.4936811178922653,-0.001558065414428711
876,194,duration,45.0,4.0,0.9111111111111111,0.5,1.0,0.5,0.3,0.49523918330669403,0.21404818445444107,-0.28119099885225296
877,194,duration,45.0,6.0,0.8666666666666667,0.5,1.0,0.5,0.3,0.49523918330669403,0.21347536146640778,-0.28176382184028625
878,194,duration,45.0,7.0,0.8444444444444444,0.5,1.0,0.5,0.3,0.49523918330669403,0.21769704818725585,-0.27754213511943815
879,194,duration,45.0,8.0,0.8222222222222222,0.5,1.0,0.5,0.3,0.49523918330669403,0.22203864753246308,-0.273200535774231
880,194,duration,45.0,9.0,0.8,0.5,1.0,0.5,0.3,0.49523918330669403,0.24217357635498046,-0.25306560695171354
881,194,duration,45.0,10.0,0.7777777777777778,0.5,1.0,0.5,0.3,0.49523918330669403,0.23862255364656448,-0.25661662966012955
882,194,duration,45.0,11.0,0.7555555555555555,0.5,1.0,0.5,0.3,0.49523918330669403,0.23585013151168824,-0.2593890517950058
883,194,duration,45.0,12.0,0.7333333333333333,0.5,1.0,0.5,0.3,0.49523918330669403,0.27395805418491365,-0.22128112912178038
884,194,duration,45.0,13.0,0.7111111111111111,0.5,1.0,0.5,0.3,0.49523918330669403,0.26846509277820585,-0.22677409052848815
885,194,duration,45.0,14.0,0.6888888888888889,0.5,1.0,0.5,0.3,0.49523918330669403,0.2797768607735634,-0.21546232253313063
886,194,duration,45.0,15.0,0.6666666666666666,0.5,1.0,0.5,0.3,0.49523918330669403,0.2874828204512596,-0.20775636285543442
887,194,duration,45.0,16.0,0.6444444444444445,0.5,1.0,0.5,0.3,0.49523918330669403,0.3168998658657074,-0.17833931744098663
888,194,duration,45.0,18.0,0.6,0.5,1.0,0.5,0.3,0.49523918330669403,0.3334379941225052,-0.16180118918418884
889,194,duration,45.0,20.0,0.5555555555555556,0.5,1.0,0.5,0.3,0.49523918330669403,0.33250836431980135,-0.1627308189868927
890,194,duration,45.0,21.0,0.5333333333333333,0.5,1.0,0.5,0.3,0.49523918330669403,0.3465916872024536,-0.1486474961042404
891,194,duration,45.0,22.0,0.5111111111111111,0.5,1.0,0.5,0.3,0.49523918330669403,0.3382433861494064,-0.1569957971572876
892,194,duration,45.0,24.0,0.4666666666666667,0.5,1.0,0.5,0.3,0.49523918330669403,0.37736847400665285,-0.1178707093000412
893,194,duration,45.0,26.0,0.4222222222222222,0.5,1.0,0.5,0.3,0.49523918330669403,0.38555419743061065,-0.10968498587608337
894,194,duration,45.0,27.0,0.4,0.5,1.0,0.5,0.3,0.49523918330669403,0.39340980648994445,-0.10182937681674957
895,194,duration,45.0,28.0,0.37777777777777777,0.5,1.0,0.5,0.3,0.49523918330669403,0.3997556000947952,-0.0954835832118988
896,194,duration,45.0,30.0,0.3333333333333333,0.5,1.0,0.5,0.3,0.49523918330669403,0.4140898048877716,-0.08114937841892242
897,194,duration,45.0,33.0,0.26666666666666666,0.5,1.0,0.5,0.2,0.49523918330669403,0.42396324276924136,-0.0712759405374527
898,194,duration,45.0,36.0,0.2,0.5,0.8,0.3,0.0,0.49523918330669403,0.45866713523864744,-0.03657204806804657
899,194,duration,45.0,39.0,0.13333333333333333,0.5,0.8,0.3,0.0,0.49523918330669403,0.4664558440446854,-0.028783339262008666
900,194,duration,45.0,40.0,0.1111111111111111,0.5,0.7,0.2,0.0,0.49523918330669403,0.4771224111318588,-0.018116772174835205
901,194,duration,45.0,42.0,0.06666666666666667,0.5,0.6,0.1,0.0,0.49523918330669403,0.48280212879180906,-0.012437054514884948
902,257,credit_amount,2149.0,537.0,0.7501163331782225,1.0,0.0,0.0,0.0,0.6567314147949219,0.6704460501670837,0.013714635372161865
903,257,credit_amount,2149.0,645.0,0.699860400186133,1.0,0.0,0.0,0.0,0.6567314147949219,0.6747316777706146,0.01800026297569275
904,257,credit_amount,2149.0,752.0,0.6500697999069335,1.0,0.0,0.0,0.0,0.6567314147949219,0.6747399628162384,0.018008548021316528
905,257,credit_amount,2149.0,860.0,0.5998138669148441,1.0,0.0,0.0,0.0,0.6567314147949219,0.6740854203701019,0.017354005575180055
906,257,credit_amount,2149.0,967.0,0.5500232666356445,1.0,0.0,0.0,0.0,0.6567314147949219,0.6718299210071563,0.015098506212234497
907,257,credit_amount,2149.0,1074.0,0.5002326663564448,1.0,0.0,0.0,0.0,0.6567314147949219,0.6685336709022522,0.011802256107330322
908,257,credit_amount,2149.0,1182.0,0.4499767333643555,1.0,0.0,0.0,0.0,0.6567314147949219,0.6724101543426514,0.01567873954772949
909,257,credit_amount,2149.0,1289.0,0.4001861330851559,1.0,0.0,0.0,0.0,0.6567314147949219,0.6696807444095612,0.012949329614639283
910,257,credit_amount,2149.0,1397.0,0.3499302000930665,1.0,0.0,0.0,0.0,0.6567314147949219,0.6639766156673431,0.007245200872421265
911,257,credit_amount,2149.0,1504.0,0.3001395998138669,1.0,0.0,0.0,0.0,0.6567314147949219,0.6608268678188324,0.004095453023910523
912,257,credit_amount,2149.0,1612.0,0.24988366682177757,1.0,0.0,0.0,0.0,0.6567314147949219,0.6584924042224884,0.0017609894275665283
913,257,credit_amount,2149.0,1719.0,0.20009306654257794,1.0,0.0,0.0,0.0,0.6567314147949219,0.6584404170513153,0.0017090022563934326
914,257,credit_amount,2149.0,1827.0,0.1498371335504886,1.0,0.0,0.0,0.0,0.6567314147949219,0.6598182439804077,0.00308682918548584
915,257,credit_amount,2149.0,1934.0,0.10004653327128897,1.0,0.0,0.0,0.0,0.6567314147949219,0.658693277835846,0.001961863040924072
916,257,credit_amount,2149.0,2042.0,0.049790600279199626,1.0,0.0,0.0,0.0,0.6567314147949219,0.6577005743980407,0.0009691596031188964
917,257,duration,12.0,4.0,0.6666666666666666,1.0,0.1,0.1,0.1,0.6567314147949219,0.5758392155170441,-0.0808921992778778
918,257,duration,12.0,6.0,0.5,1.0,0.1,0.1,0.1,0.6567314147949219,0.5905205011367798,-0.06621091365814209
919,257,duration,12.0,7.0,0.4166666666666667,1.0,0.1,0.1,0.1,0.6567314147949219,0.5937303841114044,-0.06300103068351745
920,257,duration,12.0,8.0,0.3333333333333333,1.0,0.1,0.1,0.1,0.6567314147949219,0.5998906672000885,-0.056840747594833374
921,257,duration,12.0,9.0,0.25,1.0,0.0,0.0,0.0,0.6567314147949219,0.6266930103302002,-0.03003840446472168
922,257,duration,12.0,10.0,0.16666666666666666,1.0,0.1,0.1,0.0,0.6567314147949219,0.6176724463701249,-0.03905896842479706
923,257,duration,12.0,11.0,0.08333333333333333,1.0,0.1,0.1,0.0,0.6567314147949219,0.6169081717729569,-0.03982324302196503
924,395,credit_amount,11760.0,2940.0,0.75,0.9,0.7,0.6,0.2,0.5653137564659119,0.47104557454586027,-0.09426818192005157
925,395,credit_amount,11760.0,3528.0,0.7,0.9,0.7,0.6,0.2,0.5653137564659119,0.4645101487636566,-0.10080360770225524
926,395,credit_amount,11760.0,4116.0,0.65,0.9,0.8,0.7,0.2,0.5653137564659119,0.46780218482017516,-0.09751157164573669
927,395,credit_amount,11760.0,4704.0,0.6,0.9,0.8,0.7,0.1,0.5653137564659119,0.46684173345565794,-0.0984720230102539
928,395,credit_amount,11760.0,5292.0,0.55,0.9,0.7,0.6,0.3,0.5653137564659119,0.46506896913051604,-0.10024478733539581
929,395,credit_amount,11760.0,5880.0,0.5,0.9,0.6,0.5,0.2,0.5653137564659119,0.46853489577770235,-0.09677886068820954
930,395,credit_amount,11760.0,6468.0,0.45,0.9,0.6,0.5,0.2,0.5653137564659119,0.47089899480342867,-0.09441476166248322
931,395,credit_amount,11760.0,7056.0,0.4,0.9,0.6,0.5,0.1,0.5653137564659119,0.47656875252723696,-0.08874500393867493
932,395,credit_amount,11760.0,7644.0,0.35,0.9,0.6,0.5,0.1,0.5653137564659119,0.48148242831230165,-0.08383132815361023
933,395,credit_amount,11760.0,8232.0,0.3,0.9,0.5,0.4,0.1,0.5653137564659119,0.4899832308292389,-0.07533052563667297
934,395,credit_amount,11760.0,8820.0,0.25,0.9,0.5,0.4,0.0,0.5653137564659119,0.5000216126441955,-0.0652921438217163
935,395,credit_amount,11760.0,9408.0,0.2,0.9,0.4,0.3,0.0,0.5653137564659119,0.5107978582382202,-0.05451589822769165
936,395,credit_amount,11760.0,9996.0,0.15,0.9,0.3,0.2,0.0,0.5653137564659119,0.5229043573141098,-0.042409399151802064
937,395,credit_amount,11760.0,10584.0,0.1,0.9,0.3,0.2,0.0,0.5653137564659119,0.538129934668541,-0.02718382179737091
938,395,credit_amount,11760.0,11172.0,0.05,0.9,0.3,0.2,0.0,0.5653137564659119,0.5502899765968323,-0.01502377986907959
939,395,duration,39.0,4.0,0.8974358974358975,0.9,0.6,0.5,0.2,0.5653137564659119,0.48289690613746644,-0.08241685032844544
940,395,duration,39.0,6.0,0.8461538461538461,0.9,0.5,0.4,0.2,0.5653137564659119,0.4901850610971451,-0.07512869536876679
941,395,duration,39.0,7.0,0.8205128205128205,0.9,0.5,0.4,0.2,0.5653137564659119,0.4895530492067337,-0.07576070725917816
942,395,duration,39.0,8.0,0.7948717948717948,0.9,0.5,0.4,0.1,0.5653137564659119,0.49485390782356264,-0.07045984864234925
943,395,duration,39.0,9.0,0.7692307692307693,0.9,0.4,0.3,0.0,0.5653137564659119,0.5132684230804443,-0.05204533338546753
944,395,duration,39.0,10.0,0.7435897435897436,0.9,0.4,0.3,0.1,0.5653137564659119,0.5050638258457184,-0.06024993062019348
945,395,duration,39.0,11.0,0.717948717948718,0.9,0.5,0.4,0.1,0.5653137564659119,0.49998452663421633,-0.06532922983169556
946,395,duration,39.0,12.0,0.6923076923076923,0.9,0.4,0.3,0.0,0.5653137564659119,0.5294365108013153,-0.03587724566459656
947,395,duration,39.0,13.0,0.6666666666666666,0.9,0.4,0.3,0.1,0.5653137564659119,0.5139631301164627,-0.05135062634944916
948,395,duration,39.0,14.0,0.6410256410256411,0.9,0.4,0.3,0.1,0.5653137564659119,0.5202695667743683,-0.04504418969154358
949,395,duration,39.0,15.0,0.6153846153846154,0.9,0.4,0.3,0.1,0.5653137564659119,0.5229624927043914,-0.04235126376152039
950,395,duration,39.0,16.0,0.5897435897435898,0.9,0.4,0.3,0.0,0.5653137564659119,0.5378952592611312,-0.027418497204780578
951,395,duration,39.0,18.0,0.5384615384615384,0.9,0.4,0.3,0.0,0.5653137564659119,0.5435150623321533,-0.021798694133758546
952,395,duration,39.0,20.0,0.48717948717948717,0.9,0.4,0.3,0.0,0.5653137564659119,0.5313979923725128,-0.033915764093399046
953,395,duration,39.0,21.0,0.46153846153846156,0.9,0.4,0.3,0.0,0.5653137564659119,0.5435239285230636,-0.021789827942848207
954,395,duration,39.0,22.0,0.4358974358974359,0.9,0.4,0.3,0.1,0.5653137564659119,0.5315455883741379,-0.033768168091773985
955,395,duration,39.0,24.0,0.38461538461538464,0.9,0.4,0.3,0.0,0.5653137564659119,0.5491831570863723,-0.01613059937953949
956,395,duration,39.0,26.0,0.3333333333333333,0.9,0.4,0.3,0.0,0.5653137564659119,0.5421826899051666,-0.02313106656074524
957,395,duration,39.0,27.0,0.3076923076923077,0.9,0.4,0.3,0.0,0.5653137564659119,0.5493279933929444,-0.015985763072967528
958,395,duration,39.0,28.0,0.28205128205128205,0.9,0.3,0.2,0.0,0.5653137564659119,0.5510778546333313,-0.014235901832580566
959,395,duration,39.0,30.0,0.23076923076923078,0.9,0.4,0.3,0.0,0.5653137564659119,0.5559301316738129,-0.009383624792099
960,395,duration,39.0,33.0,0.15384615384615385,0.9,0.1,0.0,0.0,0.5653137564659119,0.5553908437490463,-0.00992291271686554
961,395,duration,39.0,36.0,0.07692307692307693,0.9,0.1,0.0,0.0,0.5653137564659119,0.570410767197609,0.005097010731697082
962,221,credit_amount,1200.0,300.0,0.75,1.0,0.0,0.0,0.0,0.6251435101032257,0.6303194224834442,0.0051759123802185055
963,221,credit_amount,1200.0,360.0,0.7,1.0,0.0,0.0,0.0,0.6251435101032257,0.6332885086536407,0.008144998550415039
964,221,credit_amount,1200.0,420.0,0.65,1.0,0.0,0.0,0.0,0.6251435101032257,0.6350006043910981,0.009857094287872315
965,221,credit_amount,1200.0,480.0,0.6,1.0,0.0,0.0,0.0,0.6251435101032257,0.6369030952453614,0.01175958514213562
966,221,credit_amount,1200.0,540.0,0.55,1.0,0.0,0.0,0.0,0.6251435101032257,0.6359759390354156,0.010832428932189941
967,221,credit_amount,1200.0,600.0,0.5,1.0,0.0,0.0,0.0,0.6251435101032257,0.6359702527523041,0.01082674264907837
968,221,credit_amount,1200.0,660.0,0.45,1.0,0.0,0.0,0.0,0.6251435101032257,0.6402144193649292,0.01507090926170349
969,221,credit_amount,1200.0,720.0,0.4,1.0,0.0,0.0,0.0,0.6251435101032257,0.6402247726917267,0.015081262588500977
970,221,credit_amount,1200.0,780.0,0.35,1.0,0.0,0.0,0.0,0.6251435101032257,0.6374631762504578,0.012319666147232056
971,221,credit_amount,1200.0,840.0,0.3,1.0,0.0,0.0,0.0,0.6251435101032257,0.6361575067043305,0.011013996601104737
972,221,credit_amount,1200.0,900.0,0.25,1.0,0.0,0.0,0.0,0.6251435101032257,0.6348829805850983,0.00973947048187256
973,221,credit_amount,1200.0,960.0,0.2,1.0,0.0,0.0,0.0,0.6251435101032257,0.631401801109314,0.006258291006088257
974,221,credit_amount,1200.0,1020.0,0.15,1.0,0.0,0.0,0.0,0.6251435101032257,0.6280725836753845,0.0029290735721588133
975,221,credit_amount,1200.0,1080.0,0.1,1.0,0.0,0.0,0.0,0.6251435101032257,0.6276462137699127,0.002502703666687012
976,221,credit_amount,1200.0,1140.0,0.05,1.0,0.0,0.0,0.0,0.6251435101032257,0.6238617300987244,-0.0012817800045013428
977,221,duration,12.0,4.0,0.6666666666666666,1.0,0.4,0.4,0.3,0.6251435101032257,0.49861285388469695,-0.12653065621852874
978,221,duration,12.0,6.0,0.5,1.0,0.4,0.4,0.2,0.6251435101032257,0.5277754187583923,-0.09736809134483337
979,221,duration,12.0,7.0,0.4166666666666667,1.0,0.3,0.3,0.1,0.6251435101032257,0.5397086024284363,-0.08543490767478942
980,221,duration,12.0,8.0,0.3333333333333333,1.0,0.2,0.2,0.1,0.6251435101032257,0.5473876148462296,-0.07775589525699615
981,221,duration,12.0,9.0,0.25,1.0,0.1,0.1,0.1,0.6251435101032257,0.5767851144075393,-0.04835839569568634
982,221,duration,12.0,10.0,0.16666666666666666,1.0,0.1,0.1,0.1,0.6251435101032257,0.5774476855993271,-0.04769582450389862
983,221,duration,12.0,11.0,0.08333333333333333,1.0,0.1,0.1,0.1,0.6251435101032257,0.5768090903759002,-0.04833441972732544
984,751,credit_amount,976.0,293.0,0.6997950819672131,1.0,0.0,0.0,0.0,0.7145224452018738,0.6999752402305603,-0.014547204971313477
985,751,credit_amount,976.0,342.0,0.6495901639344263,1.0,0.0,0.0,0.0,0.7145224452018738,0.7039594054222107,-0.010563039779663086
986,751,credit_amount,976.0,390.0,0.6004098360655737,1.0,0.0,0.0,0.0,0.7145224452018738,0.7039464354515076,-0.010576009750366211
987,751,credit_amount,976.0,439.0,0.5502049180327869,1.0,0.0,0.0,0.0,0.7145224452018738,0.708900636434555,-0.005621808767318726
988,751,credit_amount,976.0,488.0,0.5,1.0,0.0,0.0,0.0,0.7145224452018738,0.7114197254180908,-0.003102719783782959
989,751,credit_amount,976.0,537.0,0.44979508196721313,1.0,0.0,0.0,0.0,0.7145224452018738,0.7113384544849396,-0.003183990716934204
990,751,credit_amount,976.0,586.0,0.39959016393442626,1.0,0.0,0.0,0.0,0.7145224452018738,0.71226407289505,-0.0022583723068237303
991,751,credit_amount,976.0,634.0,0.35040983606557374,1.0,0.0,0.0,0.0,0.7145224452018738,0.7142114162445068,-0.00031102895736694335
992,751,credit_amount,976.0,683.0,0.30020491803278687,1.0,0.0,0.0,0.0,0.7145224452018738,0.720141875743866,0.005619430541992187
993,751,credit_amount,976.0,732.0,0.25,1.0,0.0,0.0,0.0,0.7145224452018738,0.7188652932643891,0.0043428480625152584
994,751,credit_amount,976.0,781.0,0.19979508196721313,1.0,0.0,0.0,0.0,0.7145224452018738,0.7204376041889191,0.005915158987045288
995,751,credit_amount,976.0,830.0,0.14959016393442623,1.0,0.0,0.0,0.0,0.7145224452018738,0.716262036561966,0.001739591360092163
996,751,credit_amount,976.0,878.0,0.10040983606557377,1.0,0.0,0.0,0.0,0.7145224452018738,0.7184641361236572,0.003941690921783448
997,751,credit_amount,976.0,927.0,0.050204918032786885,1.0,0.0,0.0,0.0,0.7145224452018738,0.7191044211387634,0.004581975936889649
998,751,duration,18.0,4.0,0.7777777777777778,1.0,0.7,0.7,0.7,0.7145224452018738,0.46469795107841494,-0.24982449412345886
999,751,duration,18.0,6.0,0.6666666666666666,1.0,0.3,0.3,0.2,0.7145224452018738,0.5196180164813995,-0.19490442872047425
1000,751,duration,18.0,7.0,0.6111111111111112,1.0,0.3,0.3,0.0,0.7145224452018738,0.5396270394325257,-0.17489540576934814
1001,751,duration,18.0,8.0,0.5555555555555556,1.0,0.0,0.0,0.0,0.7145224452018738,0.5548887372016906,-0.15963370800018312
1002,751,duration,18.0,9.0,0.5,1.0,0.0,0.0,0.0,0.7145224452018738,0.6023627698421479,-0.11215967535972596
1003,751,duration,18.0,10.0,0.4444444444444444,1.0,0.0,0.0,0.0,0.7145224452018738,0.5969081103801728,-0.11761433482170106
1004,751,duration,18.0,11.0,0.3888888888888889,1.0,0.0,0.0,0.0,0.7145224452018738,0.5943588435649871,-0.1201636016368866
1005,751,duration,18.0,12.0,0.3333333333333333,1.0,0.0,0.0,0.0,0.7145224452018738,0.6615807354450226,-0.052941709756851196
1006,751,duration,18.0,13.0,0.2777777777777778,1.0,0.0,0.0,0.0,0.7145224452018738,0.646810644865036,-0.06771180033683777
1007,751,duration,18.0,14.0,0.2222222222222222,1.0,0.0,0.0,0.0,0.7145224452018738,0.6589194059371948,-0.05560303926467895
1008,751,duration,18.0,15.0,0.16666666666666666,1.0,0.0,0.0,0.0,0.7145224452018738,0.6684735953807831,-0.0460488498210907
1009,751,duration,18.0,16.0,0.1111111111111111,1.0,0.0,0.0,0.0,0.7145224452018738,0.6964977324008942,-0.018024712800979614
1010,953,credit_amount,10974.0,2744.0,0.7499544377619829,0.9,0.9,0.8,0.6,0.5570706486701965,0.42539299130439756,-0.13167765736579895
1011,953,credit_amount,10974.0,3292.0,0.7000182248952068,0.9,0.8,0.7,0.6,0.5570706486701965,0.42941245436668396,-0.12765819430351258
1012,953,credit_amount,10974.0,3841.0,0.6499908875523965,0.9,0.8,0.7,0.6,0.5570706486701965,0.4388582110404968,-0.11821243762969971
1013,953,credit_amount,10974.0,4390.0,0.5999635502095862,0.9,0.8,0.7,0.5,0.5570706486701965,0.4474190264940262,-0.10965162217617035
1014,953,credit_amount,10974.0,4938.0,0.5500273373428103,0.9,0.8,0.7,0.5,0.5570706486701965,0.4554609179496765,-0.10160973072052001
1015,953,credit_amount,10974.0,5487.0,0.5,0.9,0.8,0.7,0.5,0.5570706486701965,0.45622761845588683,-0.1008430302143097
1016,953,credit_amount,10974.0,6036.0,0.4499726626571897,0.9,0.8,0.7,0.5,0.5570706486701965,0.46319049000740053,-0.09388015866279602
1017,953,credit_amount,10974.0,6584.0,0.4000364497904137,0.9,0.7,0.6,0.4,0.5570706486701965,0.4709990382194519,-0.08607161045074463
1018,953,credit_amount,10974.0,7133.0,0.3500091124476034,0.9,0.7,0.6,0.3,0.5570706486701965,0.47896525263786316,-0.07810539603233338
1019,953,credit_amount,10974.0,7682.0,0.2999817751047931,0.9,0.7,0.6,0.3,0.5570706486701965,0.4884381860494614,-0.06863246262073516
1020,953,credit_amount,10974.0,8230.0,0.2500455622380171,0.9,0.6,0.5,0.3,0.5570706486701965,0.4992973059415817,-0.057773342728614806
1021,953,credit_amount,10974.0,8779.0,0.20001822489520685,0.9,0.6,0.5,0.2,0.5570706486701965,0.5100825488567352,-0.046988099813461304
1022,953,credit_amount,10974.0,9328.0,0.14999088755239656,0.9,0.5,0.4,0.0,0.5570706486701965,0.5228382766246795,-0.03423237204551697
1023,953,credit_amount,10974.0,9877.0,0.09996355020958629,0.9,0.3,0.2,0.0,0.5570706486701965,0.5351060062646866,-0.021964642405509948
1024,953,credit_amount,10974.0,10425.0,0.05002733734281028,0.9,0.2,0.1,0.0,0.5570706486701965,0.5468040436506272,-0.010266605019569396
1025,953,duration,36.0,4.0,0.8888888888888888,0.9,0.9,0.8,0.7,0.5570706486701965,0.4372043818235397,-0.1198662668466568
1026,953,duration,36.0,6.0,0.8333333333333334,0.9,0.9,0.8,0.6,0.5570706486701965,0.45244427025318146,-0.10462637841701508
1027,953,duration,36.0,7.0,0.8055555555555556,0.9,0.9,0.8,0.6,0.5570706486701965,0.45087222158908846,-0.10619842708110809
1028,953,duration,36.0,8.0,0.7777777777777778,0.9,0.9,0.8,0.6,0.5570706486701965,0.45385740995407103,-0.10321323871612549
1029,953,duration,36.0,9.0,0.75,0.9,0.8,0.7,0.6,0.5570706486701965,0.4766154080629349,-0.08045524060726165
1030,953,duration,36.0,10.0,0.7222222222222222,0.9,0.8,0.7,0.6,0.5570706486701965,0.4692308157682419,-0.08783983290195466
1031,953,duration,36.0,11.0,0.6944444444444444,0.9,0.8,0.7,0.6,0.5570706486701965,0.46699105203151703,-0.09007959663867951
1032,953,duration,36.0,12.0,0.6666666666666666,0.9,0.7,0.6,0.4,0.5570706486701965,0.49603644013404846,-0.06103420853614807
1033,953,duration,36.0,13.0,0.6388888888888888,0.9,0.8,0.7,0.5,0.5570706486701965,0.48265661895275114,-0.07441402971744537
1034,953,duration,36.0,14.0,0.6111111111111112,0.9,0.8,0.7,0.4,0.5570706486701965,0.4894597947597504,-0.06761085391044616
1035,953,duration,36.0,15.0,0.5833333333333334,0.9,0.7,0.6,0.3,0.5570706486701965,0.4945908606052399,-0.062479788064956666
1036,953,duration,36.0,16.0,0.5555555555555556,0.9,0.5,0.4,0.1,0.5570706486701965,0.5115535080432891,-0.04551714062690735
1037,953,duration,36.0,18.0,0.5,0.9,0.4,0.3,0.1,0.5570706486701965,0.5219271093606949,-0.03514353930950165
1038,953,duration,36.0,20.0,0.4444444444444444,0.9,0.6,0.5,0.2,0.5570706486701965,0.5101612716913223,-0.04690937697887421
1039,953,duration,36.0,21.0,0.4166666666666667,0.9,0.5,0.4,0.1,0.5570706486701965,0.5192622780799866,-0.03780837059020996
1040,953,duration,36.0,22.0,0.3888888888888889,0.9,0.5,0.4,0.1,0.5570706486701965,0.5111461728811264,-0.04592447578907013
1041,953,duration,36.0,24.0,0.3333333333333333,0.9,0.3,0.2,0.0,0.5570706486701965,0.5289155930280686,-0.02815505564212799
1042,953,duration,36.0,26.0,0.2777777777777778,0.9,0.4,0.3,0.1,0.5570706486701965,0.5225915908813477,-0.034479057788848876
1043,953,duration,36.0,27.0,0.25,0.9,0.4,0.3,0.1,0.5570706486701965,0.5250755339860916,-0.03199511468410492
1044,953,duration,36.0,28.0,0.2222222222222222,0.9,0.4,0.3,0.0,0.5570706486701965,0.5318239480257034,-0.0252467006444931
1045,953,duration,36.0,30.0,0.16666666666666666,0.9,0.3,0.2,0.0,0.5570706486701965,0.5383031696081162,-0.018767479062080383
1046,953,duration,36.0,33.0,0.08333333333333333,0.9,0.4,0.3,0.0,0.5570706486701965,0.5367881566286087,-0.02028249204158783
1047,746,credit_amount,2511.0,628.0,0.7499004380724811,1.0,0.0,0.0,0.0,0.6319973587989807,0.710870236158371,0.07887287735939026
1048,746,credit_amount,2511.0,753.0,0.7001194743130227,1.0,0.0,0.0,0.0,0.6319973587989807,0.7120900332927704,0.08009267449378968
1049,746,credit_amount,2511.0,879.0,0.6499402628434886,1.0,0.0,0.0,0.0,0.6319973587989807,0.7078669726848602,0.07586961388587951
1050,746,credit_amount,2511.0,1004.0,0.6001592990840303,1.0,0.0,0.0,0.0,0.6319973587989807,0.6984099268913269,0.06641256809234619
1051,746,credit_amount,2511.0,1130.0,0.5499800876144962,1.0,0.0,0.0,0.0,0.6319973587989807,0.6933811128139495,0.06138375401496887
1052,746,credit_amount,2511.0,1256.0,0.49980087614496216,1.0,0.0,0.0,0.0,0.6319973587989807,0.6903606653213501,0.05836330652236939
1053,746,credit_amount,2511.0,1381.0,0.45001991238550376,1.0,0.0,0.0,0.0,0.6319973587989807,0.6819748699665069,0.049977511167526245
1054,746,credit_amount,2511.0,1507.0,0.39984070091596974,1.0,0.0,0.0,0.0,0.6319973587989807,0.6717223227024078,0.03972496390342713
1055,746,credit_amount,2511.0,1632.0,0.35005973715651134,1.0,0.0,0.0,0.0,0.6319973587989807,0.6633741199970246,0.03137676119804382
1056,746,credit_amount,2511.0,1758.0,0.2998805256869773,1.0,0.0,0.0,0.0,0.6319973587989807,0.6621666371822357,0.030169278383255005
1057,746,credit_amount,2511.0,1883.0,0.2500995619275189,1.0,0.0,0.0,0.0,0.6319973587989807,0.6608227729797364,0.028825414180755616
1058,746,credit_amount,2511.0,2009.0,0.19992035045798487,1.0,0.0,0.0,0.0,0.6319973587989807,0.6497614800930023,0.017764121294021606
1059,746,credit_amount,2511.0,2134.0,0.15013938669852647,1.0,0.0,0.0,0.0,0.6319973587989807,0.6444233119487762,0.012425953149795532
1060,746,credit_amount,2511.0,2260.0,0.09996017522899243,1.0,0.0,0.0,0.0,0.6319973587989807,0.6407471060752868,0.008749747276306152
1061,746,credit_amount,2511.0,2385.0,0.05017921146953405,1.0,0.0,0.0,0.0,0.6319973587989807,0.6381942629814148,0.006196904182434082
1062,746,duration,15.0,4.0,0.7333333333333333,1.0,0.7,0.7,0.4,0.6319973587989807,0.4878638058900833,-0.1441335529088974
1063,746,duration,15.0,6.0,0.6,1.0,0.4,0.4,0.2,0.6319973587989807,0.5124164789915084,-0.11958087980747223
1064,746,duration,15.0,7.0,0.5333333333333333,1.0,0.4,0.4,0.2,0.6319973587989807,0.5223271012306213,-0.10967025756835938
1065,746,duration,15.0,8.0,0.4666666666666667,1.0,0.3,0.3,0.1,0.6319973587989807,0.5334184885025024,-0.09857887029647827
1066,746,duration,15.0,9.0,0.4,1.0,0.1,0.1,0.0,0.6319973587989807,0.5711223125457764,-0.06087504625320435
1067,746,duration,15.0,10.0,0.3333333333333333,1.0,0.1,0.1,0.0,0.6319973587989807,0.5656646221876145,-0.06633273661136627
1068,746,duration,15.0,11.0,0.26666666666666666,1.0,0.1,0.1,0.0,0.6319973587989807,0.5635413229465485,-0.06845603585243225
1069,746,duration,15.0,12.0,0.2,1.0,0.0,0.0,0.0,0.6319973587989807,0.6240775763988495,-0.007919782400131225
1070,746,duration,15.0,13.0,0.13333333333333333,1.0,0.0,0.0,0.0,0.6319973587989807,0.6105433404445648,-0.021454018354415894
1071,746,duration,15.0,14.0,0.06666666666666667,1.0,0.0,0.0,0.0,0.6319973587989807,0.622179901599884,-0.00981745719909668
1072,375,credit_amount,7685.0,1921.0,0.7500325309043592,1.0,0.0,0.0,0.0,0.6963989913463593,0.7028502702713013,0.006451278924942017
1073,375,credit_amount,7685.0,2306.0,0.6999349381912817,1.0,0.0,0.0,0.0,0.6963989913463593,0.7008051574230194,0.004406166076660156
1074,375,credit_amount,7685.0,2690.0,0.6499674690956408,1.0,0.0,0.0,0.0,0.6963989913463593,0.6943657517433166,-0.0020332396030426025
1075,375,credit_amount,7685.0,3074.0,0.6,1.0,0.0,0.0,0.0,0.6963989913463593,0.695521456003189,-0.000877535343170166
1076,375,credit_amount,7685.0,3458.0,0.5500325309043591,1.0,0.0,0.0,0.0,0.6963989913463593,0.6918295741081237,-0.004569417238235474
1077,375,credit_amount,7685.0,3842.0,0.5000650618087182,1.0,0.0,0.0,0.0,0.6963989913463593,0.6924083709716797,-0.003990620374679565
1078,375,credit_amount,7685.0,4227.0,0.44996746909564084,1.0,0.0,0.0,0.0,0.6963989913463593,0.6965194404125213,0.00012044906616210937
1079,375,credit_amount,7685.0,4611.0,0.4,1.0,0.0,0.0,0.0,0.6963989913463593,0.6969613134860992,0.0005623221397399903
1080,375,credit_amount,7685.0,4995.0,0.35003253090435915,1.0,0.0,0.0,0.0,0.6963989913463593,0.6952659010887146,-0.0011330902576446532
1081,375,credit_amount,7685.0,5380.0,0.2999349381912817,1.0,0.0,0.0,0.0,0.6963989913463593,0.6899237692356109,-0.006475222110748291
1082,375,credit_amount,7685.0,5764.0,0.24996746909564085,1.0,0.0,0.0,0.0,0.6963989913463593,0.692266708612442,-0.004132282733917236
1083,375,credit_amount,7685.0,6148.0,0.2,1.0,0.0,0.0,0.0,0.6963989913463593,0.6946536600589752,-0.0017453312873840332
1084,375,credit_amount,7685.0,6532.0,0.15003253090435914,1.0,0.0,0.0,0.0,0.6963989913463593,0.6931086122989655,-0.003290379047393799
1085,375,credit_amount,7685.0,6916.0,0.10006506180871828,1.0,0.0,0.0,0.0,0.6963989913463593,0.6930785536766052,-0.003320437669754028
1086,375,credit_amount,7685.0,7301.0,0.04996746909564086,1.0,0.0,0.0,0.0,0.6963989913463593,0.6944748401641846,-0.0019241511821746827
1087,375,duration,48.0,4.0,0.9166666666666666,1.0,0.4,0.4,0.1,0.6963989913463593,0.5322383880615235,-0.1641606032848358
1088,375,duration,48.0,6.0,0.875,1.0,0.3,0.3,0.1,0.6963989913463593,0.5384987711906433,-0.15790022015571595
1089,375,duration,48.0,7.0,0.8541666666666666,1.0,0.4,0.4,0.1,0.6963989913463593,0.5365772545337677,-0.15982173681259154
1090,375,duration,48.0,8.0,0.8333333333333334,1.0,0.3,0.3,0.1,0.6963989913463593,0.539098909497261,-0.15730008184909822
1091,375,duration,48.0,9.0,0.8125,1.0,0.1,0.1,0.1,0.6963989913463593,0.5624260663986206,-0.13397292494773866
1092,375,duration,48.0,10.0,0.7916666666666666,1.0,0.1,0.1,0.1,0.6963989913463593,0.5521571695804596,-0.14424182176589967
1093,375,duration,48.0,11.0,0.7708333333333334,1.0,0.2,0.2,0.1,0.6963989913463593,0.5466592848300934,-0.14973970651626586
1094,375,duration,48.0,12.0,0.75,1.0,0.0,0.0,0.0,0.6963989913463593,0.5792155563831329,-0.11718343496322632
1095,375,duration,48.0,13.0,0.7291666666666666,1.0,0.1,0.1,0.0,0.6963989913463593,0.5641242206096649,-0.13227477073669433
1096,375,duration,48.0,14.0,0.7083333333333334,1.0,0.0,0.0,0.0,0.6963989913463593,0.5729723453521729,-0.1234266459941864
1097,375,duration,48.0,15.0,0.6875,1.0,0.0,0.0,0.0,0.6963989913463593,0.5760552644729614,-0.12034372687339782
1098,375,duration,48.0,16.0,0.6666666666666666,1.0,0.0,0.0,0.0,0.6963989913463593,0.5945427298545838,-0.10185626149177551
1099,375,duration,48.0,18.0,0.625,1.0,0.0,0.0,0.0,0.6963989913463593,0.6016335785388947,-0.0947654128074646
1100,375,duration,48.0,20.0,0.5833333333333334,1.0,0.0,0.0,0.0,0.6963989913463593,0.5894207894802094,-0.1069782018661499
1101,375,duration,48.0,21.0,0.5625,1.0,0.0,0.0,0.0,0.6963989913463593,0.5998978316783905,-0.09650115966796875
1102,375,duration,48.0,22.0,0.5416666666666666,1.0,0.0,0.0,0.0,0.6963989913463593,0.5897636890411377,-0.10663530230522156
1103,375,duration,48.0,24.0,0.5,1.0,0.0,0.0,0.0,0.6963989913463593,0.6125696718692779,-0.0838293194770813
1104,375,duration,48.0,26.0,0.4583333333333333,1.0,0.0,0.0,0.0,0.6963989913463593,0.60668865442276,-0.08971033692359924
1105,375,duration,48.0,27.0,0.4375,1.0,0.0,0.0,0.0,0.6963989913463593,0.6126287758350373,-0.08377021551132202
1106,375,duration,48.0,28.0,0.4166666666666667,1.0,0.0,0.0,0.0,0.6963989913463593,0.6162161231040955,-0.0801828682422638
1107,375,duration,48.0,30.0,0.375,1.0,0.0,0.0,0.0,0.6963989913463593,0.6235664010047912,-0.072832590341568
1108,375,duration,48.0,33.0,0.3125,1.0,0.0,0.0,0.0,0.6963989913463593,0.6247947931289672,-0.07160419821739197
1109,375,duration,48.0,36.0,0.25,1.0,0.0,0.0,0.0,0.6963989913463593,0.6513248980045319,-0.045074093341827395
1110,375,duration,48.0,39.0,0.1875,1.0,0.0,0.0,0.0,0.6963989913463593,0.6503590047359467,-0.0460399866104126
1111,375,duration,48.0,40.0,0.16666666666666666,1.0,0.0,0.0,0.0,0.6963989913463593,0.6573772609233857,-0.03902173042297363
1112,375,duration,48.0,42.0,0.125,1.0,0.0,0.0,0.0,0.6963989913463593,0.6599771559238434,-0.03642183542251587
1113,375,duration,48.0,45.0,0.0625,1.0,0.0,0.0,0.0,0.6963989913463593,0.6680250465869904,-0.028373944759368896
1114,375,duration,48.0,47.0,0.020833333333333332,1.0,0.0,0.0,0.0,0.6963989913463593,0.6701478779315948,-0.026251113414764403
1115,998,credit_amount,1845.0,461.0,0.7501355013550135,1.0,0.0,0.0,0.0,0.6661516726016998,0.6493151664733887,-0.016836506128311158
1116,998,credit_amount,1845.0,554.0,0.699728997289973,1.0,0.0,0.0,0.0,0.6661516726016998,0.6502420723438262,-0.015909600257873534
1117,998,credit_amount,1845.0,646.0,0.6498644986449864,1.0,0.0,0.0,0.0,0.6661516726016998,0.6556219637393952,-0.010529708862304688
1118,998,credit_amount,1845.0,738.0,0.6,1.0,0.0,0.0,0.0,0.6661516726016998,0.6565223813056946,-0.00962929129600525
1119,998,credit_amount,1845.0,830.0,0.5501355013550135,1.0,0.0,0.0,0.0,0.6661516726016998,0.6598842024803162,-0.006267470121383667
1120,998,credit_amount,1845.0,922.0,0.5002710027100271,1.0,0.0,0.0,0.0,0.6661516726016998,0.6634814858436584,-0.002670186758041382
1121,998,credit_amount,1845.0,1015.0,0.44986449864498645,1.0,0.0,0.0,0.0,0.6661516726016998,0.6592970132827759,-0.0068546593189239505
1122,998,credit_amount,1845.0,1107.0,0.4,1.0,0.0,0.0,0.0,0.6661516726016998,0.6619298696517945,-0.004221802949905396
1123,998,credit_amount,1845.0,1199.0,0.35013550135501353,1.0,0.0,0.0,0.0,0.6661516726016998,0.6628153860569,-0.0033362865447998046
1124,998,credit_amount,1845.0,1292.0,0.2997289972899729,1.0,0.0,0.0,0.0,0.6661516726016998,0.66494300365448,-0.0012086689472198485
1125,998,credit_amount,1845.0,1384.0,0.24986449864498644,1.0,0.0,0.0,0.0,0.6661516726016998,0.6630945086479187,-0.0030571639537811278
1126,998,credit_amount,1845.0,1476.0,0.2,1.0,0.0,0.0,0.0,0.6661516726016998,0.6604582309722901,-0.00569344162940979
1127,998,credit_amount,1845.0,1568.0,0.15013550135501355,1.0,0.0,0.0,0.0,0.6661516726016998,0.664433091878891,-0.0017185807228088379
1128,998,credit_amount,1845.0,1660.0,0.1002710027100271,1.0,0.0,0.0,0.0,0.6661516726016998,0.6622985064983368,-0.003853166103363037
1129,998,credit_amount,1845.0,1753.0,0.04986449864498645,1.0,0.0,0.0,0.0,0.6661516726016998,0.6649494051933289,-0.0012022674083709717
1130,998,duration,45.0,4.0,0.9111111111111111,1.0,0.9,0.9,0.9,0.6661516726016998,0.376277095079422,-0.28987457752227785
1131,998,duration,45.0,6.0,0.8666666666666667,1.0,0.9,0.9,0.9,0.6661516726016998,0.3869811773300171,-0.27917049527168275
1132,998,duration,45.0,7.0,0.8444444444444444,1.0,0.9,0.9,0.9,0.6661516726016998,0.38921160995960236,-0.2769400626420975
1133,998,duration,45.0,8.0,0.8222222222222222,1.0,0.9,0.9,0.9,0.6661516726016998,0.3975964426994324,-0.26855522990226743
1134,998,duration,45.0,9.0,0.8,1.0,0.9,0.9,0.7,0.6661516726016998,0.4286810696125031,-0.23747060298919678
1135,998,duration,45.0,10.0,0.7777777777777778,1.0,0.9,0.9,0.8,0.6661516726016998,0.4186105728149414,-0.24754109978675842
1136,998,duration,45.0,11.0,0.7555555555555555,1.0,0.9,0.9,0.8,0.6661516726016998,0.4193049132823944,-0.24684675931930541
1137,998,duration,45.0,12.0,0.7333333333333333,1.0,0.7,0.7,0.7,0.6661516726016998,0.46688116490840914,-0.19927050769329072
1138,998,duration,45.0,13.0,0.7111111111111111,1.0,0.7,0.7,0.7,0.6661516726016998,0.4596098154783249,-0.20654185712337494
1139,998,duration,45.0,14.0,0.6888888888888889,1.0,0.7,0.7,0.6,0.6661516726016998,0.4732373714447021,-0.19291430115699768
1140,998,duration,45.0,15.0,0.6666666666666666,1.0,0.7,0.7,0.5,0.6661516726016998,0.4804795801639557,-0.18567209243774413
1141,998,duration,45.0,16.0,0.6444444444444445,1.0,0.4,0.4,0.3,0.6661516726016998,0.5175169289112092,-0.14863474369049073
1142,998,duration,45.0,18.0,0.6,1.0,0.3,0.3,0.2,0.6661516726016998,0.5342264086008072,-0.13192526400089263
1143,998,duration,45.0,20.0,0.5555555555555556,1.0,0.3,0.3,0.2,0.6661516726016998,0.5278504848480224,-0.13830118775367736
1144,998,duration,45.0,21.0,0.5333333333333333,1.0,0.3,0.3,0.1,0.6661516726016998,0.5393808811903,-0.12677079141139985
1145,998,duration,45.0,22.0,0.5111111111111111,1.0,0.3,0.3,0.2,0.6661516726016998,0.53591990172863,-0.13023177087306975
1146,998,duration,45.0,24.0,0.4666666666666667,1.0,0.1,0.1,0.0,0.6661516726016998,0.57025166451931,-0.09590000808238983
1147,998,duration,45.0,26.0,0.4222222222222222,1.0,0.0,0.0,0.0,0.6661516726016998,0.5769726932048798,-0.08917897939682007
1148,998,duration,45.0,27.0,0.4,1.0,0.0,0.0,0.0,0.6661516726016998,0.5879804491996765,-0.07817122340202332
1149,998,duration,45.0,28.0,0.37777777777777777,1.0,0.0,0.0,0.0,0.6661516726016998,0.594185733795166,-0.07196593880653382
1150,998,duration,45.0,30.0,0.3333333333333333,1.0,0.0,0.0,0.0,0.6661516726016998,0.6059843719005584,-0.06016730070114136
1151,998,duration,45.0,33.0,0.26666666666666666,1.0,0.0,0.0,0.0,0.6661516726016998,0.6134482324123383,-0.05270344018936157
1152,998,duration,45.0,36.0,0.2,1.0,0.0,0.0,0.0,0.6661516726016998,0.6430830776691436,-0.02306859493255615
1153,998,duration,45.0,39.0,0.13333333333333333,1.0,0.0,0.0,0.0,0.6661516726016998,0.6498456180095673,-0.01630605459213257
1154,998,duration,45.0,40.0,0.1111111111111111,1.0,0.0,0.0,0.0,0.6661516726016998,0.654991751909256,-0.011159920692443847
1155,998,duration,45.0,42.0,0.06666666666666667,1.0,0.0,0.0,0.0,0.6661516726016998,0.6596375107765198,-0.006514161825180054
1156,353,credit_amount,6199.0,1550.0,0.7499596709146636,1.0,0.1,0.1,0.0,0.5963094770908356,0.5542712539434433,-0.04203822314739227
1157,353,credit_amount,6199.0,1860.0,0.6999516050975964,1.0,0.1,0.1,0.0,0.5963094770908356,0.550787353515625,-0.04552212357521057
1158,353,credit_amount,6199.0,2170.0,0.6499435392805292,1.0,0.2,0.2,0.0,0.5963094770908356,0.5465024888515473,-0.04980698823928833
1159,353,credit_amount,6199.0,2480.0,0.5999354734634619,1.0,0.3,0.3,0.0,0.5963094770908356,0.5449439108371734,-0.05136556625366211
1160,353,credit_amount,6199.0,2790.0,0.5499274076463946,1.0,0.3,0.3,0.1,0.5963094770908356,0.5462344378232956,-0.05007503926753998
1161,353,credit_amount,6199.0,3100.0,0.4999193418293273,1.0,0.3,0.3,0.1,0.5963094770908356,0.5446791589260102,-0.05163031816482544
1162,353,credit_amount,6199.0,3409.0,0.4500725923536054,1.0,0.2,0.2,0.1,0.5963094770908356,0.5446220189332962,-0.05168745815753937
1163,353,credit_amount,6199.0,3719.0,0.4000645265365382,1.0,0.2,0.2,0.1,0.5963094770908356,0.5479271084070205,-0.048382368683815
1164,353,credit_amount,6199.0,4029.0,0.3500564607194709,1.0,0.2,0.2,0.0,0.5963094770908356,0.5608960300683975,-0.03541344702243805
1165,353,credit_amount,6199.0,4339.0,0.3000483949024036,1.0,0.1,0.1,0.0,0.5963094770908356,0.5656454265117645,-0.030664050579071046
1166,353,credit_amount,6199.0,4649.0,0.25004032908533635,1.0,0.1,0.1,0.0,0.5963094770908356,0.5700039237737655,-0.026305553317070008
1167,353,credit_amount,6199.0,4959.0,0.2000322632682691,1.0,0.1,0.1,0.0,0.5963094770908356,0.5752641171216964,-0.0210453599691391
1168,353,credit_amount,6199.0,5269.0,0.1500241974512018,1.0,0.1,0.1,0.0,0.5963094770908356,0.5765955775976181,-0.019713899493217467
1169,353,credit_amount,6199.0,5579.0,0.10001613163413454,1.0,0.1,0.1,0.0,0.5963094770908356,0.5825919210910797,-0.013717555999755859
1170,353,credit_amount,6199.0,5889.0,0.05000806581706727,1.0,0.1,0.1,0.0,0.5963094770908356,0.586715966463089,-0.009593510627746582
1171,353,duration,12.0,4.0,0.6666666666666666,1.0,0.3,0.3,0.2,0.5963094770908356,0.5188827484846115,-0.07742672860622406
1172,353,duration,12.0,6.0,0.5,1.0,0.4,0.4,0.2,0.5963094770908356,0.5329538404941558,-0.06335563659667968
1173,353,duration,12.0,7.0,0.4166666666666667,1.0,0.3,0.3,0.2,0.5963094770908356,0.5342311084270477,-0.06207836866378784
1174,353,duration,12.0,8.0,0.3333333333333333,1.0,0.3,0.3,0.1,0.5963094770908356,0.5401100486516952,-0.05619942843914032
1175,353,duration,12.0,9.0,0.25,1.0,0.1,0.1,0.0,0.5963094770908356,0.56619773209095,-0.03011174499988556
1176,353,duration,12.0,10.0,0.16666666666666666,1.0,0.3,0.3,0.0,0.5963094770908356,0.5586040884256362,-0.03770538866519928
1177,353,duration,12.0,11.0,0.08333333333333333,1.0,0.3,0.3,0.0,0.5963094770908356,0.5551825433969497,-0.0411269336938858
1178,182,credit_amount,1647.0,412.0,0.7498482088646024,0.8,0.2,0.0,0.0,0.540845713019371,0.5410225063562393,0.00017679333686828613
1179,182,credit_amount,1647.0,494.0,0.7000607164541591,0.8,0.1,0.0,0.0,0.540845713019371,0.5474709510803223,0.006625238060951233
1180,182,credit_amount,1647.0,576.0,0.6502732240437158,0.8,0.1,0.0,0.0,0.540845713019371,0.5489554315805435,0.008109718561172485
1181,182,credit_amount,1647.0,659.0,0.5998785670916819,0.8,0.1,0.0,0.0,0.540845713019371,0.5554182708263398,0.01457255780696869
1182,182,credit_amount,1647.0,741.0,0.5500910746812386,0.8,0.1,0.0,0.0,0.540845713019371,0.5585171461105347,0.017671433091163636
1183,182,credit_amount,1647.0,824.0,0.4996964177292046,0.8,0.1,0.0,0.0,0.540845713019371,0.5588523507118225,0.018006637692451477
1184,182,credit_amount,1647.0,906.0,0.44990892531876137,0.8,0.1,0.0,0.0,0.540845713019371,0.5600068509578705,0.01916113793849945
1185,182,credit_amount,1647.0,988.0,0.40012143290831814,0.8,0.1,0.0,0.0,0.540845713019371,0.5548099279403687,0.01396421492099762
1186,182,credit_amount,1647.0,1071.0,0.34972677595628415,0.8,0.1,0.0,0.0,0.540845713019371,0.5540022194385529,0.013156506419181823
1187,182,credit_amount,1647.0,1153.0,0.29993928354584093,0.8,0.1,0.0,0.0,0.540845713019371,0.5551358044147492,0.014290091395378113
1188,182,credit_amount,1647.0,1235.0,0.2501517911353977,0.8,0.1,0.0,0.0,0.540845713019371,0.5559116899967194,0.015065976977348327
1189,182,credit_amount,1647.0,1318.0,0.1997571341833637,0.8,0.1,0.0,0.0,0.540845713019371,0.5519413113594055,0.011095598340034485
1190,182,credit_amount,1647.0,1400.0,0.14996964177292046,0.8,0.2,0.0,0.0,0.540845713019371,0.5462211519479752,0.005375438928604126
1191,182,credit_amount,1647.0,1482.0,0.10018214936247723,0.8,0.2,0.0,0.0,0.540845713019371,0.5438882857561111,0.0030425727367401124
1192,182,credit_amount,1647.0,1565.0,0.04978749241044323,0.8,0.1,0.0,0.0,0.540845713019371,0.5446447610855103,0.003799048066139221
1193,182,duration,21.0,4.0,0.8095238095238095,0.8,1.0,0.8,0.7,0.540845713019371,0.3246831282973289,-0.21616258472204208
1194,182,duration,21.0,6.0,0.7142857142857143,0.8,1.0,0.8,0.7,0.540845713019371,0.3587461784482002,-0.1820995345711708
1195,182,duration,21.0,7.0,0.6666666666666666,0.8,1.0,0.8,0.7,0.540845713019371,0.370197930932045,-0.17064778208732606
1196,182,duration,21.0,8.0,0.6190476190476191,0.8,1.0,0.8,0.7,0.540845713019371,0.3803360849618912,-0.16050962805747987
1197,182,duration,21.0,9.0,0.5714285714285714,0.8,0.9,0.7,0.5,0.540845713019371,0.4136960536241531,-0.12714965939521788
1198,182,duration,21.0,10.0,0.5238095238095238,0.8,1.0,0.8,0.5,0.540845713019371,0.41367708146572113,-0.1271686315536499
1199,182,duration,21.0,11.0,0.47619047619047616,0.8,1.0,0.8,0.5,0.540845713019371,0.4123015493154526,-0.12854416370391847
1200,182,duration,21.0,12.0,0.42857142857142855,0.8,0.6,0.4,0.2,0.540845713019371,0.4658547729253769,-0.07499094009399414
1201,182,duration,21.0,13.0,0.38095238095238093,0.8,0.7,0.5,0.3,0.540845713019371,0.45989254415035247,-0.08095316886901856
1202,182,duration,21.0,14.0,0.3333333333333333,0.8,0.6,0.4,0.3,0.540845713019371,0.47187751829624175,-0.06896819472312928
1203,182,duration,21.0,15.0,0.2857142857142857,0.8,0.6,0.4,0.2,0.540845713019371,0.4850059747695923,-0.055839738249778746
1204,182,duration,21.0,16.0,0.23809523809523808,0.8,0.4,0.2,0.0,0.540845713019371,0.509503322839737,-0.0313423901796341
1205,182,duration,21.0,18.0,0.14285714285714285,0.8,0.3,0.1,0.0,0.540845713019371,0.5313846647739411,-0.009461048245429992
1206,182,duration,21.0,20.0,0.047619047619047616,0.8,0.3,0.1,0.0,0.540845713019371,0.5221547305583953,-0.01869098246097565
1207,993,credit_amount,3959.0,990.0,0.7499368527405911,1.0,0.0,0.0,0.0,0.6466361880302429,0.6281168639659882,-0.01851932406425476
1208,993,credit_amount,3959.0,1188.0,0.6999242232887093,1.0,0.0,0.0,0.0,0.6466361880302429,0.6313148617744446,-0.01532132625579834
1209,993,credit_amount,3959.0,1386.0,0.6499115938368275,1.0,0.0,0.0,0.0,0.6466361880302429,0.631343275308609,-0.015292912721633911
1210,993,credit_amount,3959.0,1584.0,0.5998989643849457,1.0,0.0,0.0,0.0,0.6466361880302429,0.6328798532485962,-0.013756334781646729
1211,993,credit_amount,3959.0,1782.0,0.5498863349330639,1.0,0.0,0.0,0.0,0.6466361880302429,0.6372671723365784,-0.00936901569366455
1212,993,credit_amount,3959.0,1980.0,0.4998737054811821,1.0,0.0,0.0,0.0,0.6466361880302429,0.6424448847770691,-0.004191303253173828
1213,993,credit_amount,3959.0,2177.0,0.4501136650669361,1.0,0.0,0.0,0.0,0.6466361880302429,0.6401230156421661,-0.006513172388076782
1214,993,credit_amount,3959.0,2375.0,0.4001010356150543,1.0,0.0,0.0,0.0,0.6466361880302429,0.6408590734004974,-0.005777114629745483
1215,993,credit_amount,3959.0,2573.0,0.3500884061631725,1.0,0.0,0.0,0.0,0.6466361880302429,0.640730369091034,-0.005905818939208984
1216,993,credit_amount,3959.0,2771.0,0.3000757767112907,1.0,0.0,0.0,0.0,0.6466361880302429,0.6405045032501221,-0.00613168478012085
1217,993,credit_amount,3959.0,2969.0,0.2500631472594089,1.0,0.0,0.0,0.0,0.6466361880302429,0.6402281403541565,-0.006408047676086426
1218,993,credit_amount,3959.0,3167.0,0.20005051780752714,1.0,0.0,0.0,0.0,0.6466361880302429,0.6409001767635345,-0.005736011266708374
1219,993,credit_amount,3959.0,3365.0,0.15003788835564535,1.0,0.0,0.0,0.0,0.6466361880302429,0.6409245252609252,-0.005711662769317627
1220,993,credit_amount,3959.0,3563.0,0.10002525890376357,1.0,0.0,0.0,0.0,0.6466361880302429,0.6375217080116272,-0.009114480018615723
1221,993,credit_amount,3959.0,3761.0,0.050012629451881785,1.0,0.0,0.0,0.0,0.6466361880302429,0.6429906606674194,-0.0036455273628234865
1222,993,duration,36.0,4.0,0.8888888888888888,1.0,1.0,1.0,1.0,0.6466361880302429,0.3890962183475494,-0.2575399696826935
1223,993,duration,36.0,6.0,0.8333333333333334,1.0,1.0,1.0,0.8,0.6466361880302429,0.3989422142505646,-0.24769397377967833
1224,993,duration,36.0,7.0,0.8055555555555556,1.0,1.0,1.0,0.9,0.6466361880302429,0.39770896434783937,-0.24892722368240355
1225,993,duration,36.0,8.0,0.7777777777777778,1.0,0.9,0.9,0.8,0.6466361880302429,0.40383618175983427,-0.24280000627040862
1226,993,duration,36.0,9.0,0.75,1.0,0.8,0.8,0.6,0.6466361880302429,0.4313857227563858,-0.2152504652738571
1227,993,duration,36.0,10.0,0.7222222222222222,1.0,0.8,0.8,0.7,0.6466361880302429,0.421726331114769,-0.22490985691547394
1228,993,duration,36.0,11.0,0.6944444444444444,1.0,0.8,0.8,0.7,0.6466361880302429,0.41991308629512786,-0.22672310173511506
1229,993,duration,36.0,12.0,0.6666666666666666,1.0,0.6,0.6,0.5,0.6466361880302429,0.4666898727416992,-0.1799463152885437
1230,993,duration,36.0,13.0,0.6388888888888888,1.0,0.7,0.7,0.6,0.6466361880302429,0.45519753694534304,-0.1914386510848999
1231,993,duration,36.0,14.0,0.6111111111111112,1.0,0.6,0.6,0.6,0.6466361880302429,0.4664009988307953,-0.18023518919944764
1232,993,duration,36.0,15.0,0.5833333333333334,1.0,0.6,0.6,0.5,0.6466361880302429,0.47193496227264403,-0.1747012257575989
1233,993,duration,36.0,16.0,0.5555555555555556,1.0,0.4,0.4,0.4,0.6466361880302429,0.5078842341899872,-0.13875195384025574
1234,993,duration,36.0,18.0,0.5,1.0,0.4,0.4,0.2,0.6466361880302429,0.5243605464696884,-0.12227564156055451
1235,993,duration,36.0,20.0,0.4444444444444444,1.0,0.4,0.4,0.4,0.6466361880302429,0.5177830219268799,-0.12885316610336303
1236,993,duration,36.0,21.0,0.4166666666666667,1.0,0.3,0.3,0.2,0.6466361880302429,0.5344427615404129,-0.11219342648983002
1237,993,duration,36.0,22.0,0.3888888888888889,1.0,0.4,0.4,0.3,0.6466361880302429,0.5277868777513504,-0.11884931027889252
1238,993,duration,36.0,24.0,0.3333333333333333,1.0,0.2,0.2,0.0,0.6466361880302429,0.5717321246862411,-0.07490406334400176
1239,993,duration,36.0,26.0,0.2777777777777778,1.0,0.2,0.2,0.0,0.6466361880302429,0.5724715769290925,-0.07416461110115051
1240,993,duration,36.0,27.0,0.25,1.0,0.0,0.0,0.0,0.6466361880302429,0.5826781034469605,-0.06395808458328248
1241,993,duration,36.0,28.0,0.2222222222222222,1.0,0.0,0.0,0.0,0.6466361880302429,0.5901120722293853,-0.05652411580085755
1242,993,duration,36.0,30.0,0.16666666666666666,1.0,0.0,0.0,0.0,0.6466361880302429,0.6059570074081421,-0.04067918062210083
1243,993,duration,36.0,33.0,0.08333333333333333,1.0,0.0,0.0,0.0,0.6466361880302429,0.6102259397506714,-0.03641024827957153
1244,788,credit_amount,6224.0,1556.0,0.75,1.0,0.0,0.0,0.0,0.6776525497436523,0.6851566135883331,0.007504063844680786
1245,788,credit_amount,6224.0,1867.0,0.7000321336760925,1.0,0.0,0.0,0.0,0.6776525497436523,0.6862968802452087,0.008644330501556396
1246,788,credit_amount,6224.0,2178.0,0.6500642673521851,1.0,0.0,0.0,0.0,0.6776525497436523,0.6837741255760192,0.006121575832366943
1247,788,credit_amount,6224.0,2490.0,0.5999357326478149,1.0,0.0,0.0,0.0,0.6776525497436523,0.6826914131641388,0.0050388634204864505
1248,788,credit_amount,6224.0,2801.0,0.5499678663239075,1.0,0.0,0.0,0.0,0.6776525497436523,0.6760917961597442,-0.001560753583908081
1249,788,credit_amount,6224.0,3112.0,0.5,1.0,0.0,0.0,0.0,0.6776525497436523,0.6766294836997986,-0.0010230660438537598
1250,788,credit_amount,6224.0,3423.0,0.45003213367609257,1.0,0.0,0.0,0.0,0.6776525497436523,0.6742783665657044,-0.003374183177947998
1251,788,credit_amount,6224.0,3734.0,0.4000642673521851,1.0,0.0,0.0,0.0,0.6776525497436523,0.6731901049613953,-0.00446244478225708
1252,788,credit_amount,6224.0,4046.0,0.3499357326478149,1.0,0.0,0.0,0.0,0.6776525497436523,0.677167284488678,-0.0004852652549743652
1253,788,credit_amount,6224.0,4357.0,0.29996786632390743,1.0,0.0,0.0,0.0,0.6776525497436523,0.6744190812110901,-0.0032334685325622558
1254,788,credit_amount,6224.0,4668.0,0.25,1.0,0.0,0.0,0.0,0.6776525497436523,0.675149804353714,-0.0025027453899383544
1255,788,credit_amount,6224.0,4979.0,0.20003213367609254,1.0,0.0,0.0,0.0,0.6776525497436523,0.6753585457801818,-0.002294003963470459
1256,788,credit_amount,6224.0,5290.0,0.1500642673521851,1.0,0.0,0.0,0.0,0.6776525497436523,0.6728059768676757,-0.0048465728759765625
1257,788,credit_amount,6224.0,5602.0,0.09993573264781491,1.0,0.0,0.0,0.0,0.6776525497436523,0.6739015817642212,-0.0037509679794311525
1258,788,credit_amount,6224.0,5913.0,0.049967866323907456,1.0,0.0,0.0,0.0,0.6776525497436523,0.6738128781318664,-0.0038396716117858887
1259,788,duration,48.0,4.0,0.9166666666666666,1.0,0.2,0.2,0.2,0.6776525497436523,0.5451645940542221,-0.13248795568943023
1260,788,duration,48.0,6.0,0.875,1.0,0.2,0.2,0.2,0.6776525497436523,0.5541529774665832,-0.12349957227706909
1261,788,duration,48.0,7.0,0.8541666666666666,1.0,0.2,0.2,0.1,0.6776525497436523,0.5508096545934678,-0.12684289515018463
1262,788,duration,48.0,8.0,0.8333333333333334,1.0,0.2,0.2,0.1,0.6776525497436523,0.5553904861211777,-0.12226206362247467
1263,788,duration,48.0,9.0,0.8125,1.0,0.1,0.1,0.1,0.6776525497436523,0.5768536329269409,-0.10079891681671142
1264,788,duration,48.0,10.0,0.7916666666666666,1.0,0.2,0.2,0.1,0.6776525497436523,0.5671049147844315,-0.11054763495922089
1265,788,duration,48.0,11.0,0.7708333333333334,1.0,0.2,0.2,0.1,0.6776525497436523,0.5599035948514939,-0.1177489548921585
1266,788,duration,48.0,12.0,0.75,1.0,0.1,0.1,0.1,0.6776525497436523,0.5938636064529419,-0.08378894329071045
1267,788,duration,48.0,13.0,0.7291666666666666,1.0,0.1,0.1,0.1,0.6776525497436523,0.5763430118560791,-0.10130953788757324
1268,788,duration,48.0,14.0,0.7083333333333334,1.0,0.1,0.1,0.1,0.6776525497436523,0.5836339473724366,-0.09401860237121581
1269,788,duration,48.0,15.0,0.6875,1.0,0.1,0.1,0.1,0.6776525497436523,0.5871021121740341,-0.09055043756961823
1270,788,duration,48.0,16.0,0.6666666666666666,1.0,0.1,0.1,0.0,0.6776525497436523,0.6056267201900483,-0.07202582955360412
1271,788,duration,48.0,18.0,0.625,1.0,0.0,0.0,0.0,0.6776525497436523,0.6127394437789917,-0.06491310596466064
1272,788,duration,48.0,20.0,0.5833333333333334,1.0,0.1,0.1,0.1,0.6776525497436523,0.5962144315242768,-0.0814381182193756
1273,788,duration,48.0,21.0,0.5625,1.0,0.1,0.1,0.0,0.6776525497436523,0.6095640897750855,-0.0680884599685669
1274,788,duration,48.0,22.0,0.5416666666666666,1.0,0.1,0.1,0.0,0.6776525497436523,0.5988195240497589,-0.07883302569389343
1275,788,duration,48.0,24.0,0.5,1.0,0.0,0.0,0.0,0.6776525497436523,0.6167593836784363,-0.06089316606521607
1276,788,duration,48.0,26.0,0.4583333333333333,1.0,0.0,0.0,0.0,0.6776525497436523,0.6113961160182952,-0.06625643372535706
1277,788,duration,48.0,27.0,0.4375,1.0,0.0,0.0,0.0,0.6776525497436523,0.617534625530243,-0.060117924213409425
1278,788,duration,48.0,28.0,0.4166666666666667,1.0,0.0,0.0,0.0,0.6776525497436523,0.6202969789505005,-0.05735557079315186
1279,788,duration,48.0,30.0,0.375,1.0,0.0,0.0,0.0,0.6776525497436523,0.6222728908061981,-0.055379658937454224
1280,788,duration,48.0,33.0,0.3125,1.0,0.0,0.0,0.0,0.6776525497436523,0.6288229644298553,-0.048829585313797
1281,788,duration,48.0,36.0,0.25,1.0,0.0,0.0,0.0,0.6776525497436523,0.6455208897590637,-0.032131659984588626
1282,788,duration,48.0,39.0,0.1875,1.0,0.0,0.0,0.0,0.6776525497436523,0.6434529602527619,-0.034199589490890504
1283,788,duration,48.0,40.0,0.16666666666666666,1.0,0.0,0.0,0.0,0.6776525497436523,0.6487897396087646,-0.028862810134887694
1284,788,duration,48.0,42.0,0.125,1.0,0.0,0.0,0.0,0.6776525497436523,0.649694287776947,-0.02795826196670532
1285,788,duration,48.0,45.0,0.0625,1.0,0.0,0.0,0.0,0.6776525497436523,0.6535245537757873,-0.02412799596786499
1286,788,duration,48.0,47.0,0.020833333333333332,1.0,0.0,0.0,0.0,0.6776525497436523,0.6549940228462219,-0.02265852689743042
1287,261,credit_amount,1603.0,401.0,0.7498440424204617,0.7,0.4,0.1,0.0,0.5294853985309601,0.5384542971849442,0.00896889865398407
1288,261,credit_amount,1603.0,481.0,0.6999376169681847,0.7,0.4,0.1,0.0,0.5294853985309601,0.5398721188306809,0.010386720299720764
1289,261,credit_amount,1603.0,561.0,0.6500311915159077,0.7,0.4,0.1,0.0,0.5294853985309601,0.5411222457885743,0.011636847257614135
1290,261,credit_amount,1603.0,641.0,0.6001247660636307,0.7,0.3,0.1,0.0,0.5294853985309601,0.5468319416046142,0.017346543073654175
1291,261,credit_amount,1603.0,721.0,0.5502183406113537,0.7,0.2,0.0,0.0,0.5294853985309601,0.5522078901529313,0.022722491621971132
1292,261,credit_amount,1603.0,802.0,0.49968808484092325,0.7,0.2,0.0,0.0,0.5294853985309601,0.5504271388053894,0.02094174027442932
1293,261,credit_amount,1603.0,882.0,0.4497816593886463,0.7,0.2,0.0,0.0,0.5294853985309601,0.5503502190113068,0.02086482048034668
1294,261,credit_amount,1603.0,962.0,0.3998752339363693,0.7,0.3,0.1,0.0,0.5294853985309601,0.5428627103567123,0.013377311825752258
1295,261,credit_amount,1603.0,1042.0,0.34996880848409234,0.7,0.4,0.1,0.0,0.5294853985309601,0.5457722127437592,0.016286814212799074
1296,261,credit_amount,1603.0,1122.0,0.30006238303181537,0.7,0.4,0.1,0.0,0.5294853985309601,0.5434394657611847,0.013954067230224609
1297,261,credit_amount,1603.0,1202.0,0.25015595757953835,0.7,0.3,0.1,0.0,0.5294853985309601,0.5421100586652756,0.01262466013431549
1298,261,credit_amount,1603.0,1282.0,0.20024953212726138,0.7,0.3,0.1,0.0,0.5294853985309601,0.5414945185184479,0.012009119987487793
1299,261,credit_amount,1603.0,1363.0,0.14971927635683094,0.7,0.4,0.1,0.0,0.5294853985309601,0.5398556500673294,0.010370251536369324
1300,261,credit_amount,1603.0,1443.0,0.09981285090455397,0.7,0.4,0.1,0.0,0.5294853985309601,0.5310258030891418,0.0015404045581817627
1301,261,credit_amount,1603.0,1523.0,0.049906425452276984,0.7,0.3,0.0,0.0,0.5294853985309601,0.5286028861999512,-0.0008825123310089112
1302,261,duration,24.0,4.0,0.8333333333333334,0.7,1.0,0.7,0.6,0.5294853985309601,0.26338873207569125,-0.26609666645526886
1303,261,duration,24.0,6.0,0.75,0.7,1.0,0.7,0.6,0.5294853985309601,0.2744556486606598,-0.2550297498703003
1304,261,duration,24.0,7.0,0.7083333333333334,0.7,1.0,0.7,0.6,0.5294853985309601,0.27996979355812074,-0.24951560497283937
1305,261,duration,24.0,8.0,0.6666666666666666,0.7,1.0,0.7,0.6,0.5294853985309601,0.28417477011680603,-0.24531062841415405
1306,261,duration,24.0,9.0,0.625,0.7,1.0,0.7,0.6,0.5294853985309601,0.3179102003574371,-0.21157519817352294
1307,261,duration,24.0,10.0,0.5833333333333334,0.7,1.0,0.7,0.6,0.5294853985309601,0.3143804892897606,-0.2151049092411995
1308,261,duration,24.0,11.0,0.5416666666666666,0.7,1.0,0.7,0.6,0.5294853985309601,0.3127479895949364,-0.21673740893602372
1309,261,duration,24.0,12.0,0.5,0.7,0.9,0.6,0.5,0.5294853985309601,0.37967871129512787,-0.1498066872358322
1310,261,duration,24.0,13.0,0.4583333333333333,0.7,1.0,0.7,0.5,0.5294853985309601,0.37320202589035034,-0.15628337264060974
1311,261,duration,24.0,14.0,0.4166666666666667,0.7,0.9,0.6,0.5,0.5294853985309601,0.38843166530132295,-0.14105373322963716
1312,261,duration,24.0,15.0,0.375,0.7,0.9,0.6,0.4,0.5294853985309601,0.39851313531398774,-0.13097226321697236
1313,261,duration,24.0,16.0,0.3333333333333333,0.7,0.8,0.5,0.3,0.5294853985309601,0.4416732996702194,-0.08781209886074066
1314,261,duration,24.0,18.0,0.25,0.7,0.6,0.3,0.1,0.5294853985309601,0.4697708249092102,-0.05971457362174988
1315,261,duration,24.0,20.0,0.16666666666666666,0.7,0.7,0.4,0.2,0.5294853985309601,0.46645393073558805,-0.06303146779537201
1316,261,duration,24.0,21.0,0.125,0.7,0.5,0.2,0.0,0.5294853985309601,0.48602021038532256,-0.04346518814563751
1317,261,duration,24.0,22.0,0.08333333333333333,0.7,0.7,0.4,0.0,0.5294853985309601,0.4727667450904846,-0.05671865344047546
1318,229,credit_amount,3149.0,787.0,0.7500793902826294,1.0,0.0,0.0,0.0,0.7078770220279693,0.7358854472637176,0.028008425235748292
1319,229,credit_amount,3149.0,945.0,0.6999047316608447,1.0,0.0,0.0,0.0,0.7078770220279693,0.7342213094234467,0.026344287395477294
1320,229,credit_amount,3149.0,1102.0,0.6500476341695777,1.0,0.0,0.0,0.0,0.7078770220279693,0.7319308400154114,0.024053817987442015
1321,229,credit_amount,3149.0,1260.0,0.599872975547793,1.0,0.0,0.0,0.0,0.7078770220279693,0.7316773116588593,0.02380028963088989
1322,229,credit_amount,3149.0,1417.0,0.5500158780565259,1.0,0.0,0.0,0.0,0.7078770220279693,0.7270949363708497,0.019217914342880248
1323,229,credit_amount,3149.0,1574.0,0.5001587805652589,1.0,0.0,0.0,0.0,0.7078770220279693,0.7218771696090698,0.014000147581100464
1324,229,credit_amount,3149.0,1732.0,0.4499841219434741,1.0,0.0,0.0,0.0,0.7078770220279693,0.7226127326488495,0.014735710620880128
1325,229,credit_amount,3149.0,1889.0,0.40012702445220705,1.0,0.0,0.0,0.0,0.7078770220279693,0.7242255985736847,0.01634857654571533
1326,229,credit_amount,3149.0,2047.0,0.34995236583042233,1.0,0.0,0.0,0.0,0.7078770220279693,0.7207883834838867,0.012911361455917359
1327,229,credit_amount,3149.0,2204.0,0.3000952683391553,1.0,0.0,0.0,0.0,0.7078770220279693,0.720520305633545,0.012643283605575562
1328,229,credit_amount,3149.0,2362.0,0.2499206097173706,1.0,0.0,0.0,0.0,0.7078770220279693,0.7154506325721741,0.007573610544204712
1329,229,credit_amount,3149.0,2519.0,0.20006351222610352,1.0,0.0,0.0,0.0,0.7078770220279693,0.7130883455276489,0.005211323499679565
1330,229,credit_amount,3149.0,2677.0,0.14988885360431883,1.0,0.0,0.0,0.0,0.7078770220279693,0.7127791285514832,0.004902106523513794
1331,229,credit_amount,3149.0,2834.0,0.10003175611305176,1.0,0.0,0.0,0.0,0.7078770220279693,0.7094036698341369,0.0015266478061676026
1332,229,credit_amount,3149.0,2992.0,0.04985709749126707,1.0,0.0,0.0,0.0,0.7078770220279693,0.7081378817558288,0.00026085972785949707
1333,229,duration,24.0,4.0,0.8333333333333334,1.0,0.0,0.0,0.0,0.7078770220279693,0.5672773659229279,-0.1405996561050415
1334,229,duration,24.0,6.0,0.75,1.0,0.1,0.1,0.0,0.7078770220279693,0.5738109737634659,-0.13406604826450347
1335,229,duration,24.0,7.0,0.7083333333333334,1.0,0.1,0.1,0.0,0.7078770220279693,0.5701611161231994,-0.1377159059047699
1336,229,duration,24.0,8.0,0.6666666666666666,1.0,0.1,0.1,0.0,0.7078770220279693,0.5769101262092591,-0.13096689581871032
1337,229,duration,24.0,9.0,0.625,1.0,0.0,0.0,0.0,0.7078770220279693,0.6035445094108581,-0.10433251261711121
1338,229,duration,24.0,10.0,0.5833333333333334,1.0,0.0,0.0,0.0,0.7078770220279693,0.593683534860611,-0.1141934871673584
1339,229,duration,24.0,11.0,0.5416666666666666,1.0,0.1,0.1,0.0,0.7078770220279693,0.5855115950107574,-0.12236542701721191
1340,229,duration,24.0,12.0,0.5,1.0,0.0,0.0,0.0,0.7078770220279693,0.6310631930828094,-0.07681382894515991
1341,229,duration,24.0,13.0,0.4583333333333333,1.0,0.0,0.0,0.0,0.7078770220279693,0.6187678158283234,-0.08910920619964599
1342,229,duration,24.0,14.0,0.4166666666666667,1.0,0.0,0.0,0.0,0.7078770220279693,0.6302102625370025,-0.0776667594909668
1343,229,duration,24.0,15.0,0.375,1.0,0.0,0.0,0.0,0.7078770220279693,0.6359349548816681,-0.07194206714630128
1344,229,duration,24.0,16.0,0.3333333333333333,1.0,0.0,0.0,0.0,0.7078770220279693,0.6645843923091889,-0.04329262971878052
1345,229,duration,24.0,18.0,0.25,1.0,0.0,0.0,0.0,0.7078770220279693,0.6788643300533295,-0.029012691974639893
1346,229,duration,24.0,20.0,0.16666666666666666,1.0,0.0,0.0,0.0,0.7078770220279693,0.6707781016826629,-0.037098920345306395
1347,229,duration,24.0,21.0,0.125,1.0,0.0,0.0,0.0,0.7078770220279693,0.6851856589317322,-0.022691363096237184
1348,229,duration,24.0,22.0,0.08333333333333333,1.0,0.0,0.0,0.0,0.7078770220279693,0.6765020072460175,-0.031375014781951906
1349,917,credit_amount,14896.0,3724.0,0.75,1.0,0.7,0.7,0.7,0.6914238452911377,0.4663559436798096,-0.22506790161132811
1350,917,credit_amount,14896.0,4469.0,0.6999865735767992,1.0,0.7,0.7,0.5,0.6914238452911377,0.4930421471595764,-0.19838169813156128
1351,917,credit_amount,14896.0,5214.0,0.6499731471535983,1.0,0.6,0.6,0.3,0.6914238452911377,0.5099842637777329,-0.18143958151340484
1352,917,credit_amount,14896.0,5958.0,0.6000268528464017,1.0,0.5,0.5,0.0,0.6914238452911377,0.5249120235443115,-0.16651182174682616
1353,917,credit_amount,14896.0,6703.0,0.5500134264232008,1.0,0.1,0.1,0.0,0.6914238452911377,0.5422230184078216,-0.14920082688331604
1354,917,credit_amount,14896.0,7448.0,0.5,1.0,0.0,0.0,0.0,0.6914238452911377,0.5588933169841767,-0.13253052830696105
1355,917,credit_amount,14896.0,8193.0,0.44998657357679916,1.0,0.0,0.0,0.0,0.6914238452911377,0.5769986152648926,-0.11442523002624512
1356,917,credit_amount,14896.0,8938.0,0.3999731471535983,1.0,0.0,0.0,0.0,0.6914238452911377,0.5955308556556702,-0.09589298963546752
1357,917,credit_amount,14896.0,9682.0,0.3500268528464017,1.0,0.0,0.0,0.0,0.6914238452911377,0.6114230215549469,-0.0800008237361908
1358,917,credit_amount,14896.0,10427.0,0.30001342642320084,1.0,0.0,0.0,0.0,0.6914238452911377,0.6263096034526825,-0.0651142418384552
1359,917,credit_amount,14896.0,11172.0,0.25,1.0,0.0,0.0,0.0,0.6914238452911377,0.6422135293483734,-0.04921031594276428
1360,917,credit_amount,14896.0,11917.0,0.19998657357679914,1.0,0.0,0.0,0.0,0.6914238452911377,0.6568565368652344,-0.03456730842590332
1361,917,credit_amount,14896.0,12662.0,0.14997314715359827,1.0,0.0,0.0,0.0,0.6914238452911377,0.6683608829975128,-0.023062962293624877
1362,917,credit_amount,14896.0,13406.0,0.10002685284640171,1.0,0.0,0.0,0.0,0.6914238452911377,0.6766614556312561,-0.014762389659881591
1363,917,credit_amount,14896.0,14151.0,0.050013426423200856,1.0,0.0,0.0,0.0,0.6914238452911377,0.6844990074634552,-0.006924837827682495
1364,917,duration,6.0,4.0,0.3333333333333333,1.0,0.0,0.0,0.0,0.6914238452911377,0.6747872710227967,-0.016636574268341066
1365,677,credit_amount,5595.0,1399.0,0.7499553172475425,0.8,0.6,0.4,0.0,0.5698478132486343,0.5042141407728196,-0.06563367247581482
1366,677,credit_amount,5595.0,1679.0,0.699910634495085,0.8,0.4,0.2,0.0,0.5698478132486343,0.5110142141580581,-0.05883359909057617
1367,677,credit_amount,5595.0,1958.0,0.6500446827524575,0.8,0.3,0.1,0.0,0.5698478132486343,0.5170102477073669,-0.052837565541267395
1368,677,credit_amount,5595.0,2238.0,0.6,0.8,0.2,0.0,0.0,0.5698478132486343,0.5229597896337509,-0.04688802361488342
1369,677,credit_amount,5595.0,2518.0,0.5499553172475424,0.8,0.2,0.0,0.0,0.5698478132486343,0.5264162838459014,-0.04343152940273285
1370,677,credit_amount,5595.0,2798.0,0.4999106344950849,0.8,0.3,0.1,0.0,0.5698478132486343,0.5259969621896744,-0.04385085105895996
1371,677,credit_amount,5595.0,3077.0,0.45004468275245757,0.8,0.2,0.0,0.0,0.5698478132486343,0.5323926091194153,-0.03745520412921906
1372,677,credit_amount,5595.0,3357.0,0.4,0.8,0.2,0.0,0.0,0.5698478132486343,0.5359983265399932,-0.033849486708641054
1373,677,credit_amount,5595.0,3637.0,0.3499553172475425,0.8,0.2,0.0,0.0,0.5698478132486343,0.5386628389358521,-0.031184974312782287
1374,677,credit_amount,5595.0,3916.0,0.3000893655049151,0.8,0.2,0.0,0.0,0.5698478132486343,0.5491506427526474,-0.02069717049598694
1375,677,credit_amount,5595.0,4196.0,0.25004468275245756,0.8,0.2,0.0,0.0,0.5698478132486343,0.5577994823455811,-0.012048330903053284
1376,677,credit_amount,5595.0,4476.0,0.2,0.8,0.2,0.0,0.0,0.5698478132486343,0.5623967319726944,-0.007451081275939941
1377,677,credit_amount,5595.0,4756.0,0.14995531724754244,0.8,0.2,0.0,0.0,0.5698478132486343,0.5644642412662506,-0.005383571982383728
1378,677,credit_amount,5595.0,5036.0,0.0999106344950849,0.8,0.2,0.0,0.0,0.5698478132486343,0.5679446071386337,-0.0019032061100006104
1379,677,credit_amount,5595.0,5315.0,0.050044682752457555,0.8,0.2,0.0,0.0,0.5698478132486343,0.5693551361560821,-0.0004926770925521851
1380,677,duration,72.0,4.0,0.9444444444444444,0.8,1.0,0.8,0.8,0.5698478132486343,0.2400875359773636,-0.3297602772712708
1381,677,duration,72.0,6.0,0.9166666666666666,0.8,1.0,0.8,0.8,0.5698478132486343,0.23885869830846787,-0.3309891149401665
1382,677,duration,72.0,7.0,0.9027777777777778,0.8,1.0,0.8,0.8,0.5698478132486343,0.23591448813676835,-0.333933325111866
1383,677,duration,72.0,8.0,0.8888888888888888,0.8,1.0,0.8,0.8,0.5698478132486343,0.23765446245670319,-0.33219335079193113
1384,677,duration,72.0,9.0,0.875,0.8,1.0,0.8,0.8,0.5698478132486343,0.2567221447825432,-0.31312566846609113
1385,677,duration,72.0,10.0,0.8611111111111112,0.8,1.0,0.8,0.8,0.5698478132486343,0.25021493434906006,-0.31963287889957426
1386,677,duration,72.0,11.0,0.8472222222222222,0.8,1.0,0.8,0.8,0.5698478132486343,0.24599434733390807,-0.32385346591472625
1387,677,duration,72.0,12.0,0.8333333333333334,0.8,1.0,0.8,0.8,0.5698478132486343,0.27866644263267515,-0.29118137061595917
1388,677,duration,72.0,13.0,0.8194444444444444,0.8,1.0,0.8,0.8,0.5698478132486343,0.2666465058922768,-0.3032013073563576
1389,677,duration,72.0,14.0,0.8055555555555556,0.8,1.0,0.8,0.8,0.5698478132486343,0.27450495660305024,-0.29534285664558413
1390,677,duration,72.0,15.0,0.7916666666666666,0.8,1.0,0.8,0.8,0.5698478132486343,0.2816610917448997,-0.2881867215037346
1391,677,duration,72.0,16.0,0.7777777777777778,0.8,1.0,0.8,0.8,0.5698478132486343,0.3029693618416786,-0.2668784514069557
1392,677,duration,72.0,18.0,0.75,0.8,1.0,0.8,0.8,0.5698478132486343,0.3155114948749542,-0.2543363183736801
1393,677,duration,72.0,20.0,0.7222222222222222,0.8,1.0,0.8,0.8,0.5698478132486343,0.3126519933342934,-0.257195819914341
1394,677,duration,72.0,21.0,0.7083333333333334,0.8,1.0,0.8,0.8,0.5698478132486343,0.3262423604726791,-0.2436054527759552
1395,677,duration,72.0,22.0,0.6944444444444444,0.8,1.0,0.8,0.8,0.5698478132486343,0.31754492223262787,-0.25230289101600645
1396,677,duration,72.0,24.0,0.6666666666666666,0.8,1.0,0.8,0.8,0.5698478132486343,0.352790492773056,-0.2170573204755783
1397,677,duration,72.0,26.0,0.6388888888888888,0.8,1.0,0.8,0.8,0.5698478132486343,0.35551638007164,-0.21433143317699432
1398,677,duration,72.0,27.0,0.625,0.8,1.0,0.8,0.8,0.5698478132486343,0.3653317868709564,-0.2045160263776779
1399,677,duration,72.0,28.0,0.6111111111111112,0.8,1.0,0.8,0.8,0.5698478132486343,0.370967498421669,-0.19888031482696533
1400,677,duration,72.0,30.0,0.5833333333333334,0.8,1.0,0.8,0.8,0.5698478132486343,0.38611959517002103,-0.18372821807861328
1401,677,duration,72.0,33.0,0.5416666666666666,0.8,1.0,0.8,0.7,0.5698478132486343,0.3905010879039764,-0.1793467253446579
1402,677,duration,72.0,36.0,0.5,0.8,0.8,0.6,0.5,0.5698478132486343,0.43516430258750916,-0.1346835106611252
1403,677,duration,72.0,39.0,0.4583333333333333,0.8,0.9,0.7,0.6,0.5698478132486343,0.435856357216835,-0.13399145603179932
1404,677,duration,72.0,40.0,0.4444444444444444,0.8,0.8,0.6,0.5,0.5698478132486343,0.448723703622818,-0.12112410962581635
1405,677,duration,72.0,42.0,0.4166666666666667,0.8,0.8,0.6,0.4,0.5698478132486343,0.45521396994590757,-0.11463384330272675
1406,677,duration,72.0,45.0,0.375,0.8,0.8,0.6,0.3,0.5698478132486343,0.4635292083024979,-0.10631860494613647
1407,677,duration,72.0,47.0,0.3472222222222222,0.8,0.6,0.4,0.2,0.5698478132486343,0.47121899724006655,-0.09862881600856781
1408,677,duration,72.0,48.0,0.3333333333333333,0.8,0.4,0.2,0.0,0.5698478132486343,0.5025923490524292,-0.06725546419620514
1409,677,duration,72.0,54.0,0.25,0.8,0.3,0.1,0.0,0.5698478132486343,0.536861315369606,-0.03298649787902832
1410,677,duration,72.0,60.0,0.16666666666666666,0.8,0.2,0.0,0.0,0.5698478132486343,0.549050310254097,-0.020797502994537354
1411,355,credit_amount,1246.0,312.0,0.7495987158908507,1.0,0.0,0.0,0.0,0.6447488129138946,0.6362858533859252,-0.00846295952796936
1412,355,credit_amount,1246.0,374.0,0.6998394863563403,1.0,0.0,0.0,0.0,0.6447488129138946,0.6381238758563995,-0.006624937057495117
1413,355,credit_amount,1246.0,436.0,0.6500802568218299,1.0,0.0,0.0,0.0,0.6447488129138946,0.6443311870098114,-0.000417625904083252
1414,355,credit_amount,1246.0,498.0,0.6003210272873194,1.0,0.0,0.0,0.0,0.6447488129138946,0.6476469993591308,0.002898186445236206
1415,355,credit_amount,1246.0,561.0,0.5497592295345104,1.0,0.0,0.0,0.0,0.6447488129138946,0.6469025015830994,0.002153688669204712
1416,355,credit_amount,1246.0,623.0,0.5,1.0,0.0,0.0,0.0,0.6447488129138946,0.6500324726104736,0.00528365969657898
1417,355,credit_amount,1246.0,685.0,0.45024077046548955,1.0,0.0,0.0,0.0,0.6447488129138946,0.6543017268180847,0.009552913904190063
1418,355,credit_amount,1246.0,748.0,0.3996789727126806,1.0,0.0,0.0,0.0,0.6447488129138946,0.6528326749801636,0.008083862066268922
1419,355,credit_amount,1246.0,810.0,0.34991974317817015,1.0,0.0,0.0,0.0,0.6447488129138946,0.6541911005973816,0.009442287683486938
1420,355,credit_amount,1246.0,872.0,0.3001605136436597,1.0,0.0,0.0,0.0,0.6447488129138946,0.6516424715518951,0.006893658638000488
1421,355,credit_amount,1246.0,934.0,0.2504012841091493,1.0,0.0,0.0,0.0,0.6447488129138946,0.6506437122821808,0.005894899368286133
1422,355,credit_amount,1246.0,997.0,0.1998394863563403,1.0,0.0,0.0,0.0,0.6447488129138946,0.6479501247406005,0.0032013118267059325
1423,355,credit_amount,1246.0,1059.0,0.15008025682182985,1.0,0.0,0.0,0.0,0.6447488129138946,0.6468381285667419,0.00208931565284729
1424,355,credit_amount,1246.0,1121.0,0.10032102728731943,1.0,0.0,0.0,0.0,0.6447488129138946,0.644867765903473,0.00011895298957824707
1425,355,credit_amount,1246.0,1184.0,0.04975922953451043,1.0,0.0,0.0,0.0,0.6447488129138946,0.64562429189682,0.0008754789829254151
1426,355,duration,24.0,4.0,0.8333333333333334,1.0,1.0,1.0,0.9,0.6447488129138946,0.3800522476434708,-0.2646965652704239
1427,355,duration,24.0,6.0,0.75,1.0,0.9,0.9,0.9,0.6447488129138946,0.4164275020360947,-0.2283213108778
1428,355,duration,24.0,7.0,0.7083333333333334,1.0,0.9,0.9,0.8,0.6447488129138946,0.4310359925031662,-0.21371282041072845
1429,355,duration,24.0,8.0,0.6666666666666666,1.0,0.9,0.9,0.7,0.6447488129138946,0.44022817313671114,-0.20452063977718354
1430,355,duration,24.0,9.0,0.625,1.0,0.6,0.6,0.6,0.6447488129138946,0.4816645234823227,-0.16308428943157197
1431,355,duration,24.0,10.0,0.5833333333333334,1.0,0.6,0.6,0.5,0.6447488129138946,0.48103477954864504,-0.16371403336524964
1432,355,duration,24.0,11.0,0.5416666666666666,1.0,0.6,0.6,0.5,0.6447488129138946,0.47896647453308105,-0.1657823383808136
1433,355,duration,24.0,12.0,0.5,1.0,0.1,0.1,0.1,0.6447488129138946,0.5491016685962677,-0.09564714431762696
1434,355,duration,24.0,13.0,0.4583333333333333,1.0,0.2,0.2,0.1,0.6447488129138946,0.5367304742336273,-0.10801833868026733
1435,355,duration,24.0,14.0,0.4166666666666667,1.0,0.2,0.2,0.1,0.6447488129138946,0.5494067460298538,-0.09534206688404083
1436,355,duration,24.0,15.0,0.375,1.0,0.1,0.1,0.1,0.6447488129138946,0.5667776465415955,-0.0779711663722992
1437,355,duration,24.0,16.0,0.3333333333333333,1.0,0.0,0.0,0.0,0.6447488129138946,0.5944991886615754,-0.05024962425231934
1438,355,duration,24.0,18.0,0.25,1.0,0.0,0.0,0.0,0.6447488129138946,0.6164911687374115,-0.028257644176483153
1439,355,duration,24.0,20.0,0.16666666666666666,1.0,0.0,0.0,0.0,0.6447488129138946,0.6059460163116455,-0.03880279660224915
1440,355,duration,24.0,21.0,0.125,1.0,0.0,0.0,0.0,0.6447488129138946,0.621720814704895,-0.023027998208999634
1441,355,duration,24.0,22.0,0.08333333333333333,1.0,0.0,0.0,0.0,0.6447488129138946,0.6101134836673736,-0.034635329246521
1442,522,credit_amount,7119.0,1780.0,0.7499648827082456,1.0,0.0,0.0,0.0,0.8111526012420655,0.8004190385341644,-0.010733562707901
1443,522,credit_amount,7119.0,2136.0,0.6999578592498946,1.0,0.0,0.0,0.0,0.8111526012420655,0.8015796959400177,-0.00957290530204773
1444,522,credit_amount,7119.0,2492.0,0.6499508357915438,1.0,0.0,0.0,0.0,0.8111526012420655,0.8031424880027771,-0.00801011323928833
1445,522,credit_amount,7119.0,2848.0,0.5999438123331928,1.0,0.0,0.0,0.0,0.8111526012420655,0.8032207131385803,-0.007931888103485107
1446,522,credit_amount,7119.0,3204.0,0.549936788874842,1.0,0.0,0.0,0.0,0.8111526012420655,0.8053379118442535,-0.00581468939781189
1447,522,credit_amount,7119.0,3560.0,0.4999297654164911,1.0,0.0,0.0,0.0,0.8111526012420655,0.8039170324802398,-0.007235568761825561
1448,522,credit_amount,7119.0,3915.0,0.450063211125158,1.0,0.0,0.0,0.0,0.8111526012420655,0.8084367096424103,-0.0027158915996551513
1449,522,credit_amount,7119.0,4271.0,0.4000561876668071,1.0,0.0,0.0,0.0,0.8111526012420655,0.8093370378017426,-0.0018155634403228759
1450,522,credit_amount,7119.0,4627.0,0.3500491642084562,1.0,0.0,0.0,0.0,0.8111526012420655,0.811215478181839,6.287693977355958e-05
1451,522,credit_amount,7119.0,4983.0,0.3000421407501054,1.0,0.0,0.0,0.0,0.8111526012420655,0.8109522640705109,-0.00020033717155456542
1452,522,credit_amount,7119.0,5339.0,0.2500351172917545,1.0,0.0,0.0,0.0,0.8111526012420655,0.8093765914440155,-0.0017760097980499268
1453,522,credit_amount,7119.0,5695.0,0.20002809383340356,1.0,0.0,0.0,0.0,0.8111526012420655,0.8087812900543213,-0.0023713111877441406
1454,522,credit_amount,7119.0,6051.0,0.1500210703750527,1.0,0.0,0.0,0.0,0.8111526012420655,0.8101667940616608,-0.000985807180404663
1455,522,credit_amount,7119.0,6407.0,0.10001404691670178,1.0,0.0,0.0,0.0,0.8111526012420655,0.809163498878479,-0.0019891023635864257
1456,522,credit_amount,7119.0,6763.0,0.05000702345835089,1.0,0.0,0.0,0.0,0.8111526012420655,0.8099340736865998,-0.0012185275554656982
1457,522,duration,48.0,4.0,0.9166666666666666,1.0,0.0,0.0,0.0,0.8111526012420655,0.6490260779857635,-0.1621265232563019
1458,522,duration,48.0,6.0,0.875,1.0,0.0,0.0,0.0,0.8111526012420655,0.6664489269256592,-0.14470367431640624
1459,522,duration,48.0,7.0,0.8541666666666666,1.0,0.0,0.0,0.0,0.8111526012420655,0.6708243787288666,-0.14032822251319885
1460,522,duration,48.0,8.0,0.8333333333333334,1.0,0.0,0.0,0.0,0.8111526012420655,0.6754656851291656,-0.1356869161128998
1461,522,duration,48.0,9.0,0.8125,1.0,0.0,0.0,0.0,0.8111526012420655,0.6991948544979095,-0.11195774674415589
1462,522,duration,48.0,10.0,0.7916666666666666,1.0,0.0,0.0,0.0,0.8111526012420655,0.6916687726974488,-0.1194838285446167
1463,522,duration,48.0,11.0,0.7708333333333334,1.0,0.0,0.0,0.0,0.8111526012420655,0.686983448266983,-0.1241691529750824
1464,522,duration,48.0,12.0,0.75,1.0,0.0,0.0,0.0,0.8111526012420655,0.720490711927414,-0.0906618893146515
1465,522,duration,48.0,13.0,0.7291666666666666,1.0,0.0,0.0,0.0,0.8111526012420655,0.7089640080928803,-0.10218859314918519
1466,522,duration,48.0,14.0,0.7083333333333334,1.0,0.0,0.0,0.0,0.8111526012420655,0.7161517024040223,-0.09500089883804322
1467,522,duration,48.0,15.0,0.6875,1.0,0.0,0.0,0.0,0.8111526012420655,0.7217718839645386,-0.08938071727752686
1468,522,duration,48.0,16.0,0.6666666666666666,1.0,0.0,0.0,0.0,0.8111526012420655,0.7369064629077912,-0.07424613833427429
1469,522,duration,48.0,18.0,0.625,1.0,0.0,0.0,0.0,0.8111526012420655,0.7481427311897277,-0.06300987005233764
1470,522,duration,48.0,20.0,0.5833333333333334,1.0,0.0,0.0,0.0,0.8111526012420655,0.7382959604263306,-0.07285664081573487
1471,522,duration,48.0,21.0,0.5625,1.0,0.0,0.0,0.0,0.8111526012420655,0.7473778128623962,-0.06377478837966918
1472,522,duration,48.0,22.0,0.5416666666666666,1.0,0.0,0.0,0.0,0.8111526012420655,0.737390273809433,-0.07376232743263245
1473,522,duration,48.0,24.0,0.5,1.0,0.0,0.0,0.0,0.8111526012420655,0.761042469739914,-0.05011013150215149
1474,522,duration,48.0,26.0,0.4583333333333333,1.0,0.0,0.0,0.0,0.8111526012420655,0.7548283517360688,-0.0563242495059967
1475,522,duration,48.0,27.0,0.4375,1.0,0.0,0.0,0.0,0.8111526012420655,0.7606558501720428,-0.050496751070022584
1476,522,duration,48.0,28.0,0.4166666666666667,1.0,0.0,0.0,0.0,0.8111526012420655,0.76321582198143,-0.04793677926063537
1477,522,duration,48.0,30.0,0.375,1.0,0.0,0.0,0.0,0.8111526012420655,0.7693920016288758,-0.041760599613189696
1478,522,duration,48.0,33.0,0.3125,1.0,0.0,0.0,0.0,0.8111526012420655,0.7707385778427124,-0.04041402339935303
1479,522,duration,48.0,36.0,0.25,1.0,0.0,0.0,0.0,0.8111526012420655,0.7862455606460571,-0.0249070405960083
1480,522,duration,48.0,39.0,0.1875,1.0,0.0,0.0,0.0,0.8111526012420655,0.7845702707767487,-0.026582330465316772
1481,522,duration,48.0,40.0,0.16666666666666666,1.0,0.0,0.0,0.0,0.8111526012420655,0.7883761703968049,-0.02277643084526062
1482,522,duration,48.0,42.0,0.125,1.0,0.0,0.0,0.0,0.8111526012420655,0.7899158716201782,-0.021236729621887208
1483,522,duration,48.0,45.0,0.0625,1.0,0.0,0.0,0.0,0.8111526012420655,0.7935540795326232,-0.01759852170944214
1484,522,duration,48.0,47.0,0.020833333333333332,1.0,0.0,0.0,0.0,0.8111526012420655,0.7924830317497253,-0.01866956949234009
