,record_id,feature,old_value,new_value,relative_reduction,baseline_p_bad,modified_p_bad,delta_p_bad,flipped
0,289,credit_amount,1024.0,307.0,0.7001953125,0.6869138479232788,0.653160035610199,-0.033753812313079834,False
1,289,credit_amount,1024.0,358.0,0.650390625,0.6869138479232788,0.6607846021652222,-0.02612924575805664,False
2,289,credit_amount,1024.0,410.0,0.599609375,0.6869138479232788,0.6625766754150391,-0.024337172508239746,False
3,289,credit_amount,1024.0,461.0,0.5498046875,0.6869138479232788,0.6725874543190002,-0.014326393604278564,False
4,289,credit_amount,1024.0,512.0,0.5,0.6869138479232788,0.6728909015655518,-0.01402294635772705,False
5,289,credit_amount,1024.0,563.0,0.4501953125,0.6869138479232788,0.6785069108009338,-0.00840693712234497,False
6,289,credit_amount,1024.0,614.0,0.400390625,0.6869138479232788,0.6836338043212891,-0.003280043601989746,False
7,289,credit_amount,1024.0,666.0,0.349609375,0.6869138479232788,0.6908780336380005,0.00396418571472168,False
8,289,credit_amount,1024.0,717.0,0.2998046875,0.6869138479232788,0.6870940923690796,0.00018024444580078125,False
9,289,credit_amount,1024.0,768.0,0.25,0.6869138479232788,0.690856397151947,0.003942549228668213,False
10,289,credit_amount,1024.0,819.0,0.2001953125,0.6869138479232788,0.6917307376861572,0.004816889762878418,False
11,289,credit_amount,1024.0,870.0,0.150390625,0.6869138479232788,0.6893737316131592,0.002459883689880371,False
12,289,credit_amount,1024.0,922.0,0.099609375,0.6869138479232788,0.6929730176925659,0.006059169769287109,False
13,289,credit_amount,1024.0,973.0,0.0498046875,0.6869138479232788,0.6872379183769226,0.00032407045364379883,False
14,289,duration,24.0,4.0,0.8333333333333334,0.6869138479232788,0.3481033742427826,-0.3388104736804962,True
15,289,duration,24.0,6.0,0.75,0.6869138479232788,0.3861676752567291,-0.3007461726665497,True
16,289,duration,24.0,7.0,0.7083333333333334,0.6869138479232788,0.40697598457336426,-0.27993786334991455,True
17,289,duration,24.0,8.0,0.6666666666666666,0.6869138479232788,0.42155325412750244,-0.26536059379577637,True
18,289,duration,24.0,9.0,0.625,0.6869138479232788,0.4657151401042938,-0.22119870781898499,True
19,289,duration,24.0,10.0,0.5833333333333334,0.6869138479232788,0.47036686539649963,-0.21654698252677917,True
20,289,duration,24.0,11.0,0.5416666666666666,0.6869138479232788,0.4712705910205841,-0.2156432569026947,True
21,289,duration,24.0,12.0,0.5,0.6869138479232788,0.5440923571586609,-0.14282149076461792,False
22,289,duration,24.0,13.0,0.4583333333333333,0.6869138479232788,0.5467830896377563,-0.14013075828552246,False
23,289,duration,24.0,14.0,0.4166666666666667,0.6869138479232788,0.5696209073066711,-0.11729294061660767,False
24,289,duration,24.0,15.0,0.375,0.6869138479232788,0.578351616859436,-0.10856223106384277,False
25,289,duration,24.0,16.0,0.3333333333333333,0.6869138479232788,0.6235338449478149,-0.06338000297546387,False
26,289,duration,24.0,18.0,0.25,0.6869138479232788,0.6400357484817505,-0.04687809944152832,False
27,289,duration,24.0,20.0,0.16666666666666666,0.6869138479232788,0.634932816028595,-0.05198103189468384,False
28,289,duration,24.0,21.0,0.125,0.6869138479232788,0.6577750444412231,-0.029138803482055664,False
29,289,duration,24.0,22.0,0.08333333333333333,0.6869138479232788,0.6497365236282349,-0.037177324295043945,False
30,216,credit_amount,3104.0,776.0,0.75,0.545914888381958,0.5535730123519897,0.007658123970031738,False
31,216,credit_amount,3104.0,931.0,0.7000644329896907,0.545914888381958,0.5550974011421204,0.009182512760162354,False
32,216,credit_amount,3104.0,1086.0,0.6501288659793815,0.545914888381958,0.5441783666610718,-0.0017365217208862305,False
33,216,credit_amount,3104.0,1242.0,0.5998711340206185,0.545914888381958,0.5435803532600403,-0.0023345351219177246,False
34,216,credit_amount,3104.0,1397.0,0.5499355670103093,0.545914888381958,0.5357838273048401,-0.01013106107711792,False
35,216,credit_amount,3104.0,1552.0,0.5,0.545914888381958,0.5385904312133789,-0.0073244571685791016,False
36,216,credit_amount,3104.0,1707.0,0.45006443298969073,0.545914888381958,0.5371266007423401,-0.00878828763961792,False
37,216,credit_amount,3104.0,1862.0,0.40012886597938147,0.545914888381958,0.541415810585022,-0.004499077796936035,False
38,216,credit_amount,3104.0,2018.0,0.34987113402061853,0.545914888381958,0.5411047339439392,-0.004810154438018799,False
39,216,credit_amount,3104.0,2173.0,0.29993556701030927,0.545914888381958,0.5391192436218262,-0.006795644760131836,False
40,216,credit_amount,3104.0,2328.0,0.25,0.545914888381958,0.5397610068321228,-0.006153881549835205,False
41,216,credit_amount,3104.0,2483.0,0.20006443298969073,0.545914888381958,0.5465376377105713,0.0006227493286132812,False
42,216,credit_amount,3104.0,2638.0,0.15012886597938144,0.545914888381958,0.5376879572868347,-0.008226931095123291,False
43,216,credit_amount,3104.0,2794.0,0.09987113402061856,0.545914888381958,0.5369096994400024,-0.009005188941955566,False
44,216,credit_amount,3104.0,2949.0,0.04993556701030928,0.545914888381958,0.5444648861885071,-0.0014500021934509277,False
45,216,duration,18.0,4.0,0.7777777777777778,0.545914888381958,0.42218688130378723,-0.12372800707817078,True
46,216,duration,18.0,6.0,0.6666666666666666,0.545914888381958,0.42326411604881287,-0.12265077233314514,True
47,216,duration,18.0,7.0,0.6111111111111112,0.545914888381958,0.417846143245697,-0.128068745136261,True
48,216,duration,18.0,8.0,0.5555555555555556,0.545914888381958,0.4263463616371155,-0.11956852674484253,True
49,216,duration,18.0,9.0,0.5,0.545914888381958,0.4565102458000183,-0.0894046425819397,True
50,216,duration,18.0,10.0,0.4444444444444444,0.545914888381958,0.4424508512020111,-0.1034640371799469,True
51,216,duration,18.0,11.0,0.3888888888888889,0.545914888381958,0.43409889936447144,-0.11181598901748657,True
52,216,duration,18.0,12.0,0.3333333333333333,0.545914888381958,0.48689261078834534,-0.05902227759361267,True
53,216,duration,18.0,13.0,0.2777777777777778,0.545914888381958,0.4703221619129181,-0.07559272646903992,True
54,216,duration,18.0,14.0,0.2222222222222222,0.545914888381958,0.4900355339050293,-0.05587935447692871,True
55,216,duration,18.0,15.0,0.16666666666666666,0.545914888381958,0.4946889281272888,-0.05122596025466919,True
56,216,duration,18.0,16.0,0.1111111111111111,0.545914888381958,0.5404953360557556,-0.005419552326202393,False
57,570,credit_amount,3234.0,808.0,0.7501546072974644,0.6848335266113281,0.6935645937919617,0.008731067180633545,False
58,570,credit_amount,3234.0,970.0,0.7000618429189858,0.6848335266113281,0.699932336807251,0.015098810195922852,False
59,570,credit_amount,3234.0,1132.0,0.6499690785405071,0.6848335266113281,0.6974278688430786,0.012594342231750488,False
60,570,credit_amount,3234.0,1294.0,0.5998763141620285,0.6848335266113281,0.6983261704444885,0.0134926438331604,False
61,570,credit_amount,3234.0,1455.0,0.5500927643784786,0.6848335266113281,0.7016823291778564,0.01684880256652832,False
62,570,credit_amount,3234.0,1617.0,0.5,0.6848335266113281,0.6958023309707642,0.010968804359436035,False
63,570,credit_amount,3234.0,1779.0,0.44990723562152135,0.6848335266113281,0.7043853998184204,0.019551873207092285,False
64,570,credit_amount,3234.0,1940.0,0.40012368583797153,0.6848335266113281,0.7029440999031067,0.018110573291778564,False
65,570,credit_amount,3234.0,2102.0,0.3500309214594929,0.6848335266113281,0.6989349126815796,0.014101386070251465,False
66,570,credit_amount,3234.0,2264.0,0.29993815708101423,0.6848335266113281,0.7024719715118408,0.017638444900512695,False
67,570,credit_amount,3234.0,2426.0,0.24984539270253556,0.6848335266113281,0.7024359703063965,0.01760244369506836,False
68,570,credit_amount,3234.0,2587.0,0.20006184291898577,0.6848335266113281,0.6958803534507751,0.011046826839447021,False
69,570,credit_amount,3234.0,2749.0,0.14996907854050712,0.6848335266113281,0.6970876455307007,0.012254118919372559,False
70,570,credit_amount,3234.0,2911.0,0.09987631416202845,0.6848335266113281,0.6892880797386169,0.004454553127288818,False
71,570,credit_amount,3234.0,3072.0,0.05009276437847866,0.6848335266113281,0.6894133687019348,0.0045798420906066895,False
72,570,duration,24.0,4.0,0.8333333333333334,0.6848335266113281,0.49885526299476624,-0.1859782636165619,True
73,570,duration,24.0,6.0,0.75,0.6848335266113281,0.5018438100814819,-0.1829897165298462,False
74,570,duration,24.0,7.0,0.7083333333333334,0.6848335266113281,0.4891543984413147,-0.19567912817001343,True
75,570,duration,24.0,8.0,0.6666666666666666,0.6848335266113281,0.4929971396923065,-0.1918363869190216,True
76,570,duration,24.0,9.0,0.625,0.6848335266113281,0.5262947082519531,-0.158538818359375,False
77,570,duration,24.0,10.0,0.5833333333333334,0.6848335266113281,0.5039070844650269,-0.18092644214630127,False
78,570,duration,24.0,11.0,0.5416666666666666,0.6848335266113281,0.4934083819389343,-0.1914251446723938,True
79,570,duration,24.0,12.0,0.5,0.6848335266113281,0.5423457026481628,-0.14248782396316528,False
80,570,duration,24.0,13.0,0.4583333333333333,0.6848335266113281,0.5355550050735474,-0.14927852153778076,False
81,570,duration,24.0,14.0,0.4166666666666667,0.6848335266113281,0.5458033084869385,-0.13903021812438965,False
82,570,duration,24.0,15.0,0.375,0.6848335266113281,0.560867428779602,-0.12396609783172607,False
83,570,duration,24.0,16.0,0.3333333333333333,0.6848335266113281,0.5986077189445496,-0.08622580766677856,False
84,570,duration,24.0,18.0,0.25,0.6848335266113281,0.6120793223381042,-0.07275420427322388,False
85,570,duration,24.0,20.0,0.16666666666666666,0.6848335266113281,0.613787829875946,-0.07104569673538208,False
86,570,duration,24.0,21.0,0.125,0.6848335266113281,0.6410120725631714,-0.04382145404815674,False
87,570,duration,24.0,22.0,0.08333333333333333,0.6848335266113281,0.6315164566040039,-0.05331707000732422,False
88,887,credit_amount,15672.0,3918.0,0.75,0.7164038419723511,0.4618529677391052,-0.25455087423324585,True
89,887,credit_amount,15672.0,4702.0,0.6999744767738643,0.7164038419723511,0.4801485240459442,-0.23625531792640686,True
90,887,credit_amount,15672.0,5485.0,0.6500127616130679,0.7164038419723511,0.4865868091583252,-0.22981703281402588,True
91,887,credit_amount,15672.0,6269.0,0.5999872383869321,0.7164038419723511,0.49281349778175354,-0.22359034419059753,True
92,887,credit_amount,15672.0,7052.0,0.5500255232261357,0.7164038419723511,0.5170291662216187,-0.19937467575073242,False
93,887,credit_amount,15672.0,7836.0,0.5,0.7164038419723511,0.5362875461578369,-0.18011629581451416,False
94,887,credit_amount,15672.0,8620.0,0.4499744767738642,0.7164038419723511,0.5628662109375,-0.15353763103485107,False
95,887,credit_amount,15672.0,9403.0,0.40001276161306787,0.7164038419723511,0.5812371969223022,-0.13516664505004883,False
96,887,credit_amount,15672.0,10187.0,0.34998723838693213,0.7164038419723511,0.6058290600776672,-0.11057478189468384,False
97,887,credit_amount,15672.0,10970.0,0.3000255232261358,0.7164038419723511,0.6200194358825684,-0.09638440608978271,False
98,887,credit_amount,15672.0,11754.0,0.25,0.7164038419723511,0.6507334113121033,-0.0656704306602478,False
99,887,credit_amount,15672.0,12538.0,0.1999744767738642,0.7164038419723511,0.6739096641540527,-0.04249417781829834,False
100,887,credit_amount,15672.0,13321.0,0.1500127616130679,0.7164038419723511,0.685508131980896,-0.030895709991455078,False
101,887,credit_amount,15672.0,14105.0,0.0999872383869321,0.7164038419723511,0.6987736225128174,-0.01763021945953369,False
102,887,credit_amount,15672.0,14888.0,0.050025523226135786,0.7164038419723511,0.7100861072540283,-0.006317734718322754,False
103,887,duration,48.0,4.0,0.9166666666666666,0.7164038419723511,0.5576041340827942,-0.15879970788955688,False
104,887,duration,48.0,6.0,0.875,0.7164038419723511,0.588826060295105,-0.1275777816772461,False
105,887,duration,48.0,7.0,0.8541666666666666,0.7164038419723511,0.5840737819671631,-0.132330060005188,False
106,887,duration,48.0,8.0,0.8333333333333334,0.7164038419723511,0.5892391800880432,-0.12716466188430786,False
107,887,duration,48.0,9.0,0.8125,0.7164038419723511,0.6200961470603943,-0.09630769491195679,False
108,887,duration,48.0,10.0,0.7916666666666666,0.7164038419723511,0.6036760210990906,-0.1127278208732605,False
109,887,duration,48.0,11.0,0.7708333333333334,0.7164038419723511,0.5990204811096191,-0.11738336086273193,False
110,887,duration,48.0,12.0,0.75,0.7164038419723511,0.6396437883377075,-0.07676005363464355,False
111,887,duration,48.0,13.0,0.7291666666666666,0.7164038419723511,0.6153578162193298,-0.10104602575302124,False
112,887,duration,48.0,14.0,0.7083333333333334,0.7164038419723511,0.6370089054107666,-0.07939493656158447,False
113,887,duration,48.0,15.0,0.6875,0.7164038419723511,0.6349889636039734,-0.08141487836837769,False
114,887,duration,48.0,16.0,0.6666666666666666,0.7164038419723511,0.661421000957489,-0.05498284101486206,False
115,887,duration,48.0,18.0,0.625,0.7164038419723511,0.6616857647895813,-0.054718077182769775,False
116,887,duration,48.0,20.0,0.5833333333333334,0.7164038419723511,0.6568388938903809,-0.059564948081970215,False
117,887,duration,48.0,21.0,0.5625,0.7164038419723511,0.6652430295944214,-0.05116081237792969,False
118,887,duration,48.0,22.0,0.5416666666666666,0.7164038419723511,0.6510008573532104,-0.06540298461914062,False
119,887,duration,48.0,24.0,0.5,0.7164038419723511,0.6781203746795654,-0.038283467292785645,False
120,887,duration,48.0,26.0,0.4583333333333333,0.7164038419723511,0.6649157404899597,-0.05148810148239136,False
121,887,duration,48.0,27.0,0.4375,0.7164038419723511,0.6689878702163696,-0.047415971755981445,False
122,887,duration,48.0,28.0,0.4166666666666667,0.7164038419723511,0.6711442470550537,-0.04525959491729736,False
123,887,duration,48.0,30.0,0.375,0.7164038419723511,0.6794951558113098,-0.03690868616104126,False
124,887,duration,48.0,33.0,0.3125,0.7164038419723511,0.6769589185714722,-0.039444923400878906,False
125,887,duration,48.0,36.0,0.25,0.7164038419723511,0.6991384029388428,-0.0172654390335083,False
126,887,duration,48.0,39.0,0.1875,0.7164038419723511,0.6890476942062378,-0.02735614776611328,False
127,887,duration,48.0,40.0,0.16666666666666666,0.7164038419723511,0.6935815811157227,-0.022822260856628418,False
128,887,duration,48.0,42.0,0.125,0.7164038419723511,0.6941913366317749,-0.022212505340576172,False
129,887,duration,48.0,45.0,0.0625,0.7164038419723511,0.7020256519317627,-0.014378190040588379,False
130,887,duration,48.0,47.0,0.020833333333333332,0.7164038419723511,0.6997789144515991,-0.016624927520751953,False
131,678,credit_amount,2384.0,596.0,0.75,0.6390358805656433,0.648278534412384,0.009242653846740723,False
132,678,credit_amount,2384.0,715.0,0.7000838926174496,0.6390358805656433,0.6679714918136597,0.028935611248016357,False
133,678,credit_amount,2384.0,834.0,0.6501677852348994,0.6390358805656433,0.6676616668701172,0.028625786304473877,False
134,678,credit_amount,2384.0,954.0,0.5998322147651006,0.6390358805656433,0.6643107533454895,0.02527487277984619,False
135,678,credit_amount,2384.0,1073.0,0.5499161073825504,0.6390358805656433,0.6686212420463562,0.02958536148071289,False
136,678,credit_amount,2384.0,1192.0,0.5,0.6390358805656433,0.6677030324935913,0.028667151927947998,False
137,678,credit_amount,2384.0,1311.0,0.4500838926174497,0.6390358805656433,0.6643024682998657,0.025266587734222412,False
138,678,credit_amount,2384.0,1430.0,0.4001677852348993,0.6390358805656433,0.6549514532089233,0.01591557264328003,False
139,678,credit_amount,2384.0,1550.0,0.3498322147651007,0.6390358805656433,0.6526702642440796,0.01363438367843628,False
140,678,credit_amount,2384.0,1669.0,0.2999161073825503,0.6390358805656433,0.6483578681945801,0.009321987628936768,False
141,678,credit_amount,2384.0,1788.0,0.25,0.6390358805656433,0.6477850079536438,0.008749127388000488,False
142,678,credit_amount,2384.0,1907.0,0.20008389261744966,0.6390358805656433,0.6423954367637634,0.003359556198120117,False
143,678,credit_amount,2384.0,2026.0,0.15016778523489932,0.6390358805656433,0.6411506533622742,0.0021147727966308594,False
144,678,credit_amount,2384.0,2146.0,0.09983221476510067,0.6390358805656433,0.6292333602905273,-0.009802520275115967,False
145,678,credit_amount,2384.0,2265.0,0.04991610738255033,0.6390358805656433,0.6362942457199097,-0.0027416348457336426,False
146,678,duration,24.0,4.0,0.8333333333333334,0.6390358805656433,0.3512779176235199,-0.2877579629421234,True
147,678,duration,24.0,6.0,0.75,0.6390358805656433,0.3576011061668396,-0.2814347743988037,True
148,678,duration,24.0,7.0,0.7083333333333334,0.6390358805656433,0.3501386046409607,-0.2888972759246826,True
149,678,duration,24.0,8.0,0.6666666666666666,0.6390358805656433,0.36317700147628784,-0.27585887908935547,True
150,678,duration,24.0,9.0,0.625,0.6390358805656433,0.40397876501083374,-0.23505711555480957,True
151,678,duration,24.0,10.0,0.5833333333333334,0.6390358805656433,0.39803147315979004,-0.24100440740585327,True
152,678,duration,24.0,11.0,0.5416666666666666,0.6390358805656433,0.39048510789871216,-0.24855077266693115,True
153,678,duration,24.0,12.0,0.5,0.6390358805656433,0.46869197487831116,-0.17034390568733215,True
154,678,duration,24.0,13.0,0.4583333333333333,0.6390358805656433,0.4655855894088745,-0.1734502911567688,True
155,678,duration,24.0,14.0,0.4166666666666667,0.6390358805656433,0.4933624565601349,-0.14567342400550842,True
156,678,duration,24.0,15.0,0.375,0.6390358805656433,0.5037680864334106,-0.13526779413223267,False
157,678,duration,24.0,16.0,0.3333333333333333,0.6390358805656433,0.5618712902069092,-0.07716459035873413,False
158,678,duration,24.0,18.0,0.25,0.6390358805656433,0.5768823623657227,-0.062153518199920654,False
159,678,duration,24.0,20.0,0.16666666666666666,0.6390358805656433,0.5717154145240784,-0.06732046604156494,False
160,678,duration,24.0,21.0,0.125,0.6390358805656433,0.588558554649353,-0.05047732591629028,False
161,678,duration,24.0,22.0,0.08333333333333333,0.6390358805656433,0.580810546875,-0.05822533369064331,False
162,338,credit_amount,4169.0,1042.0,0.7500599664188055,0.5294193625450134,0.5283657312393188,-0.00105363130569458,False
163,338,credit_amount,4169.0,1251.0,0.6999280402974334,0.5294193625450134,0.5275278091430664,-0.0018915534019470215,False
164,338,credit_amount,4169.0,1459.0,0.6500359798512833,0.5294193625450134,0.5330080986022949,0.003588736057281494,False
165,338,credit_amount,4169.0,1668.0,0.5999040537299113,0.5294193625450134,0.5299977660179138,0.0005784034729003906,False
166,338,credit_amount,4169.0,1876.0,0.550011993283761,0.5294193625450134,0.5311304330825806,0.0017110705375671387,False
167,338,credit_amount,4169.0,2084.0,0.5001199328376109,0.5294193625450134,0.5270675420761108,-0.002351820468902588,False
168,338,credit_amount,4169.0,2293.0,0.4499880067162389,0.5294193625450134,0.5191354751586914,-0.010283887386322021,False
169,338,credit_amount,4169.0,2501.0,0.40009594627008876,0.5294193625450134,0.5147697329521179,-0.014649629592895508,False
170,338,credit_amount,4169.0,2710.0,0.3499640201487167,0.5294193625450134,0.5151519179344177,-0.014267444610595703,False
171,338,credit_amount,4169.0,2918.0,0.30007195970256656,0.5294193625450134,0.5125130414962769,-0.016906321048736572,False
172,338,credit_amount,4169.0,3127.0,0.24994003358119454,0.5294193625450134,0.5063179731369019,-0.023101389408111572,False
173,338,credit_amount,4169.0,3335.0,0.20004797313504438,0.5294193625450134,0.5081786513328552,-0.021240711212158203,False
174,338,credit_amount,4169.0,3544.0,0.14991604701367234,0.5294193625450134,0.4971770942211151,-0.032242268323898315,True
175,338,credit_amount,4169.0,3752.0,0.10002398656752219,0.5294193625450134,0.5045787692070007,-0.024840593338012695,False
176,338,credit_amount,4169.0,3961.0,0.049892060446150154,0.5294193625450134,0.5125114917755127,-0.016907870769500732,False
177,338,duration,24.0,4.0,0.8333333333333334,0.5294193625450134,0.3934164345264435,-0.13600292801856995,True
178,338,duration,24.0,6.0,0.75,0.5294193625450134,0.40856271982192993,-0.1208566427230835,True
179,338,duration,24.0,7.0,0.7083333333333334,0.5294193625450134,0.39093413949012756,-0.13848522305488586,True
180,338,duration,24.0,8.0,0.6666666666666666,0.5294193625450134,0.3945297598838806,-0.1348896026611328,True
181,338,duration,24.0,9.0,0.625,0.5294193625450134,0.4266294836997986,-0.10278987884521484,True
182,338,duration,24.0,10.0,0.5833333333333334,0.5294193625450134,0.399982750415802,-0.12943661212921143,True
183,338,duration,24.0,11.0,0.5416666666666666,0.5294193625450134,0.37598100304603577,-0.15343835949897766,True
184,338,duration,24.0,12.0,0.5,0.5294193625450134,0.43207672238349915,-0.09734264016151428,True
185,338,duration,24.0,13.0,0.4583333333333333,0.5294193625450134,0.3968930244445801,-0.13252633810043335,True
186,338,duration,24.0,14.0,0.4166666666666667,0.5294193625450134,0.4150741398334503,-0.11434522271156311,True
187,338,duration,24.0,15.0,0.375,0.5294193625450134,0.4246402382850647,-0.10477912425994873,True
188,338,duration,24.0,16.0,0.3333333333333333,0.5294193625450134,0.46379053592681885,-0.06562882661819458,True
189,338,duration,24.0,18.0,0.25,0.5294193625450134,0.4651382267475128,-0.06428113579750061,True
190,338,duration,24.0,20.0,0.16666666666666666,0.5294193625450134,0.45731887221336365,-0.07210049033164978,True
191,338,duration,24.0,21.0,0.125,0.5294193625450134,0.48507773876190186,-0.04434162378311157,True
192,338,duration,24.0,22.0,0.08333333333333333,0.5294193625450134,0.46890461444854736,-0.060514748096466064,True
193,11,credit_amount,4308.0,1077.0,0.75,0.8232432007789612,0.792893648147583,-0.030349552631378174,False
194,11,credit_amount,4308.0,1292.0,0.7000928505106778,0.8232432007789612,0.801135778427124,-0.022107422351837158,False
195,11,credit_amount,4308.0,1508.0,0.6499535747446611,0.8232432007789612,0.8004263639450073,-0.022816836833953857,False
196,11,credit_amount,4308.0,1723.0,0.6000464252553389,0.8232432007789612,0.8075453042984009,-0.015697896480560303,False
197,11,credit_amount,4308.0,1939.0,0.5499071494893222,0.8232432007789612,0.813037097454071,-0.010206103324890137,False
198,11,credit_amount,4308.0,2154.0,0.5,0.8232432007789612,0.8145748376846313,-0.008668363094329834,False
199,11,credit_amount,4308.0,2369.0,0.4500928505106778,0.8232432007789612,0.8122072219848633,-0.0110359787940979,False
200,11,credit_amount,4308.0,2585.0,0.3999535747446611,0.8232432007789612,0.818821370601654,-0.004421830177307129,False
201,11,credit_amount,4308.0,2800.0,0.3500464252553389,0.8232432007789612,0.8154418468475342,-0.007801353931427002,False
202,11,credit_amount,4308.0,3016.0,0.2999071494893222,0.8232432007789612,0.8118411302566528,-0.01140207052230835,False
203,11,credit_amount,4308.0,3231.0,0.25,0.8232432007789612,0.8170996904373169,-0.006143510341644287,False
204,11,credit_amount,4308.0,3446.0,0.20009285051067782,0.8232432007789612,0.818371057510376,-0.004872143268585205,False
205,11,credit_amount,4308.0,3662.0,0.1499535747446611,0.8232432007789612,0.814319372177124,-0.008923828601837158,False
206,11,credit_amount,4308.0,3877.0,0.10004642525533891,0.8232432007789612,0.8164288997650146,-0.006814301013946533,False
207,11,credit_amount,4308.0,4093.0,0.04990714948932219,0.8232432007789612,0.8219727873802185,-0.0012704133987426758,False
208,11,duration,48.0,4.0,0.9166666666666666,0.8232432007789612,0.5725898742675781,-0.25065332651138306,False
209,11,duration,48.0,6.0,0.875,0.8232432007789612,0.5780651569366455,-0.24517804384231567,False
210,11,duration,48.0,7.0,0.8541666666666666,0.8232432007789612,0.5638331770896912,-0.25941002368927,False
211,11,duration,48.0,8.0,0.8333333333333334,0.8232432007789612,0.5671045780181885,-0.2561386227607727,False
212,11,duration,48.0,9.0,0.8125,0.8232432007789612,0.5926897525787354,-0.23055344820022583,False
213,11,duration,48.0,10.0,0.7916666666666666,0.8232432007789612,0.5743751525878906,-0.24886804819107056,False
214,11,duration,48.0,11.0,0.7708333333333334,0.8232432007789612,0.5603376626968384,-0.2629055380821228,False
215,11,duration,48.0,12.0,0.75,0.8232432007789612,0.5890952348709106,-0.23414796590805054,False
216,11,duration,48.0,13.0,0.7291666666666666,0.8232432007789612,0.5637989044189453,-0.25944429636001587,False
217,11,duration,48.0,14.0,0.7083333333333334,0.8232432007789612,0.5748469829559326,-0.24839621782302856,False
218,11,duration,48.0,15.0,0.6875,0.8232432007789612,0.5806645154953003,-0.2425786852836609,False
219,11,duration,48.0,16.0,0.6666666666666666,0.8232432007789612,0.6133263111114502,-0.209916889667511,False
220,11,duration,48.0,18.0,0.625,0.8232432007789612,0.6153794527053833,-0.20786374807357788,False
221,11,duration,48.0,20.0,0.5833333333333334,0.8232432007789612,0.6058536171913147,-0.21738958358764648,False
222,11,duration,48.0,21.0,0.5625,0.8232432007789612,0.6299037933349609,-0.19333940744400024,False
223,11,duration,48.0,22.0,0.5416666666666666,0.8232432007789612,0.61651611328125,-0.20672708749771118,False
224,11,duration,48.0,24.0,0.5,0.8232432007789612,0.6651204228401184,-0.15812277793884277,False
225,11,duration,48.0,26.0,0.4583333333333333,0.8232432007789612,0.6768795251846313,-0.14636367559432983,False
226,11,duration,48.0,27.0,0.4375,0.8232432007789612,0.6875406503677368,-0.13570255041122437,False
227,11,duration,48.0,28.0,0.4166666666666667,0.8232432007789612,0.6906951069831848,-0.13254809379577637,False
228,11,duration,48.0,30.0,0.375,0.8232432007789612,0.7167015671730042,-0.10654163360595703,False
229,11,duration,48.0,33.0,0.3125,0.8232432007789612,0.7240868210792542,-0.09915637969970703,False
230,11,duration,48.0,36.0,0.25,0.8232432007789612,0.7650787830352783,-0.05816441774368286,False
231,11,duration,48.0,39.0,0.1875,0.8232432007789612,0.7675052881240845,-0.05573791265487671,False
232,11,duration,48.0,40.0,0.16666666666666666,0.8232432007789612,0.7787096500396729,-0.04453355073928833,False
233,11,duration,48.0,42.0,0.125,0.8232432007789612,0.7850584983825684,-0.03818470239639282,False
234,11,duration,48.0,45.0,0.0625,0.8232432007789612,0.7970712780952454,-0.02617192268371582,False
235,11,duration,48.0,47.0,0.020833333333333332,0.8232432007789612,0.7985702753067017,-0.02467292547225952,False
236,818,credit_amount,15857.0,3964.0,0.750015765907801,0.7804068326950073,0.6360267996788025,-0.14438003301620483,False
237,818,credit_amount,15857.0,4757.0,0.7000063063631203,0.7804068326950073,0.6420243382453918,-0.13838249444961548,False
238,818,credit_amount,15857.0,5550.0,0.6499968468184398,0.7804068326950073,0.6343976259231567,-0.14600920677185059,False
239,818,credit_amount,15857.0,6343.0,0.5999873872737592,0.7804068326950073,0.6374508142471313,-0.14295601844787598,False
240,818,credit_amount,15857.0,7136.0,0.5499779277290786,0.7804068326950073,0.653826892375946,-0.12657994031906128,False
241,818,credit_amount,15857.0,7928.0,0.5000315318156019,0.7804068326950073,0.6673188209533691,-0.11308801174163818,False
242,818,credit_amount,15857.0,8721.0,0.45002207227092134,0.7804068326950073,0.6739077568054199,-0.1064990758895874,False
243,818,credit_amount,15857.0,9514.0,0.4000126127262408,0.7804068326950073,0.6900622248649597,-0.09034460783004761,False
244,818,credit_amount,15857.0,10307.0,0.35000315318156017,0.7804068326950073,0.707210898399353,-0.0731959342956543,False
245,818,credit_amount,15857.0,11100.0,0.2999936936368796,0.7804068326950073,0.7204951643943787,-0.05991166830062866,False
246,818,credit_amount,15857.0,11893.0,0.24998423409219903,0.7804068326950073,0.7355114817619324,-0.04489535093307495,False
247,818,credit_amount,15857.0,12686.0,0.19997477454751844,0.7804068326950073,0.7489126324653625,-0.031494200229644775,False
248,818,credit_amount,15857.0,13478.0,0.15002837863404175,0.7804068326950073,0.7549561858177185,-0.02545064687728882,False
249,818,credit_amount,15857.0,14271.0,0.10001891908936117,0.7804068326950073,0.7709314823150635,-0.009475350379943848,False
250,818,credit_amount,15857.0,15064.0,0.050009459544680585,0.7804068326950073,0.777622401714325,-0.002784430980682373,False
251,818,duration,36.0,4.0,0.8888888888888888,0.7804068326950073,0.6770443916320801,-0.10336244106292725,False
252,818,duration,36.0,6.0,0.8333333333333334,0.7804068326950073,0.7018852233886719,-0.07852160930633545,False
253,818,duration,36.0,7.0,0.8055555555555556,0.7804068326950073,0.698021650314331,-0.08238518238067627,False
254,818,duration,36.0,8.0,0.7777777777777778,0.7804068326950073,0.7064169645309448,-0.0739898681640625,False
255,818,duration,36.0,9.0,0.75,0.7804068326950073,0.7314469218254089,-0.04895991086959839,False
256,818,duration,36.0,10.0,0.7222222222222222,0.7804068326950073,0.724591851234436,-0.05581498146057129,False
257,818,duration,36.0,11.0,0.6944444444444444,0.7804068326950073,0.72038334608078,-0.060023486614227295,False
258,818,duration,36.0,12.0,0.6666666666666666,0.7804068326950073,0.7526129484176636,-0.02779388427734375,False
259,818,duration,36.0,13.0,0.6388888888888888,0.7804068326950073,0.7358171939849854,-0.04458963871002197,False
260,818,duration,36.0,14.0,0.6111111111111112,0.7804068326950073,0.7416766881942749,-0.03873014450073242,False
261,818,duration,36.0,15.0,0.5833333333333334,0.7804068326950073,0.7489379644393921,-0.031468868255615234,False
262,818,duration,36.0,16.0,0.5555555555555556,0.7804068326950073,0.7656009197235107,-0.014805912971496582,False
263,818,duration,36.0,18.0,0.5,0.7804068326950073,0.7686783075332642,-0.011728525161743164,False
264,818,duration,36.0,20.0,0.4444444444444444,0.7804068326950073,0.7547866106033325,-0.025620222091674805,False
265,818,duration,36.0,21.0,0.4166666666666667,0.7804068326950073,0.767735481262207,-0.012671351432800293,False
266,818,duration,36.0,22.0,0.3888888888888889,0.7804068326950073,0.7584859132766724,-0.02192091941833496,False
267,818,duration,36.0,24.0,0.3333333333333333,0.7804068326950073,0.772816002368927,-0.007590830326080322,False
268,818,duration,36.0,26.0,0.2777777777777778,0.7804068326950073,0.7659165859222412,-0.014490246772766113,False
269,818,duration,36.0,27.0,0.25,0.7804068326950073,0.7646593451499939,-0.015747487545013428,False
270,818,duration,36.0,28.0,0.2222222222222222,0.7804068326950073,0.7728384137153625,-0.007568418979644775,False
271,818,duration,36.0,30.0,0.16666666666666666,0.7804068326950073,0.773327112197876,-0.007079720497131348,False
272,818,duration,36.0,33.0,0.08333333333333333,0.7804068326950073,0.7691918015480042,-0.011215031147003174,False
273,831,credit_amount,1216.0,304.0,0.75,0.7881336212158203,0.7802112102508545,-0.00792241096496582,False
274,831,credit_amount,1216.0,365.0,0.6998355263157895,0.7881336212158203,0.7801274061203003,-0.00800621509552002,False
275,831,credit_amount,1216.0,426.0,0.649671052631579,0.7881336212158203,0.7927995324134827,0.0046659111976623535,False
276,831,credit_amount,1216.0,486.0,0.600328947368421,0.7881336212158203,0.8003545999526978,0.012220978736877441,False
277,831,credit_amount,1216.0,547.0,0.5501644736842105,0.7881336212158203,0.7968116998672485,0.008678078651428223,False
278,831,credit_amount,1216.0,608.0,0.5,0.7881336212158203,0.7976435422897339,0.009509921073913574,False
279,831,credit_amount,1216.0,669.0,0.4498355263157895,0.7881336212158203,0.8078003525733948,0.019666731357574463,False
280,831,credit_amount,1216.0,730.0,0.3996710526315789,0.7881336212158203,0.8069602847099304,0.018826663494110107,False
281,831,credit_amount,1216.0,790.0,0.3503289473684211,0.7881336212158203,0.8098141551017761,0.02168053388595581,False
282,831,credit_amount,1216.0,851.0,0.3001644736842105,0.7881336212158203,0.8088017106056213,0.020668089389801025,False
283,831,credit_amount,1216.0,912.0,0.25,0.7881336212158203,0.8082515001296997,0.020117878913879395,False
284,831,credit_amount,1216.0,973.0,0.19983552631578946,0.7881336212158203,0.7986329197883606,0.010499298572540283,False
285,831,credit_amount,1216.0,1034.0,0.14967105263157895,0.7881336212158203,0.7991332411766052,0.010999619960784912,False
286,831,credit_amount,1216.0,1094.0,0.10032894736842106,0.7881336212158203,0.7921987175941467,0.004065096378326416,False
287,831,credit_amount,1216.0,1155.0,0.05016447368421053,0.7881336212158203,0.7899898290634155,0.0018562078475952148,False
288,831,duration,18.0,4.0,0.7777777777777778,0.7881336212158203,0.527860164642334,-0.26027345657348633,False
289,831,duration,18.0,6.0,0.6666666666666666,0.7881336212158203,0.5614601373672485,-0.22667348384857178,False
290,831,duration,18.0,7.0,0.6111111111111112,0.7881336212158203,0.5823520421981812,-0.20578157901763916,False
291,831,duration,18.0,8.0,0.5555555555555556,0.7881336212158203,0.5967177152633667,-0.1914159059524536,False
292,831,duration,18.0,9.0,0.5,0.7881336212158203,0.6470124125480652,-0.14112120866775513,False
293,831,duration,18.0,10.0,0.4444444444444444,0.7881336212158203,0.6439237594604492,-0.1442098617553711,False
294,831,duration,18.0,11.0,0.3888888888888889,0.7881336212158203,0.6413173675537109,-0.14681625366210938,False
295,831,duration,18.0,12.0,0.3333333333333333,0.7881336212158203,0.7168320417404175,-0.07130157947540283,False
296,831,duration,18.0,13.0,0.2777777777777778,0.7881336212158203,0.7077412605285645,-0.08039236068725586,False
297,831,duration,18.0,14.0,0.2222222222222222,0.7881336212158203,0.7342646718025208,-0.05386894941329956,False
298,831,duration,18.0,15.0,0.16666666666666666,0.7881336212158203,0.7360379099845886,-0.05209571123123169,False
299,831,duration,18.0,16.0,0.1111111111111111,0.7881336212158203,0.7855851650238037,-0.0025484561920166016,False
300,739,credit_amount,4280.0,1070.0,0.75,0.6417856216430664,0.6605854630470276,0.01879984140396118,False
301,739,credit_amount,4280.0,1284.0,0.7,0.6417856216430664,0.6550691723823547,0.01328355073928833,False
302,739,credit_amount,4280.0,1498.0,0.65,0.6417856216430664,0.6542333960533142,0.012447774410247803,False
303,739,credit_amount,4280.0,1712.0,0.6,0.6417856216430664,0.6512663960456848,0.009480774402618408,False
304,739,credit_amount,4280.0,1926.0,0.55,0.6417856216430664,0.6587510108947754,0.016965389251708984,False
305,739,credit_amount,4280.0,2140.0,0.5,0.6417856216430664,0.6475836038589478,0.005797982215881348,False
306,739,credit_amount,4280.0,2354.0,0.45,0.6417856216430664,0.6454474925994873,0.0036618709564208984,False
307,739,credit_amount,4280.0,2568.0,0.4,0.6417856216430664,0.63946533203125,-0.0023202896118164062,False
308,739,credit_amount,4280.0,2782.0,0.35,0.6417856216430664,0.6468872427940369,0.005101621150970459,False
309,739,credit_amount,4280.0,2996.0,0.3,0.6417856216430664,0.6457317471504211,0.003946125507354736,False
310,739,credit_amount,4280.0,3210.0,0.25,0.6417856216430664,0.6383455395698547,-0.00344008207321167,False
311,739,credit_amount,4280.0,3424.0,0.2,0.6417856216430664,0.6321377754211426,-0.009647846221923828,False
312,739,credit_amount,4280.0,3638.0,0.15,0.6417856216430664,0.637414813041687,-0.0043708086013793945,False
313,739,credit_amount,4280.0,3852.0,0.1,0.6417856216430664,0.6408510208129883,-0.000934600830078125,False
314,739,credit_amount,4280.0,4066.0,0.05,0.6417856216430664,0.6502103805541992,0.008424758911132812,False
315,739,duration,30.0,4.0,0.8666666666666667,0.6417856216430664,0.5232086777687073,-0.11857694387435913,False
316,739,duration,30.0,6.0,0.8,0.6417856216430664,0.5296039581298828,-0.1121816635131836,False
317,739,duration,30.0,7.0,0.7666666666666667,0.6417856216430664,0.522477388381958,-0.1193082332611084,False
318,739,duration,30.0,8.0,0.7333333333333333,0.6417856216430664,0.5301185250282288,-0.11166709661483765,False
319,739,duration,30.0,9.0,0.7,0.6417856216430664,0.5514810085296631,-0.09030461311340332,False
320,739,duration,30.0,10.0,0.6666666666666666,0.6417856216430664,0.5361987352371216,-0.10558688640594482,False
321,739,duration,30.0,11.0,0.6333333333333333,0.6417856216430664,0.5289318561553955,-0.1128537654876709,False
322,739,duration,30.0,12.0,0.6,0.6417856216430664,0.5642544031143188,-0.07753121852874756,False
323,739,duration,30.0,13.0,0.5666666666666667,0.6417856216430664,0.5481992959976196,-0.09358632564544678,False
324,739,duration,30.0,14.0,0.5333333333333333,0.6417856216430664,0.5592648983001709,-0.08252072334289551,False
325,739,duration,30.0,15.0,0.5,0.6417856216430664,0.5648362636566162,-0.0769493579864502,False
326,739,duration,30.0,16.0,0.4666666666666667,0.6417856216430664,0.5905168056488037,-0.051268815994262695,False
327,739,duration,30.0,18.0,0.4,0.6417856216430664,0.595152735710144,-0.04663288593292236,False
328,739,duration,30.0,20.0,0.3333333333333333,0.6417856216430664,0.5865476727485657,-0.05523794889450073,False
329,739,duration,30.0,21.0,0.3,0.6417856216430664,0.6041672229766846,-0.037618398666381836,False
330,739,duration,30.0,22.0,0.26666666666666666,0.6417856216430664,0.5922584533691406,-0.04952716827392578,False
331,739,duration,30.0,24.0,0.2,0.6417856216430664,0.6178534626960754,-0.023932158946990967,False
332,739,duration,30.0,26.0,0.13333333333333333,0.6417856216430664,0.6268911361694336,-0.014894485473632812,False
333,739,duration,30.0,27.0,0.1,0.6417856216430664,0.6292117834091187,-0.012573838233947754,False
334,739,duration,30.0,28.0,0.06666666666666667,0.6417856216430664,0.6321262121200562,-0.009659409523010254,False
335,1,credit_amount,5951.0,1488.0,0.7499579902537389,0.543003499507904,0.463712602853775,-0.07929089665412903,True
336,1,credit_amount,5951.0,1785.0,0.7000504116955134,0.543003499507904,0.48367270827293396,-0.05933079123497009,True
337,1,credit_amount,5951.0,2083.0,0.6499747941522434,0.543003499507904,0.49368464946746826,-0.04931885004043579,True
338,1,credit_amount,5951.0,2380.0,0.6000672155940178,0.543003499507904,0.49484342336654663,-0.04816007614135742,True
339,1,credit_amount,5951.0,2678.0,0.5499915980507478,0.543003499507904,0.49014151096343994,-0.05286198854446411,True
340,1,credit_amount,5951.0,2976.0,0.4999159805074777,0.543003499507904,0.4901127517223358,-0.05289074778556824,True
341,1,credit_amount,5951.0,3273.0,0.45000840194925223,0.543003499507904,0.5009930729866028,-0.04201042652130127,False
342,1,credit_amount,5951.0,3571.0,0.3999327844059822,0.543003499507904,0.4905388057231903,-0.052464693784713745,True
343,1,credit_amount,5951.0,3868.0,0.3500252058477567,0.543003499507904,0.5068648457527161,-0.03613865375518799,False
344,1,credit_amount,5951.0,4166.0,0.29994958830448665,0.543003499507904,0.5132447481155396,-0.029758751392364502,False
345,1,credit_amount,5951.0,4463.0,0.2500420097462611,0.543003499507904,0.5278324484825134,-0.015171051025390625,False
346,1,credit_amount,5951.0,4761.0,0.1999663922029911,0.543003499507904,0.5313703417778015,-0.011633157730102539,False
347,1,credit_amount,5951.0,5058.0,0.1500588136447656,0.543003499507904,0.5295411348342896,-0.013462364673614502,False
348,1,credit_amount,5951.0,5356.0,0.09998319610149554,0.543003499507904,0.5262951850891113,-0.016708314418792725,False
349,1,credit_amount,5951.0,5653.0,0.050075617543270036,0.543003499507904,0.5360431671142578,-0.00696033239364624,False
350,1,duration,48.0,4.0,0.9166666666666666,0.543003499507904,0.23771972954273224,-0.3052837699651718,True
351,1,duration,48.0,6.0,0.875,0.543003499507904,0.25679856538772583,-0.2862049341201782,True
352,1,duration,48.0,7.0,0.8541666666666666,0.543003499507904,0.24459907412528992,-0.29840442538261414,True
353,1,duration,48.0,8.0,0.8333333333333334,0.543003499507904,0.24820418655872345,-0.2947993129491806,True
354,1,duration,48.0,9.0,0.8125,0.543003499507904,0.2804061770439148,-0.26259732246398926,True
355,1,duration,48.0,10.0,0.7916666666666666,0.543003499507904,0.26917052268981934,-0.2738329768180847,True
356,1,duration,48.0,11.0,0.7708333333333334,0.543003499507904,0.2507879436016083,-0.2922155559062958,True
357,1,duration,48.0,12.0,0.75,0.543003499507904,0.28887489438056946,-0.2541286051273346,True
358,1,duration,48.0,13.0,0.7291666666666666,0.543003499507904,0.27319464087486267,-0.2698088586330414,True
359,1,duration,48.0,14.0,0.7083333333333334,0.543003499507904,0.28931665420532227,-0.2536868453025818,True
360,1,duration,48.0,15.0,0.6875,0.543003499507904,0.2924899458885193,-0.25051355361938477,True
361,1,duration,48.0,16.0,0.6666666666666666,0.543003499507904,0.3234681785106659,-0.21953532099723816,True
362,1,duration,48.0,18.0,0.625,0.543003499507904,0.32800355553627014,-0.2149999439716339,True
363,1,duration,48.0,20.0,0.5833333333333334,0.543003499507904,0.3192143142223358,-0.22378918528556824,True
364,1,duration,48.0,21.0,0.5625,0.543003499507904,0.3366253972053528,-0.20637810230255127,True
365,1,duration,48.0,22.0,0.5416666666666666,0.543003499507904,0.32936394214630127,-0.21363955736160278,True
366,1,duration,48.0,24.0,0.5,0.543003499507904,0.37819600105285645,-0.1648074984550476,True
367,1,duration,48.0,26.0,0.4583333333333333,0.543003499507904,0.37996435165405273,-0.16303914785385132,True
368,1,duration,48.0,27.0,0.4375,0.543003499507904,0.3925134241580963,-0.15049007534980774,True
369,1,duration,48.0,28.0,0.4166666666666667,0.543003499507904,0.39256224036216736,-0.1504412591457367,True
370,1,duration,48.0,30.0,0.375,0.543003499507904,0.41759154200553894,-0.1254119575023651,True
371,1,duration,48.0,33.0,0.3125,0.543003499507904,0.4257145822048187,-0.11728891730308533,True
372,1,duration,48.0,36.0,0.25,0.543003499507904,0.4727224111557007,-0.07028108835220337,True
373,1,duration,48.0,39.0,0.1875,0.543003499507904,0.4817465543746948,-0.06125694513320923,True
374,1,duration,48.0,40.0,0.16666666666666666,0.543003499507904,0.4922184944152832,-0.05078500509262085,True
375,1,duration,48.0,42.0,0.125,0.543003499507904,0.4922487437725067,-0.05075475573539734,True
376,1,duration,48.0,45.0,0.0625,0.543003499507904,0.5101312398910522,-0.03287225961685181,False
377,1,duration,48.0,47.0,0.020833333333333332,0.543003499507904,0.5129992961883545,-0.03000420331954956,False
378,166,credit_amount,1131.0,283.0,0.7497789566755084,0.7051362991333008,0.6997678279876709,-0.005368471145629883,False
379,166,credit_amount,1131.0,339.0,0.7002652519893899,0.7051362991333008,0.7022101879119873,-0.0029261112213134766,False
380,166,credit_amount,1131.0,396.0,0.649867374005305,0.7051362991333008,0.7047926783561707,-0.00034362077713012695,False
381,166,credit_amount,1131.0,452.0,0.6003536693191865,0.7051362991333008,0.7112007141113281,0.006064414978027344,False
382,166,credit_amount,1131.0,509.0,0.5499557913351016,0.7051362991333008,0.7166121602058411,0.011475861072540283,False
383,166,credit_amount,1131.0,566.0,0.4995579133510168,0.7051362991333008,0.7144346833229065,0.009298384189605713,False
384,166,credit_amount,1131.0,622.0,0.4500442086648983,0.7051362991333008,0.7209905385971069,0.015854239463806152,False
385,166,credit_amount,1131.0,679.0,0.39964633068081346,0.7051362991333008,0.7324057221412659,0.027269423007965088,False
386,166,credit_amount,1131.0,735.0,0.35013262599469497,0.7051362991333008,0.7221729755401611,0.01703667640686035,False
387,166,credit_amount,1131.0,792.0,0.29973474801061006,0.7051362991333008,0.7244710326194763,0.019334733486175537,False
388,166,credit_amount,1131.0,848.0,0.2502210433244916,0.7051362991333008,0.7227726578712463,0.017636358737945557,False
389,166,credit_amount,1131.0,905.0,0.19982316534040673,0.7051362991333008,0.7248308658599854,0.01969456672668457,False
390,166,credit_amount,1131.0,961.0,0.15030946065428824,0.7051362991333008,0.7161131501197815,0.010976850986480713,False
391,166,credit_amount,1131.0,1018.0,0.09991158267020336,0.7051362991333008,0.7163473963737488,0.011211097240447998,False
392,166,credit_amount,1131.0,1074.0,0.050397877984084884,0.7051362991333008,0.7099782228469849,0.004841923713684082,False
393,166,duration,18.0,4.0,0.7777777777777778,0.7051362991333008,0.3951130509376526,-0.3100232481956482,True
394,166,duration,18.0,6.0,0.6666666666666666,0.7051362991333008,0.4235319495201111,-0.2816043496131897,True
395,166,duration,18.0,7.0,0.6111111111111112,0.7051362991333008,0.4486434757709503,-0.25649282336235046,True
396,166,duration,18.0,8.0,0.5555555555555556,0.7051362991333008,0.46857595443725586,-0.23656034469604492,True
397,166,duration,18.0,9.0,0.5,0.7051362991333008,0.5291244983673096,-0.1760118007659912,False
398,166,duration,18.0,10.0,0.4444444444444444,0.7051362991333008,0.5261683464050293,-0.17896795272827148,False
399,166,duration,18.0,11.0,0.3888888888888889,0.7051362991333008,0.5307936072349548,-0.17434269189834595,False
400,166,duration,18.0,12.0,0.3333333333333333,0.7051362991333008,0.613266110420227,-0.09187018871307373,False
401,166,duration,18.0,13.0,0.2777777777777778,0.7051362991333008,0.604873776435852,-0.10026252269744873,False
402,166,duration,18.0,14.0,0.2222222222222222,0.7051362991333008,0.6363945603370667,-0.06874173879623413,False
403,166,duration,18.0,15.0,0.16666666666666666,0.7051362991333008,0.6371479630470276,-0.0679883360862732,False
404,166,duration,18.0,16.0,0.1111111111111111,0.7051362991333008,0.6899218559265137,-0.01521444320678711,False
405,199,credit_amount,4297.0,1074.0,0.750058180125669,0.5854323506355286,0.5943824052810669,0.00895005464553833,False
406,199,credit_amount,4297.0,1289.0,0.7000232720502676,0.5854323506355286,0.5913970470428467,0.005964696407318115,False
407,199,credit_amount,4297.0,1504.0,0.6499883639748661,0.5854323506355286,0.5763717293739319,-0.00906062126159668,False
408,199,credit_amount,4297.0,1719.0,0.5999534558994647,0.5854323506355286,0.5743324756622314,-0.01109987497329712,False
409,199,credit_amount,4297.0,1934.0,0.5499185478240634,0.5854323506355286,0.5729150772094727,-0.012517273426055908,False
410,199,credit_amount,4297.0,2148.0,0.5001163602513381,0.5854323506355286,0.5650820732116699,-0.020350277423858643,False
411,199,credit_amount,4297.0,2363.0,0.4500814521759367,0.5854323506355286,0.5642262101173401,-0.021206140518188477,False
412,199,credit_amount,4297.0,2578.0,0.40004654410053525,0.5854323506355286,0.5611246824264526,-0.024307668209075928,False
413,199,credit_amount,4297.0,2793.0,0.3500116360251338,0.5854323506355286,0.555543065071106,-0.029889285564422607,False
414,199,credit_amount,4297.0,3008.0,0.29997672794973235,0.5854323506355286,0.5590982437133789,-0.026334106922149658,False
415,199,credit_amount,4297.0,3223.0,0.24994181987433092,0.5854323506355286,0.5697379112243652,-0.01569443941116333,False
416,199,credit_amount,4297.0,3438.0,0.1999069117989295,0.5854323506355286,0.5640527009963989,-0.02137964963912964,False
417,199,credit_amount,4297.0,3652.0,0.15010472422620433,0.5854323506355286,0.563643217086792,-0.021789133548736572,False
418,199,credit_amount,4297.0,3867.0,0.10006981615080289,0.5854323506355286,0.5692741274833679,-0.016158223152160645,False
419,199,credit_amount,4297.0,4082.0,0.050034908075401445,0.5854323506355286,0.5832705497741699,-0.0021618008613586426,False
420,199,duration,18.0,4.0,0.7777777777777778,0.5854323506355286,0.5326557159423828,-0.05277663469314575,False
421,199,duration,18.0,6.0,0.6666666666666666,0.5854323506355286,0.5285652279853821,-0.056867122650146484,False
422,199,duration,18.0,7.0,0.6111111111111112,0.5854323506355286,0.5230720043182373,-0.06236034631729126,False
423,199,duration,18.0,8.0,0.5555555555555556,0.5854323506355286,0.5301506519317627,-0.05528169870376587,False
424,199,duration,18.0,9.0,0.5,0.5854323506355286,0.5521408319473267,-0.033291518688201904,False
425,199,duration,18.0,10.0,0.4444444444444444,0.5854323506355286,0.5338585376739502,-0.05157381296157837,False
426,199,duration,18.0,11.0,0.3888888888888889,0.5854323506355286,0.5234547853469849,-0.0619775652885437,False
427,199,duration,18.0,12.0,0.3333333333333333,0.5854323506355286,0.5668777227401733,-0.018554627895355225,False
428,199,duration,18.0,13.0,0.2777777777777778,0.5854323506355286,0.5500656366348267,-0.035366714000701904,False
429,199,duration,18.0,14.0,0.2222222222222222,0.5854323506355286,0.5485849976539612,-0.03684735298156738,False
430,199,duration,18.0,15.0,0.16666666666666666,0.5854323506355286,0.558612585067749,-0.02681976556777954,False
431,199,duration,18.0,16.0,0.1111111111111111,0.5854323506355286,0.5834307074546814,-0.002001643180847168,False
432,840,credit_amount,5179.0,1295.0,0.7499517281328442,0.6201746463775635,0.5654279589653015,-0.05474668741226196,False
433,840,credit_amount,5179.0,1554.0,0.699942073759413,0.6201746463775635,0.5768085718154907,-0.043366074562072754,False
434,840,credit_amount,5179.0,1813.0,0.6499324193859819,0.6201746463775635,0.5883418321609497,-0.03183281421661377,False
435,840,credit_amount,5179.0,2072.0,0.5999227650125507,0.6201746463775635,0.5920550227165222,-0.02811962366104126,False
436,840,credit_amount,5179.0,2331.0,0.5499131106391195,0.6201746463775635,0.5894331932067871,-0.030741453170776367,False
437,840,credit_amount,5179.0,2590.0,0.4999034562656884,0.6201746463775635,0.5912074446678162,-0.028967201709747314,False
438,840,credit_amount,5179.0,2848.0,0.4500868893608805,0.6201746463775635,0.5899860858917236,-0.030188560485839844,False
439,840,credit_amount,5179.0,3107.0,0.4000772349874493,0.6201746463775635,0.5972720980644226,-0.02290254831314087,False
440,840,credit_amount,5179.0,3366.0,0.35006758061401816,0.6201746463775635,0.6027239561080933,-0.017450690269470215,False
441,840,credit_amount,5179.0,3625.0,0.30005792624058697,0.6201746463775635,0.5877323150634766,-0.032442331314086914,False
442,840,credit_amount,5179.0,3884.0,0.25004827186715584,0.6201746463775635,0.6033673286437988,-0.01680731773376465,False
443,840,credit_amount,5179.0,4143.0,0.20003861749372465,0.6201746463775635,0.616311252117157,-0.003863394260406494,False
444,840,credit_amount,5179.0,4402.0,0.15002896312029348,0.6201746463775635,0.6180179119110107,-0.0021567344665527344,False
445,840,credit_amount,5179.0,4661.0,0.10001930874686232,0.6201746463775635,0.6213793754577637,0.0012047290802001953,False
446,840,credit_amount,5179.0,4920.0,0.05000965437343116,0.6201746463775635,0.6196701526641846,-0.0005044937133789062,False
447,840,duration,36.0,4.0,0.8888888888888888,0.6201746463775635,0.3964020907878876,-0.2237725555896759,True
448,840,duration,36.0,6.0,0.8333333333333334,0.6201746463775635,0.419047474861145,-0.20112717151641846,True
449,840,duration,36.0,7.0,0.8055555555555556,0.6201746463775635,0.4041747748851776,-0.21599987149238586,True
450,840,duration,36.0,8.0,0.7777777777777778,0.6201746463775635,0.4157250225543976,-0.2044496238231659,True
451,840,duration,36.0,9.0,0.75,0.6201746463775635,0.4483913779258728,-0.17178326845169067,True
452,840,duration,36.0,10.0,0.7222222222222222,0.6201746463775635,0.4288674294948578,-0.1913072168827057,True
453,840,duration,36.0,11.0,0.6944444444444444,0.6201746463775635,0.4092596769332886,-0.2109149694442749,True
454,840,duration,36.0,12.0,0.6666666666666666,0.6201746463775635,0.4613206386566162,-0.15885400772094727,True
455,840,duration,36.0,13.0,0.6388888888888888,0.6201746463775635,0.42575404047966003,-0.19442060589790344,True
456,840,duration,36.0,14.0,0.6111111111111112,0.6201746463775635,0.4351617097854614,-0.18501293659210205,True
457,840,duration,36.0,15.0,0.5833333333333334,0.6201746463775635,0.43865132331848145,-0.18152332305908203,True
458,840,duration,36.0,16.0,0.5555555555555556,0.6201746463775635,0.4755815267562866,-0.14459311962127686,True
459,840,duration,36.0,18.0,0.5,0.6201746463775635,0.47527891397476196,-0.1448957324028015,True
460,840,duration,36.0,20.0,0.4444444444444444,0.6201746463775635,0.46856406331062317,-0.1516105830669403,True
461,840,duration,36.0,21.0,0.4166666666666667,0.6201746463775635,0.48454195261001587,-0.1356326937675476,True
462,840,duration,36.0,22.0,0.3888888888888889,0.6201746463775635,0.4749131500720978,-0.1452614963054657,True
463,840,duration,36.0,24.0,0.3333333333333333,0.6201746463775635,0.5181432962417603,-0.10203135013580322,False
464,840,duration,36.0,26.0,0.2777777777777778,0.6201746463775635,0.5250237584114075,-0.095150887966156,False
465,840,duration,36.0,27.0,0.25,0.6201746463775635,0.5441021919250488,-0.07607245445251465,False
466,840,duration,36.0,28.0,0.2222222222222222,0.6201746463775635,0.5508219003677368,-0.06935274600982666,False
467,840,duration,36.0,30.0,0.16666666666666666,0.6201746463775635,0.5610699653625488,-0.05910468101501465,False
468,840,duration,36.0,33.0,0.08333333333333333,0.6201746463775635,0.5731807351112366,-0.046993911266326904,False
469,853,credit_amount,1442.0,360.0,0.7503467406380028,0.7935900092124939,0.7808616161346436,-0.012728393077850342,False
470,853,credit_amount,1442.0,433.0,0.6997226074895978,0.7935900092124939,0.7937365770339966,0.00014656782150268555,False
471,853,credit_amount,1442.0,505.0,0.6497919556171984,0.7935900092124939,0.7925643920898438,-0.0010256171226501465,False
472,853,credit_amount,1442.0,577.0,0.5998613037447988,0.7935900092124939,0.7982214689254761,0.004631459712982178,False
473,853,credit_amount,1442.0,649.0,0.5499306518723994,0.7935900092124939,0.8013678789138794,0.007777869701385498,False
474,853,credit_amount,1442.0,721.0,0.5,0.7935900092124939,0.8077365159988403,0.014146506786346436,False
475,853,credit_amount,1442.0,793.0,0.4500693481276006,0.7935900092124939,0.8054325580596924,0.011842548847198486,False
476,853,credit_amount,1442.0,865.0,0.4001386962552011,0.7935900092124939,0.8045915961265564,0.0110015869140625,False
477,853,credit_amount,1442.0,937.0,0.3502080443828017,0.7935900092124939,0.8028464317321777,0.009256422519683838,False
478,853,credit_amount,1442.0,1009.0,0.3002773925104022,0.7935900092124939,0.8018530607223511,0.008263051509857178,False
479,853,credit_amount,1442.0,1082.0,0.24965325936199723,0.7935900092124939,0.800986111164093,0.007396101951599121,False
480,853,credit_amount,1442.0,1154.0,0.19972260748959778,0.7935900092124939,0.803012490272522,0.009422481060028076,False
481,853,credit_amount,1442.0,1226.0,0.14979195561719832,0.7935900092124939,0.8037249445915222,0.01013493537902832,False
482,853,credit_amount,1442.0,1298.0,0.09986130374479889,0.7935900092124939,0.7980209589004517,0.004430949687957764,False
483,853,credit_amount,1442.0,1370.0,0.049930651872399444,0.7935900092124939,0.7946175336837769,0.001027524471282959,False
484,853,duration,18.0,4.0,0.7777777777777778,0.7935900092124939,0.5887083411216736,-0.2048816680908203,False
485,853,duration,18.0,6.0,0.6666666666666666,0.7935900092124939,0.6348457932472229,-0.158744215965271,False
486,853,duration,18.0,7.0,0.6111111111111112,0.7935900092124939,0.6540952920913696,-0.13949471712112427,False
487,853,duration,18.0,8.0,0.5555555555555556,0.7935900092124939,0.662413477897644,-0.13117653131484985,False
488,853,duration,18.0,9.0,0.5,0.7935900092124939,0.6999307870864868,-0.09365922212600708,False
489,853,duration,18.0,10.0,0.4444444444444444,0.7935900092124939,0.7033063173294067,-0.09028369188308716,False
490,853,duration,18.0,11.0,0.3888888888888889,0.7935900092124939,0.6971210241317749,-0.096468985080719,False
491,853,duration,18.0,12.0,0.3333333333333333,0.7935900092124939,0.750954806804657,-0.042635202407836914,False
492,853,duration,18.0,13.0,0.2777777777777778,0.7935900092124939,0.73870849609375,-0.054881513118743896,False
493,853,duration,18.0,14.0,0.2222222222222222,0.7935900092124939,0.751807451248169,-0.04178255796432495,False
494,853,duration,18.0,15.0,0.16666666666666666,0.7935900092124939,0.764380931854248,-0.02920907735824585,False
495,853,duration,18.0,16.0,0.1111111111111111,0.7935900092124939,0.7859613299369812,-0.007628679275512695,False
496,431,credit_amount,11328.0,2832.0,0.75,0.6460965871810913,0.4293990135192871,-0.2166975736618042,True
497,431,credit_amount,11328.0,3398.0,0.7000353107344632,0.6460965871810913,0.4326530396938324,-0.2134435474872589,True
498,431,credit_amount,11328.0,3965.0,0.6499823446327684,0.6460965871810913,0.43211162090301514,-0.21398496627807617,True
499,431,credit_amount,11328.0,4531.0,0.6000176553672316,0.6460965871810913,0.4382505416870117,-0.2078460454940796,True
500,431,credit_amount,11328.0,5098.0,0.5499646892655368,0.6460965871810913,0.45864489674568176,-0.18745169043540955,True
501,431,credit_amount,11328.0,5664.0,0.5,0.6460965871810913,0.45665475726127625,-0.18944182991981506,True
502,431,credit_amount,11328.0,6230.0,0.4500353107344633,0.6460965871810913,0.4752660095691681,-0.17083057761192322,True
503,431,credit_amount,11328.0,6797.0,0.3999823446327684,0.6460965871810913,0.48736563324928284,-0.15873095393180847,True
504,431,credit_amount,11328.0,7363.0,0.3500176553672316,0.6460965871810913,0.5021976232528687,-0.14389896392822266,False
505,431,credit_amount,11328.0,7930.0,0.2999646892655367,0.6460965871810913,0.5271304249763489,-0.11896616220474243,False
506,431,credit_amount,11328.0,8496.0,0.25,0.6460965871810913,0.5395647883415222,-0.10653179883956909,False
507,431,credit_amount,11328.0,9062.0,0.2000353107344633,0.6460965871810913,0.5672070384025574,-0.07888954877853394,False
508,431,credit_amount,11328.0,9629.0,0.14998234463276836,0.6460965871810913,0.5836436748504639,-0.06245291233062744,False
509,431,credit_amount,11328.0,10195.0,0.10001765536723164,0.6460965871810913,0.608593225479126,-0.03750336170196533,False
510,431,credit_amount,11328.0,10762.0,0.049964689265536724,0.6460965871810913,0.6194031238555908,-0.02669346332550049,False
511,431,duration,24.0,4.0,0.8333333333333334,0.6460965871810913,0.5722205638885498,-0.0738760232925415,False
512,431,duration,24.0,6.0,0.75,0.6460965871810913,0.5917539596557617,-0.05434262752532959,False
513,431,duration,24.0,7.0,0.7083333333333334,0.6460965871810913,0.5857385396957397,-0.06035804748535156,False
514,431,duration,24.0,8.0,0.6666666666666666,0.6460965871810913,0.5921872854232788,-0.0539093017578125,False
515,431,duration,24.0,9.0,0.625,0.6460965871810913,0.6174340844154358,-0.028662502765655518,False
516,431,duration,24.0,10.0,0.5833333333333334,0.6460965871810913,0.6023826599121094,-0.043713927268981934,False
517,431,duration,24.0,11.0,0.5416666666666666,0.6460965871810913,0.5900425910949707,-0.056053996086120605,False
518,431,duration,24.0,12.0,0.5,0.6460965871810913,0.6270321011543274,-0.019064486026763916,False
519,431,duration,24.0,13.0,0.4583333333333333,0.6460965871810913,0.608988344669342,-0.03710824251174927,False
520,431,duration,24.0,14.0,0.4166666666666667,0.6460965871810913,0.61517333984375,-0.03092324733734131,False
521,431,duration,24.0,15.0,0.375,0.6460965871810913,0.6241426467895508,-0.021953940391540527,False
522,431,duration,24.0,16.0,0.3333333333333333,0.6460965871810913,0.6372697353363037,-0.008826851844787598,False
523,431,duration,24.0,18.0,0.25,0.6460965871810913,0.6383060216903687,-0.007790565490722656,False
524,431,duration,24.0,20.0,0.16666666666666666,0.6460965871810913,0.6220715045928955,-0.0240250825881958,False
525,431,duration,24.0,21.0,0.125,0.6460965871810913,0.6394026875495911,-0.006693899631500244,False
526,431,duration,24.0,22.0,0.08333333333333333,0.6460965871810913,0.6250594258308411,-0.021037161350250244,False
527,915,credit_amount,18424.0,4606.0,0.75,0.7266957759857178,0.5360159277915955,-0.19067984819412231,False
528,915,credit_amount,18424.0,5527.0,0.7000108554059922,0.7266957759857178,0.5269288420677185,-0.19976693391799927,False
529,915,credit_amount,18424.0,6448.0,0.6500217108119843,0.7266957759857178,0.5362997055053711,-0.19039607048034668,False
530,915,credit_amount,18424.0,7370.0,0.5999782891880157,0.7266957759857178,0.550599217414856,-0.17609655857086182,False
531,915,credit_amount,18424.0,8291.0,0.5499891445940078,0.7266957759857178,0.5625338554382324,-0.16416192054748535,False
532,915,credit_amount,18424.0,9212.0,0.5,0.7266957759857178,0.5739766359329224,-0.1527191400527954,False
533,915,credit_amount,18424.0,10133.0,0.45001085540599217,0.7266957759857178,0.6018245220184326,-0.12487125396728516,False
534,915,credit_amount,18424.0,11054.0,0.40002171081198434,0.7266957759857178,0.6156191825866699,-0.11107659339904785,False
535,915,credit_amount,18424.0,11976.0,0.34997828918801566,0.7266957759857178,0.6371228694915771,-0.08957290649414062,False
536,915,credit_amount,18424.0,12897.0,0.29998914459400783,0.7266957759857178,0.6529954075813293,-0.07370036840438843,False
537,915,credit_amount,18424.0,13818.0,0.25,0.7266957759857178,0.6720167398452759,-0.054679036140441895,False
538,915,credit_amount,18424.0,14739.0,0.20001085540599217,0.7266957759857178,0.6847323179244995,-0.04196345806121826,False
539,915,credit_amount,18424.0,15660.0,0.15002171081198437,0.7266957759857178,0.6978358030319214,-0.028859972953796387,False
540,915,credit_amount,18424.0,16582.0,0.09997828918801563,0.7266957759857178,0.7109336256980896,-0.015762150287628174,False
541,915,credit_amount,18424.0,17503.0,0.049989144594007814,0.7266957759857178,0.7183891534805298,-0.008306622505187988,False
542,915,duration,48.0,4.0,0.9166666666666666,0.7266957759857178,0.6636759042739868,-0.06301987171173096,False
543,915,duration,48.0,6.0,0.875,0.7266957759857178,0.6801549196243286,-0.04654085636138916,False
544,915,duration,48.0,7.0,0.8541666666666666,0.7266957759857178,0.6804577112197876,-0.046238064765930176,False
545,915,duration,48.0,8.0,0.8333333333333334,0.7266957759857178,0.6821110248565674,-0.04458475112915039,False
546,915,duration,48.0,9.0,0.8125,0.7266957759857178,0.7036945819854736,-0.02300119400024414,False
547,915,duration,48.0,10.0,0.7916666666666666,0.7266957759857178,0.6982218027114868,-0.028473973274230957,False
548,915,duration,48.0,11.0,0.7708333333333334,0.7266957759857178,0.6919777393341064,-0.03471803665161133,False
549,915,duration,48.0,12.0,0.75,0.7266957759857178,0.7112213373184204,-0.015474438667297363,False
550,915,duration,48.0,13.0,0.7291666666666666,0.7266957759857178,0.7025782465934753,-0.02411752939224243,False
551,915,duration,48.0,14.0,0.7083333333333334,0.7266957759857178,0.7097687721252441,-0.016927003860473633,False
552,915,duration,48.0,15.0,0.6875,0.7266957759857178,0.7129709124565125,-0.013724863529205322,False
553,915,duration,48.0,16.0,0.6666666666666666,0.7266957759857178,0.7242974042892456,-0.002398371696472168,False
554,915,duration,48.0,18.0,0.625,0.7266957759857178,0.7225079536437988,-0.004187822341918945,False
555,915,duration,48.0,20.0,0.5833333333333334,0.7266957759857178,0.7183497548103333,-0.008346021175384521,False
556,915,duration,48.0,21.0,0.5625,0.7266957759857178,0.7234792113304138,-0.003216564655303955,False
557,915,duration,48.0,22.0,0.5416666666666666,0.7266957759857178,0.7166271805763245,-0.01006859540939331,False
558,915,duration,48.0,24.0,0.5,0.7266957759857178,0.7300404906272888,0.003344714641571045,False
559,915,duration,48.0,26.0,0.4583333333333333,0.7266957759857178,0.7244635224342346,-0.0022322535514831543,False
560,915,duration,48.0,27.0,0.4375,0.7266957759857178,0.7240182161331177,-0.0026775598526000977,False
561,915,duration,48.0,28.0,0.4166666666666667,0.7266957759857178,0.7276560068130493,0.000960230827331543,False
562,915,duration,48.0,30.0,0.375,0.7266957759857178,0.7266591787338257,-3.6597251892089844e-05,False
563,915,duration,48.0,33.0,0.3125,0.7266957759857178,0.7273175716400146,0.000621795654296875,False
564,915,duration,48.0,36.0,0.25,0.7266957759857178,0.7316392660140991,0.004943490028381348,False
565,915,duration,48.0,39.0,0.1875,0.7266957759857178,0.7274284362792969,0.0007326602935791016,False
566,915,duration,48.0,40.0,0.16666666666666666,0.7266957759857178,0.7277828454971313,0.0010870695114135742,False
567,915,duration,48.0,42.0,0.125,0.7266957759857178,0.7251310348510742,-0.0015647411346435547,False
568,915,duration,48.0,45.0,0.0625,0.7266957759857178,0.7256539463996887,-0.0010418295860290527,False
569,915,duration,48.0,47.0,0.020833333333333332,0.7266957759857178,0.7199380397796631,-0.0067577362060546875,False
570,141,credit_amount,4795.0,1199.0,0.7499478623566215,0.7324007153511047,0.7312521934509277,-0.001148521900177002,False
571,141,credit_amount,4795.0,1439.0,0.6998957247132429,0.7324007153511047,0.7243233919143677,-0.00807732343673706,False
572,141,credit_amount,4795.0,1678.0,0.6500521376433785,0.7324007153511047,0.7241606712341309,-0.008240044116973877,False
573,141,credit_amount,4795.0,1918.0,0.6,0.7324007153511047,0.7205212116241455,-0.011879503726959229,False
574,141,credit_amount,4795.0,2158.0,0.5499478623566215,0.7324007153511047,0.720255970954895,-0.012144744396209717,False
575,141,credit_amount,4795.0,2398.0,0.49989572471324295,0.7324007153511047,0.7157214879989624,-0.016679227352142334,False
576,141,credit_amount,4795.0,2637.0,0.45005213764337854,0.7324007153511047,0.7129332423210144,-0.019467473030090332,False
577,141,credit_amount,4795.0,2877.0,0.4,0.7324007153511047,0.7165492177009583,-0.015851497650146484,False
578,141,credit_amount,4795.0,3117.0,0.34994786235662145,0.7324007153511047,0.7142558097839355,-0.01814490556716919,False
579,141,credit_amount,4795.0,3356.0,0.30010427528675704,0.7324007153511047,0.7197663187980652,-0.01263439655303955,False
580,141,credit_amount,4795.0,3596.0,0.2500521376433785,0.7324007153511047,0.7042847871780396,-0.028115928173065186,False
581,141,credit_amount,4795.0,3836.0,0.2,0.7324007153511047,0.7173395156860352,-0.01506119966506958,False
582,141,credit_amount,4795.0,4076.0,0.14994786235662147,0.7324007153511047,0.7209292650222778,-0.011471450328826904,False
583,141,credit_amount,4795.0,4316.0,0.09989572471324296,0.7324007153511047,0.7244828343391418,-0.00791788101196289,False
584,141,credit_amount,4795.0,4555.0,0.05005213764337852,0.7324007153511047,0.727805495262146,-0.00459522008895874,False
585,141,duration,36.0,4.0,0.8888888888888888,0.7324007153511047,0.555769681930542,-0.17663103342056274,False
586,141,duration,36.0,6.0,0.8333333333333334,0.7324007153511047,0.5632067322731018,-0.16919398307800293,False
587,141,duration,36.0,7.0,0.8055555555555556,0.7324007153511047,0.5469354391098022,-0.1854652762413025,False
588,141,duration,36.0,8.0,0.7777777777777778,0.7324007153511047,0.558802604675293,-0.17359811067581177,False
589,141,duration,36.0,9.0,0.75,0.7324007153511047,0.590389609336853,-0.1420111060142517,False
590,141,duration,36.0,10.0,0.7222222222222222,0.7324007153511047,0.5743201375007629,-0.1580805778503418,False
591,141,duration,36.0,11.0,0.6944444444444444,0.7324007153511047,0.5557934045791626,-0.17660731077194214,False
592,141,duration,36.0,12.0,0.6666666666666666,0.7324007153511047,0.60089111328125,-0.13150960206985474,False
593,141,duration,36.0,13.0,0.6388888888888888,0.7324007153511047,0.5711818933486938,-0.1612188220024109,False
594,141,duration,36.0,14.0,0.6111111111111112,0.7324007153511047,0.5925114750862122,-0.13988924026489258,False
595,141,duration,36.0,15.0,0.5833333333333334,0.7324007153511047,0.5934411287307739,-0.1389595866203308,False
596,141,duration,36.0,16.0,0.5555555555555556,0.7324007153511047,0.6188555955886841,-0.11354511976242065,False
597,141,duration,36.0,18.0,0.5,0.7324007153511047,0.6120399832725525,-0.12036073207855225,False
598,141,duration,36.0,20.0,0.4444444444444444,0.7324007153511047,0.6091461181640625,-0.12325459718704224,False
599,141,duration,36.0,21.0,0.4166666666666667,0.7324007153511047,0.6232528686523438,-0.10914784669876099,False
600,141,duration,36.0,22.0,0.3888888888888889,0.7324007153511047,0.6198509931564331,-0.11254972219467163,False
601,141,duration,36.0,24.0,0.3333333333333333,0.7324007153511047,0.64778733253479,-0.0846133828163147,False
602,141,duration,36.0,26.0,0.2777777777777778,0.7324007153511047,0.6521397829055786,-0.08026093244552612,False
603,141,duration,36.0,27.0,0.25,0.7324007153511047,0.6661568284034729,-0.06624388694763184,False
604,141,duration,36.0,28.0,0.2222222222222222,0.7324007153511047,0.6724220514297485,-0.0599786639213562,False
605,141,duration,36.0,30.0,0.16666666666666666,0.7324007153511047,0.6869208216667175,-0.04547989368438721,False
606,141,duration,36.0,33.0,0.08333333333333333,0.7324007153511047,0.6962481737136841,-0.036152541637420654,False
607,944,credit_amount,1845.0,461.0,0.7501355013550135,0.5121796727180481,0.5299517512321472,0.01777207851409912,False
608,944,credit_amount,1845.0,554.0,0.699728997289973,0.5121796727180481,0.5276943445205688,0.015514671802520752,False
609,944,credit_amount,1845.0,646.0,0.6498644986449864,0.5121796727180481,0.5288448333740234,0.016665160655975342,False
610,944,credit_amount,1845.0,738.0,0.6,0.5121796727180481,0.5347283482551575,0.022548675537109375,False
611,944,credit_amount,1845.0,830.0,0.5501355013550135,0.5121796727180481,0.5380859375,0.025906264781951904,False
612,944,credit_amount,1845.0,922.0,0.5002710027100271,0.5121796727180481,0.5373095273971558,0.025129854679107666,False
613,944,credit_amount,1845.0,1015.0,0.44986449864498645,0.5121796727180481,0.5356781482696533,0.023498475551605225,False
614,944,credit_amount,1845.0,1107.0,0.4,0.5121796727180481,0.5291134715080261,0.016933798789978027,False
615,944,credit_amount,1845.0,1199.0,0.35013550135501353,0.5121796727180481,0.5279273986816406,0.01574772596359253,False
616,944,credit_amount,1845.0,1292.0,0.2997289972899729,0.5121796727180481,0.5254663825035095,0.013286709785461426,False
617,944,credit_amount,1845.0,1384.0,0.24986449864498644,0.5121796727180481,0.5235892534255981,0.011409580707550049,False
618,944,credit_amount,1845.0,1476.0,0.2,0.5121796727180481,0.5195302367210388,0.007350564002990723,False
619,944,credit_amount,1845.0,1568.0,0.15013550135501355,0.5121796727180481,0.5090352296829224,-0.0031444430351257324,False
620,944,credit_amount,1845.0,1660.0,0.1002710027100271,0.5121796727180481,0.5141900777816772,0.0020104050636291504,False
621,944,credit_amount,1845.0,1753.0,0.04986449864498645,0.5121796727180481,0.5080407857894897,-0.00413888692855835,False
622,944,duration,15.0,4.0,0.7333333333333333,0.5121796727180481,0.38445422053337097,-0.12772545218467712,True
623,944,duration,15.0,6.0,0.6,0.5121796727180481,0.38699981570243835,-0.12517985701560974,True
624,944,duration,15.0,7.0,0.5333333333333333,0.5121796727180481,0.38433533906936646,-0.12784433364868164,True
625,944,duration,15.0,8.0,0.4666666666666667,0.5121796727180481,0.3996812105178833,-0.1124984622001648,True
626,944,duration,15.0,9.0,0.4,0.5121796727180481,0.44158610701560974,-0.07059356570243835,True
627,944,duration,15.0,10.0,0.3333333333333333,0.5121796727180481,0.4272281527519226,-0.08495151996612549,True
628,944,duration,15.0,11.0,0.26666666666666666,0.5121796727180481,0.4304896593093872,-0.08169001340866089,True
629,944,duration,15.0,12.0,0.2,0.5121796727180481,0.48766010999679565,-0.02451956272125244,True
630,944,duration,15.0,13.0,0.13333333333333333,0.5121796727180481,0.4950105547904968,-0.01716911792755127,True
631,944,duration,15.0,14.0,0.06666666666666667,0.5121796727180481,0.5159140825271606,0.003734409809112549,False
632,235,credit_amount,1823.0,456.0,0.7498628634119583,0.6555992364883423,0.6884152889251709,0.03281605243682861,False
633,235,credit_amount,1823.0,547.0,0.6999451453647834,0.6555992364883423,0.689351499080658,0.033752262592315674,False
634,235,credit_amount,1823.0,638.0,0.6500274273176083,0.6555992364883423,0.6930547952651978,0.03745555877685547,False
635,235,credit_amount,1823.0,729.0,0.6001097092704334,0.6555992364883423,0.7029421925544739,0.04734295606613159,False
636,235,credit_amount,1823.0,820.0,0.5501919912232583,0.6555992364883423,0.7030673027038574,0.04746806621551514,False
637,235,credit_amount,1823.0,912.0,0.49972572682391664,0.6555992364883423,0.7047715187072754,0.049172282218933105,False
638,235,credit_amount,1823.0,1003.0,0.44980800877674165,0.6555992364883423,0.6896159052848816,0.03401666879653931,False
639,235,credit_amount,1823.0,1094.0,0.39989029072956667,0.6555992364883423,0.6908568143844604,0.035257577896118164,False
640,235,credit_amount,1823.0,1185.0,0.3499725726823917,0.6555992364883423,0.6902462244033813,0.03464698791503906,False
641,235,credit_amount,1823.0,1276.0,0.3000548546352167,0.6555992364883423,0.6757835745811462,0.020184338092803955,False
642,235,credit_amount,1823.0,1367.0,0.2501371365880417,0.6555992364883423,0.6766163110733032,0.021017074584960938,False
643,235,credit_amount,1823.0,1458.0,0.2002194185408667,0.6555992364883423,0.6658320426940918,0.010232806205749512,False
644,235,credit_amount,1823.0,1550.0,0.14975315414152496,0.6555992364883423,0.6606840491294861,0.005084812641143799,False
645,235,credit_amount,1823.0,1641.0,0.09983543609434997,0.6555992364883423,0.6530973315238953,-0.0025019049644470215,False
646,235,credit_amount,1823.0,1732.0,0.049917718047174986,0.6555992364883423,0.6558830738067627,0.00028383731842041016,False
647,235,duration,24.0,4.0,0.8333333333333334,0.6555992364883423,0.34704750776290894,-0.30855172872543335,True
648,235,duration,24.0,6.0,0.75,0.6555992364883423,0.3726602792739868,-0.28293895721435547,True
649,235,duration,24.0,7.0,0.7083333333333334,0.6555992364883423,0.3803655803203583,-0.275233656167984,True
650,235,duration,24.0,8.0,0.6666666666666666,0.6555992364883423,0.3939637243747711,-0.26163551211357117,True
651,235,duration,24.0,9.0,0.625,0.6555992364883423,0.44322383403778076,-0.21237540245056152,True
652,235,duration,24.0,10.0,0.5833333333333334,0.6555992364883423,0.44248026609420776,-0.21311897039413452,True
653,235,duration,24.0,11.0,0.5416666666666666,0.6555992364883423,0.4399007558822632,-0.2156984806060791,True
654,235,duration,24.0,12.0,0.5,0.6555992364883423,0.5107383728027344,-0.1448608636856079,False
655,235,duration,24.0,13.0,0.4583333333333333,0.6555992364883423,0.509171724319458,-0.14642751216888428,False
656,235,duration,24.0,14.0,0.4166666666666667,0.6555992364883423,0.5258083343505859,-0.12979090213775635,False
657,235,duration,24.0,15.0,0.375,0.6555992364883423,0.5313713550567627,-0.12422788143157959,False
658,235,duration,24.0,16.0,0.3333333333333333,0.6555992364883423,0.5876386761665344,-0.06796056032180786,False
659,235,duration,24.0,18.0,0.25,0.6555992364883423,0.6019307971000671,-0.053668439388275146,False
660,235,duration,24.0,20.0,0.16666666666666666,0.6555992364883423,0.5964106321334839,-0.0591886043548584,False
661,235,duration,24.0,21.0,0.125,0.6555992364883423,0.6159933805465698,-0.03960585594177246,False
662,235,duration,24.0,22.0,0.08333333333333333,0.6555992364883423,0.6073549389839172,-0.04824429750442505,False
663,528,credit_amount,2302.0,576.0,0.7497827975673328,0.7559778690338135,0.7416166067123413,-0.014361262321472168,False
664,528,credit_amount,2302.0,691.0,0.6998262380538662,0.7559778690338135,0.7622774839401245,0.006299614906311035,False
665,528,credit_amount,2302.0,806.0,0.6498696785403997,0.7559778690338135,0.7622326612472534,0.006254792213439941,False
666,528,credit_amount,2302.0,921.0,0.5999131190269331,0.7559778690338135,0.7642436623573303,0.008265793323516846,False
667,528,credit_amount,2302.0,1036.0,0.5499565595134666,0.7559778690338135,0.7638646960258484,0.007886826992034912,False
668,528,credit_amount,2302.0,1151.0,0.5,0.7559778690338135,0.7643716335296631,0.00839376449584961,False
669,528,credit_amount,2302.0,1266.0,0.45004344048653344,0.7559778690338135,0.7721189260482788,0.016141057014465332,False
670,528,credit_amount,2302.0,1381.0,0.4000868809730669,0.7559778690338135,0.7676039338111877,0.011626064777374268,False
671,528,credit_amount,2302.0,1496.0,0.3501303214596003,0.7559778690338135,0.7696377038955688,0.013659834861755371,False
672,528,credit_amount,2302.0,1611.0,0.3001737619461338,0.7559778690338135,0.7622337341308594,0.0062558650970458984,False
673,528,credit_amount,2302.0,1726.0,0.25021720243266726,0.7559778690338135,0.7676135897636414,0.01163572072982788,False
674,528,credit_amount,2302.0,1842.0,0.1998262380538662,0.7559778690338135,0.7688596844673157,0.012881815433502197,False
675,528,credit_amount,2302.0,1957.0,0.14986967854039965,0.7559778690338135,0.7706633806228638,0.014685511589050293,False
676,528,credit_amount,2302.0,2072.0,0.0999131190269331,0.7559778690338135,0.7688196897506714,0.01284182071685791,False
677,528,credit_amount,2302.0,2187.0,0.04995655951346655,0.7559778690338135,0.7600081562995911,0.004030287265777588,False
678,528,duration,36.0,4.0,0.8888888888888888,0.7559778690338135,0.3843801021575928,-0.3715977668762207,True
679,528,duration,36.0,6.0,0.8333333333333334,0.7559778690338135,0.3748970627784729,-0.3810808062553406,True
680,528,duration,36.0,7.0,0.8055555555555556,0.7559778690338135,0.37481561303138733,-0.38116225600242615,True
681,528,duration,36.0,8.0,0.7777777777777778,0.7559778690338135,0.37750378251075745,-0.37847408652305603,True
682,528,duration,36.0,9.0,0.75,0.7559778690338135,0.4247948229312897,-0.3311830461025238,True
683,528,duration,36.0,10.0,0.7222222222222222,0.7559778690338135,0.39953696727752686,-0.3564409017562866,True
684,528,duration,36.0,11.0,0.6944444444444444,0.7559778690338135,0.3953463137149811,-0.3606315553188324,True
685,528,duration,36.0,12.0,0.6666666666666666,0.7559778690338135,0.46021953225135803,-0.29575833678245544,True
686,528,duration,36.0,13.0,0.6388888888888888,0.7559778690338135,0.45980411767959595,-0.29617375135421753,True
687,528,duration,36.0,14.0,0.6111111111111112,0.7559778690338135,0.4871927797794342,-0.2687850892543793,True
688,528,duration,36.0,15.0,0.5833333333333334,0.7559778690338135,0.48457270860671997,-0.2714051604270935,True
689,528,duration,36.0,16.0,0.5555555555555556,0.7559778690338135,0.5547929406166077,-0.2011849284172058,False
690,528,duration,36.0,18.0,0.5,0.7559778690338135,0.5674104690551758,-0.1885673999786377,False
691,528,duration,36.0,20.0,0.4444444444444444,0.7559778690338135,0.5776389241218567,-0.1783389449119568,False
692,528,duration,36.0,21.0,0.4166666666666667,0.7559778690338135,0.590164065361023,-0.16581380367279053,False
693,528,duration,36.0,22.0,0.3888888888888889,0.7559778690338135,0.5837562680244446,-0.1722216010093689,False
694,528,duration,36.0,24.0,0.3333333333333333,0.7559778690338135,0.653077244758606,-0.10290062427520752,False
695,528,duration,36.0,26.0,0.2777777777777778,0.7559778690338135,0.6687214374542236,-0.08725643157958984,False
696,528,duration,36.0,27.0,0.25,0.7559778690338135,0.684203028678894,-0.07177484035491943,False
697,528,duration,36.0,28.0,0.2222222222222222,0.7559778690338135,0.6937206983566284,-0.06225717067718506,False
698,528,duration,36.0,30.0,0.16666666666666666,0.7559778690338135,0.7129619121551514,-0.04301595687866211,False
699,528,duration,36.0,33.0,0.08333333333333333,0.7559778690338135,0.7215905785560608,-0.034387290477752686,False
700,548,credit_amount,626.0,282.0,0.549520766773163,0.5995708703994751,0.5791356563568115,-0.020435214042663574,False
701,548,credit_amount,626.0,313.0,0.5,0.5995708703994751,0.5822575092315674,-0.017313361167907715,False
702,548,credit_amount,626.0,344.0,0.4504792332268371,0.5995708703994751,0.5833661556243896,-0.01620471477508545,False
703,548,credit_amount,626.0,376.0,0.3993610223642173,0.5995708703994751,0.5854984521865845,-0.014072418212890625,False
704,548,credit_amount,626.0,407.0,0.3498402555910543,0.5995708703994751,0.5814204812049866,-0.018150389194488525,False
705,548,credit_amount,626.0,438.0,0.3003194888178914,0.5995708703994751,0.5950314998626709,-0.004539370536804199,False
706,548,credit_amount,626.0,470.0,0.24920127795527156,0.5995708703994751,0.5934431552886963,-0.006127715110778809,False
707,548,credit_amount,626.0,501.0,0.19968051118210864,0.5995708703994751,0.5848208665847778,-0.014750003814697266,False
708,548,credit_amount,626.0,532.0,0.1501597444089457,0.5995708703994751,0.5891390442848206,-0.010431826114654541,False
709,548,credit_amount,626.0,563.0,0.10063897763578275,0.5995708703994751,0.5898802280426025,-0.009690642356872559,False
710,548,credit_amount,626.0,595.0,0.04952076677316294,0.5995708703994751,0.5876120328903198,-0.011958837509155273,False
711,548,duration,12.0,4.0,0.6666666666666666,0.5995708703994751,0.3959346413612366,-0.20363622903823853,True
712,548,duration,12.0,6.0,0.5,0.5995708703994751,0.4394252598285675,-0.1601456105709076,True
713,548,duration,12.0,7.0,0.4166666666666667,0.5995708703994751,0.4542849063873291,-0.145285964012146,True
714,548,duration,12.0,8.0,0.3333333333333333,0.5995708703994751,0.4642346203327179,-0.1353362500667572,True
715,548,duration,12.0,9.0,0.25,0.5995708703994751,0.5178966522216797,-0.08167421817779541,False
716,548,duration,12.0,10.0,0.16666666666666666,0.5995708703994751,0.5177327990531921,-0.08183807134628296,False
717,548,duration,12.0,11.0,0.08333333333333333,0.5995708703994751,0.5124356746673584,-0.0871351957321167,False
718,938,credit_amount,6288.0,1572.0,0.75,0.7339749932289124,0.718669056892395,-0.015305936336517334,False
719,938,credit_amount,6288.0,1886.0,0.7000636132315522,0.7339749932289124,0.720176637172699,-0.013798356056213379,False
720,938,credit_amount,6288.0,2201.0,0.649968193384224,0.7339749932289124,0.7256978750228882,-0.00827711820602417,False
721,938,credit_amount,6288.0,2515.0,0.600031806615776,0.7339749932289124,0.7211794853210449,-0.012795507907867432,False
722,938,credit_amount,6288.0,2830.0,0.5499363867684478,0.7339749932289124,0.7198420763015747,-0.014132916927337646,False
723,938,credit_amount,6288.0,3144.0,0.5,0.7339749932289124,0.7186126708984375,-0.015362322330474854,False
724,938,credit_amount,6288.0,3458.0,0.45006361323155214,0.7339749932289124,0.7154764533042908,-0.018498539924621582,False
725,938,credit_amount,6288.0,3773.0,0.3999681933842239,0.7339749932289124,0.7120352983474731,-0.02193969488143921,False
726,938,credit_amount,6288.0,4087.0,0.3500318066157761,0.7339749932289124,0.723504900932312,-0.010470092296600342,False
727,938,credit_amount,6288.0,4402.0,0.29993638676844786,0.7339749932289124,0.7288155555725098,-0.005159437656402588,False
728,938,credit_amount,6288.0,4716.0,0.25,0.7339749932289124,0.725165605545044,-0.008809387683868408,False
729,938,credit_amount,6288.0,5030.0,0.20006361323155217,0.7339749932289124,0.7301252484321594,-0.0038497447967529297,False
730,938,credit_amount,6288.0,5345.0,0.14996819338422393,0.7339749932289124,0.7251073718070984,-0.008867621421813965,False
731,938,credit_amount,6288.0,5659.0,0.10003180661577608,0.7339749932289124,0.7251033186912537,-0.008871674537658691,False
732,938,credit_amount,6288.0,5974.0,0.04993638676844784,0.7339749932289124,0.7310279607772827,-0.0029470324516296387,False
733,938,duration,60.0,4.0,0.9333333333333333,0.7339749932289124,0.5971314907073975,-0.1368435025215149,False
734,938,duration,60.0,6.0,0.9,0.7339749932289124,0.6101231575012207,-0.12385183572769165,False
735,938,duration,60.0,7.0,0.8833333333333333,0.7339749932289124,0.6010584831237793,-0.13291651010513306,False
736,938,duration,60.0,8.0,0.8666666666666667,0.7339749932289124,0.6081167459487915,-0.12585824728012085,False
737,938,duration,60.0,9.0,0.85,0.7339749932289124,0.640602171421051,-0.09337282180786133,False
738,938,duration,60.0,10.0,0.8333333333333334,0.7339749932289124,0.6119580268859863,-0.12201696634292603,False
739,938,duration,60.0,11.0,0.8166666666666667,0.7339749932289124,0.6056303977966309,-0.1283445954322815,False
740,938,duration,60.0,12.0,0.8,0.7339749932289124,0.6455488204956055,-0.08842617273330688,False
741,938,duration,60.0,13.0,0.7833333333333333,0.7339749932289124,0.6181459426879883,-0.11582905054092407,False
742,938,duration,60.0,14.0,0.7666666666666667,0.7339749932289124,0.625830888748169,-0.10814410448074341,False
743,938,duration,60.0,15.0,0.75,0.7339749932289124,0.6303718090057373,-0.10360318422317505,False
744,938,duration,60.0,16.0,0.7333333333333333,0.7339749932289124,0.6489649415016174,-0.08501005172729492,False
745,938,duration,60.0,18.0,0.7,0.7339749932289124,0.6476833820343018,-0.0862916111946106,False
746,938,duration,60.0,20.0,0.6666666666666666,0.7339749932289124,0.6268803477287292,-0.1070946455001831,False
747,938,duration,60.0,21.0,0.65,0.7339749932289124,0.6423337459564209,-0.09164124727249146,False
748,938,duration,60.0,22.0,0.6333333333333333,0.7339749932289124,0.6240890026092529,-0.10988599061965942,False
749,938,duration,60.0,24.0,0.6,0.7339749932289124,0.6418890953063965,-0.09208589792251587,False
750,938,duration,60.0,26.0,0.5666666666666667,0.7339749932289124,0.6375691890716553,-0.09640580415725708,False
751,938,duration,60.0,27.0,0.55,0.7339749932289124,0.6430453062057495,-0.09092968702316284,False
752,938,duration,60.0,28.0,0.5333333333333333,0.7339749932289124,0.6478498578071594,-0.08612513542175293,False
753,938,duration,60.0,30.0,0.5,0.7339749932289124,0.657024621963501,-0.07695037126541138,False
754,938,duration,60.0,33.0,0.45,0.7339749932289124,0.654295027256012,-0.07967996597290039,False
755,938,duration,60.0,36.0,0.4,0.7339749932289124,0.6760448217391968,-0.057930171489715576,False
756,938,duration,60.0,39.0,0.35,0.7339749932289124,0.6707754135131836,-0.06319957971572876,False
757,938,duration,60.0,40.0,0.3333333333333333,0.7339749932289124,0.6765553951263428,-0.05741959810256958,False
758,938,duration,60.0,42.0,0.3,0.7339749932289124,0.6798244714736938,-0.054150521755218506,False
759,938,duration,60.0,45.0,0.25,0.7339749932289124,0.6844475269317627,-0.04952746629714966,False
760,938,duration,60.0,47.0,0.21666666666666667,0.7339749932289124,0.6826769113540649,-0.05129808187484741,False
761,938,duration,60.0,48.0,0.2,0.7339749932289124,0.7038798332214355,-0.030095160007476807,False
762,938,duration,60.0,54.0,0.1,0.7339749932289124,0.7241017818450928,-0.00987321138381958,False
763,832,credit_amount,11816.0,2954.0,0.75,0.805751383304596,0.7759546041488647,-0.0297967791557312,False
764,832,credit_amount,11816.0,3545.0,0.6999830737982397,0.805751383304596,0.7729735374450684,-0.03277784585952759,False
765,832,credit_amount,11816.0,4136.0,0.6499661475964793,0.805751383304596,0.7777581810951233,-0.027993202209472656,False
766,832,credit_amount,11816.0,4726.0,0.6000338524035207,0.805751383304596,0.7781609296798706,-0.027590453624725342,False
767,832,credit_amount,11816.0,5317.0,0.5500169262017603,0.805751383304596,0.7695366740226746,-0.03621470928192139,False
768,832,credit_amount,11816.0,5908.0,0.5,0.805751383304596,0.7720016837120056,-0.03374969959259033,False
769,832,credit_amount,11816.0,6499.0,0.44998307379823965,0.805751383304596,0.7727755308151245,-0.032975852489471436,False
770,832,credit_amount,11816.0,7090.0,0.39996614759647936,0.805751383304596,0.7707029581069946,-0.03504842519760132,False
771,832,credit_amount,11816.0,7680.0,0.35003385240352064,0.805751383304596,0.7759656310081482,-0.029785752296447754,False
772,832,credit_amount,11816.0,8271.0,0.30001692620176035,0.805751383304596,0.7827519178390503,-0.022999465465545654,False
773,832,credit_amount,11816.0,8862.0,0.25,0.805751383304596,0.7871353626251221,-0.018616020679473877,False
774,832,credit_amount,11816.0,9453.0,0.19998307379823968,0.805751383304596,0.7873275279998779,-0.018423855304718018,False
775,832,credit_amount,11816.0,10044.0,0.14996614759647936,0.805751383304596,0.7869012355804443,-0.01885014772415161,False
776,832,credit_amount,11816.0,10634.0,0.10003385240352065,0.805751383304596,0.7920781373977661,-0.013673245906829834,False
777,832,credit_amount,11816.0,11225.0,0.05001692620176033,0.805751383304596,0.8031254410743713,-0.0026259422302246094,False
778,832,duration,45.0,4.0,0.9111111111111111,0.805751383304596,0.7188554406166077,-0.08689594268798828,False
779,832,duration,45.0,6.0,0.8666666666666667,0.805751383304596,0.732660710811615,-0.07309067249298096,False
780,832,duration,45.0,7.0,0.8444444444444444,0.805751383304596,0.7299570441246033,-0.07579433917999268,False
781,832,duration,45.0,8.0,0.8222222222222222,0.805751383304596,0.7345782518386841,-0.07117313146591187,False
782,832,duration,45.0,9.0,0.8,0.805751383304596,0.760250449180603,-0.04550093412399292,False
783,832,duration,45.0,10.0,0.7777777777777778,0.805751383304596,0.7510896325111389,-0.05466175079345703,False
784,832,duration,45.0,11.0,0.7555555555555555,0.805751383304596,0.7425836324691772,-0.0631677508354187,False
785,832,duration,45.0,12.0,0.7333333333333333,0.805751383304596,0.7700932025909424,-0.035658180713653564,False
786,832,duration,45.0,13.0,0.7111111111111111,0.805751383304596,0.7540223002433777,-0.05172908306121826,False
787,832,duration,45.0,14.0,0.6888888888888889,0.805751383304596,0.7609871029853821,-0.04476428031921387,False
788,832,duration,45.0,15.0,0.6666666666666666,0.805751383304596,0.7643520832061768,-0.04139930009841919,False
789,832,duration,45.0,16.0,0.6444444444444445,0.805751383304596,0.7788224220275879,-0.026928961277008057,False
790,832,duration,45.0,18.0,0.6,0.805751383304596,0.7781612277030945,-0.027590155601501465,False
791,832,duration,45.0,20.0,0.5555555555555556,0.805751383304596,0.7680671811103821,-0.03768420219421387,False
792,832,duration,45.0,21.0,0.5333333333333333,0.805751383304596,0.7747941017150879,-0.030957281589508057,False
793,832,duration,45.0,22.0,0.5111111111111111,0.805751383304596,0.763370156288147,-0.042381227016448975,False
794,832,duration,45.0,24.0,0.4666666666666667,0.805751383304596,0.7820566892623901,-0.02369469404220581,False
795,832,duration,45.0,26.0,0.4222222222222222,0.805751383304596,0.7684553861618042,-0.03729599714279175,False
796,832,duration,45.0,27.0,0.4,0.805751383304596,0.7739136815071106,-0.03183770179748535,False
797,832,duration,45.0,28.0,0.37777777777777777,0.805751383304596,0.7758653163909912,-0.029886066913604736,False
798,832,duration,45.0,30.0,0.3333333333333333,0.805751383304596,0.7824192643165588,-0.02333211898803711,False
799,832,duration,45.0,33.0,0.26666666666666666,0.805751383304596,0.7843735218048096,-0.021377861499786377,False
800,832,duration,45.0,36.0,0.2,0.805751383304596,0.7999997138977051,-0.005751669406890869,False
801,832,duration,45.0,39.0,0.13333333333333333,0.805751383304596,0.8002309799194336,-0.0055204033851623535,False
802,832,duration,45.0,40.0,0.1111111111111111,0.805751383304596,0.7974853515625,-0.008266031742095947,False
803,832,duration,45.0,42.0,0.06666666666666667,0.805751383304596,0.80047607421875,-0.005275309085845947,False
804,658,credit_amount,4221.0,1055.0,0.750059227671168,0.5573529601097107,0.5862606763839722,0.028907716274261475,False
805,658,credit_amount,4221.0,1266.0,0.7000710732054015,0.5573529601097107,0.5911170244216919,0.0337640643119812,False
806,658,credit_amount,4221.0,1477.0,0.6500829187396352,0.5573529601097107,0.5729621648788452,0.015609204769134521,False
807,658,credit_amount,4221.0,1688.0,0.6000947642738688,0.5573529601097107,0.5757299065589905,0.018376946449279785,False
808,658,credit_amount,4221.0,1899.0,0.5501066098081023,0.5573529601097107,0.5761120319366455,0.018759071826934814,False
809,658,credit_amount,4221.0,2110.0,0.5001184553423359,0.5573529601097107,0.5697659850120544,0.01241302490234375,False
810,658,credit_amount,4221.0,2322.0,0.44989339019189767,0.5573529601097107,0.560500979423523,0.003148019313812256,False
811,658,credit_amount,4221.0,2533.0,0.39990523572613124,0.5573529601097107,0.5545962452888489,-0.0027567148208618164,False
812,658,credit_amount,4221.0,2744.0,0.34991708126036486,0.5573529601097107,0.5518956184387207,-0.00545734167098999,False
813,658,credit_amount,4221.0,2955.0,0.2999289267945984,0.5573529601097107,0.5477190613746643,-0.009633898735046387,False
814,658,credit_amount,4221.0,3166.0,0.24994077232883202,0.5573529601097107,0.5550554990768433,-0.0022974610328674316,False
815,658,credit_amount,4221.0,3377.0,0.19995261786306562,0.5573529601097107,0.5458372235298157,-0.01151573657989502,False
816,658,credit_amount,4221.0,3588.0,0.1499644633972992,0.5573529601097107,0.5430567264556885,-0.014296233654022217,False
817,658,credit_amount,4221.0,3799.0,0.09997630893153281,0.5573529601097107,0.5409454107284546,-0.016407549381256104,False
818,658,credit_amount,4221.0,4010.0,0.049988154465766405,0.5573529601097107,0.5522292256355286,-0.005123734474182129,False
819,658,duration,30.0,4.0,0.8666666666666667,0.5573529601097107,0.4551635980606079,-0.10218936204910278,True
820,658,duration,30.0,6.0,0.8,0.5573529601097107,0.4574850797653198,-0.09986788034439087,True
821,658,duration,30.0,7.0,0.7666666666666667,0.5573529601097107,0.44886916875839233,-0.10848379135131836,True
822,658,duration,30.0,8.0,0.7333333333333333,0.5573529601097107,0.4473888576030731,-0.10996410250663757,True
823,658,duration,30.0,9.0,0.7,0.5573529601097107,0.47999292612075806,-0.07736003398895264,True
824,658,duration,30.0,10.0,0.6666666666666666,0.5573529601097107,0.4632141590118408,-0.09413880109786987,True
825,658,duration,30.0,11.0,0.6333333333333333,0.5573529601097107,0.4528561532497406,-0.10449680685997009,True
826,658,duration,30.0,12.0,0.6,0.5573529601097107,0.4890292286872864,-0.06832373142242432,True
827,658,duration,30.0,13.0,0.5666666666666667,0.5573529601097107,0.46844354271888733,-0.08890941739082336,True
828,658,duration,30.0,14.0,0.5333333333333333,0.5573529601097107,0.4812639057636261,-0.0760890543460846,True
829,658,duration,30.0,15.0,0.5,0.5573529601097107,0.4855368733406067,-0.071816086769104,True
830,658,duration,30.0,16.0,0.4666666666666667,0.5573529601097107,0.5175333619117737,-0.03981959819793701,False
831,658,duration,30.0,18.0,0.4,0.5573529601097107,0.5159301161766052,-0.04142284393310547,False
832,658,duration,30.0,20.0,0.3333333333333333,0.5573529601097107,0.5083341598510742,-0.049018800258636475,False
833,658,duration,30.0,21.0,0.3,0.5573529601097107,0.521697998046875,-0.03565496206283569,False
834,658,duration,30.0,22.0,0.26666666666666666,0.5573529601097107,0.5097495913505554,-0.04760336875915527,False
835,658,duration,30.0,24.0,0.2,0.5573529601097107,0.5360879302024841,-0.021265029907226562,False
836,658,duration,30.0,26.0,0.13333333333333333,0.5573529601097107,0.542940616607666,-0.014412343502044678,False
837,658,duration,30.0,27.0,0.1,0.5573529601097107,0.5463621020317078,-0.01099085807800293,False
838,658,duration,30.0,28.0,0.06666666666666667,0.5573529601097107,0.5512697100639343,-0.006083250045776367,False
839,89,credit_amount,1108.0,277.0,0.75,0.5238804221153259,0.5091719627380371,-0.014708459377288818,False
840,89,credit_amount,1108.0,332.0,0.7003610108303249,0.5238804221153259,0.5117073655128479,-0.012173056602478027,False
841,89,credit_amount,1108.0,388.0,0.6498194945848376,0.5238804221153259,0.5176366567611694,-0.006243765354156494,False
842,89,credit_amount,1108.0,443.0,0.6001805054151624,0.5238804221153259,0.5281484723091125,0.004268050193786621,False
843,89,credit_amount,1108.0,499.0,0.5496389891696751,0.5238804221153259,0.527955174446106,0.004074752330780029,False
844,89,credit_amount,1108.0,554.0,0.5,0.5238804221153259,0.5272570252418518,0.003376603126525879,False
845,89,credit_amount,1108.0,609.0,0.4503610108303249,0.5238804221153259,0.5337188839912415,0.009838461875915527,False
846,89,credit_amount,1108.0,665.0,0.39981949458483756,0.5238804221153259,0.5388794541358948,0.014999032020568848,False
847,89,credit_amount,1108.0,720.0,0.35018050541516244,0.5238804221153259,0.545017421245575,0.021136999130249023,False
848,89,credit_amount,1108.0,776.0,0.2996389891696751,0.5238804221153259,0.537034273147583,0.01315385103225708,False
849,89,credit_amount,1108.0,831.0,0.25,0.5238804221153259,0.532364010810852,0.008483588695526123,False
850,89,credit_amount,1108.0,886.0,0.2003610108303249,0.5238804221153259,0.5299561619758606,0.006075739860534668,False
851,89,credit_amount,1108.0,942.0,0.14981949458483754,0.5238804221153259,0.5359182357788086,0.012037813663482666,False
852,89,credit_amount,1108.0,997.0,0.10018050541516245,0.5238804221153259,0.5303950309753418,0.006514608860015869,False
853,89,credit_amount,1108.0,1053.0,0.04963898916967509,0.5238804221153259,0.5297391414642334,0.005858719348907471,False
854,89,duration,12.0,4.0,0.6666666666666666,0.5238804221153259,0.34134751558303833,-0.1825329065322876,True
855,89,duration,12.0,6.0,0.5,0.5238804221153259,0.38234084844589233,-0.1415395736694336,True
856,89,duration,12.0,7.0,0.4166666666666667,0.5238804221153259,0.3889830708503723,-0.1348973512649536,True
857,89,duration,12.0,8.0,0.3333333333333333,0.5238804221153259,0.4110136330127716,-0.11286678910255432,True
858,89,duration,12.0,9.0,0.25,0.5238804221153259,0.4489806890487671,-0.07489973306655884,True
859,89,duration,12.0,10.0,0.16666666666666666,0.5238804221153259,0.4563102126121521,-0.06757020950317383,True
860,89,duration,12.0,11.0,0.08333333333333333,0.5238804221153259,0.45851314067840576,-0.06536728143692017,True
861,194,credit_amount,3031.0,758.0,0.7499175189706367,0.5119788646697998,0.487870991230011,-0.02410787343978882,True
862,194,credit_amount,3031.0,909.0,0.7000989772352358,0.5119788646697998,0.49469125270843506,-0.017287611961364746,True
863,194,credit_amount,3031.0,1061.0,0.649950511382382,0.5119788646697998,0.48913952708244324,-0.022839337587356567,True
864,194,credit_amount,3031.0,1212.0,0.6001319696469812,0.5119788646697998,0.49232208728790283,-0.019656777381896973,True
865,194,credit_amount,3031.0,1364.0,0.5499835037941273,0.5119788646697998,0.4892575144767761,-0.02272135019302368,True
866,194,credit_amount,3031.0,1516.0,0.4998350379412735,0.5119788646697998,0.48896849155426025,-0.02301037311553955,True
867,194,credit_amount,3031.0,1667.0,0.45001649620587264,0.5119788646697998,0.4925849437713623,-0.0193939208984375,True
868,194,credit_amount,3031.0,1819.0,0.3998680303530188,0.5119788646697998,0.4977736175060272,-0.014205247163772583,True
869,194,credit_amount,3031.0,1970.0,0.3500494886176179,0.5119788646697998,0.502820611000061,-0.00915825366973877,False
870,194,credit_amount,3031.0,2122.0,0.2999010227647641,0.5119788646697998,0.503343939781189,-0.00863492488861084,False
871,194,credit_amount,3031.0,2273.0,0.25008248102936326,0.5119788646697998,0.5096293091773987,-0.002349555492401123,False
872,194,credit_amount,3031.0,2425.0,0.1999340151765094,0.5119788646697998,0.5044988393783569,-0.007480025291442871,False
873,194,credit_amount,3031.0,2576.0,0.15011547344110854,0.5119788646697998,0.5095997452735901,-0.002379119396209717,False
874,194,credit_amount,3031.0,2728.0,0.0999670075882547,0.5119788646697998,0.5081039667129517,-0.0038748979568481445,False
875,194,credit_amount,3031.0,2879.0,0.050148465852853846,0.5119788646697998,0.5142804980278015,0.002301633358001709,False
876,194,duration,45.0,4.0,0.9111111111111111,0.5119788646697998,0.19208961725234985,-0.31988924741744995,True
877,194,duration,45.0,6.0,0.8666666666666667,0.5119788646697998,0.18285177648067474,-0.32912708818912506,True
878,194,duration,45.0,7.0,0.8444444444444444,0.5119788646697998,0.18247076869010925,-0.32950809597969055,True
879,194,duration,45.0,8.0,0.8222222222222222,0.5119788646697998,0.1888919323682785,-0.3230869323015213,True
880,194,duration,45.0,9.0,0.8,0.5119788646697998,0.20832756161689758,-0.3036513030529022,True
881,194,duration,45.0,10.0,0.7777777777777778,0.5119788646697998,0.20586034655570984,-0.30611851811408997,True
882,194,duration,45.0,11.0,0.7555555555555555,0.5119788646697998,0.20208807289600372,-0.3098907917737961,True
883,194,duration,45.0,12.0,0.7333333333333333,0.5119788646697998,0.24778804183006287,-0.26419082283973694,True
884,194,duration,45.0,13.0,0.7111111111111111,0.5119788646697998,0.24110981822013855,-0.27086904644966125,True
885,194,duration,45.0,14.0,0.6888888888888889,0.5119788646697998,0.2552931606769562,-0.25668570399284363,True
886,194,duration,45.0,15.0,0.6666666666666666,0.5119788646697998,0.26074135303497314,-0.25123751163482666,True
887,194,duration,45.0,16.0,0.6444444444444445,0.5119788646697998,0.2984848916530609,-0.2134939730167389,True
888,194,duration,45.0,18.0,0.6,0.5119788646697998,0.31195273995399475,-0.20002612471580505,True
889,194,duration,45.0,20.0,0.5555555555555556,0.5119788646697998,0.3106275200843811,-0.2013513445854187,True
890,194,duration,45.0,21.0,0.5333333333333333,0.5119788646697998,0.32956838607788086,-0.18241047859191895,True
891,194,duration,45.0,22.0,0.5111111111111111,0.5119788646697998,0.3233232796192169,-0.18865558505058289,True
892,194,duration,45.0,24.0,0.4666666666666667,0.5119788646697998,0.3640371561050415,-0.1479417085647583,True
893,194,duration,45.0,26.0,0.4222222222222222,0.5119788646697998,0.38218218088150024,-0.12979668378829956,True
894,194,duration,45.0,27.0,0.4,0.5119788646697998,0.394905149936676,-0.11707371473312378,True
895,194,duration,45.0,28.0,0.37777777777777777,0.5119788646697998,0.40246593952178955,-0.10951292514801025,True
896,194,duration,45.0,30.0,0.3333333333333333,0.5119788646697998,0.4229564964771271,-0.08902236819267273,True
897,194,duration,45.0,33.0,0.26666666666666666,0.5119788646697998,0.4301944077014923,-0.0817844569683075,True
898,194,duration,45.0,36.0,0.2,0.5119788646697998,0.47123590111732483,-0.040742963552474976,True
899,194,duration,45.0,39.0,0.13333333333333333,0.5119788646697998,0.4823324978351593,-0.029646366834640503,True
900,194,duration,45.0,40.0,0.1111111111111111,0.5119788646697998,0.49634867906570435,-0.01563018560409546,True
901,194,duration,45.0,42.0,0.06666666666666667,0.5119788646697998,0.5048227310180664,-0.0071561336517333984,False
902,257,credit_amount,2149.0,537.0,0.7501163331782225,0.6496378779411316,0.6833085417747498,0.033670663833618164,False
903,257,credit_amount,2149.0,645.0,0.699860400186133,0.6496378779411316,0.6904680728912354,0.04083019495010376,False
904,257,credit_amount,2149.0,752.0,0.6500697999069335,0.6496378779411316,0.6858907341957092,0.03625285625457764,False
905,257,credit_amount,2149.0,860.0,0.5998138669148441,0.6496378779411316,0.6839220523834229,0.03428417444229126,False
906,257,credit_amount,2149.0,967.0,0.5500232666356445,0.6496378779411316,0.6826621890068054,0.03302431106567383,False
907,257,credit_amount,2149.0,1074.0,0.5002326663564448,0.6496378779411316,0.6768816709518433,0.02724379301071167,False
908,257,credit_amount,2149.0,1182.0,0.4499767333643555,0.6496378779411316,0.6739710569381714,0.024333178997039795,False
909,257,credit_amount,2149.0,1289.0,0.4001861330851559,0.6496378779411316,0.6727077960968018,0.023069918155670166,False
910,257,credit_amount,2149.0,1397.0,0.3499302000930665,0.6496378779411316,0.6670936346054077,0.017455756664276123,False
911,257,credit_amount,2149.0,1504.0,0.3001395998138669,0.6496378779411316,0.6621900200843811,0.012552142143249512,False
912,257,credit_amount,2149.0,1612.0,0.24988366682177757,0.6496378779411316,0.6584470272064209,0.008809149265289307,False
913,257,credit_amount,2149.0,1719.0,0.20009306654257794,0.6496378779411316,0.6540324687957764,0.004394590854644775,False
914,257,credit_amount,2149.0,1827.0,0.1498371335504886,0.6496378779411316,0.6622107625007629,0.012572884559631348,False
915,257,credit_amount,2149.0,1934.0,0.10004653327128897,0.6496378779411316,0.6628397107124329,0.01320183277130127,False
916,257,credit_amount,2149.0,2042.0,0.049790600279199626,0.6496378779411316,0.6510424613952637,0.00140458345413208,False
917,257,duration,12.0,4.0,0.6666666666666666,0.6496378779411316,0.5887421369552612,-0.06089574098587036,False
918,257,duration,12.0,6.0,0.5,0.6496378779411316,0.6042714715003967,-0.04536640644073486,False
919,257,duration,12.0,7.0,0.4166666666666667,0.6496378779411316,0.5987482070922852,-0.050889670848846436,False
920,257,duration,12.0,8.0,0.3333333333333333,0.6496378779411316,0.6022546887397766,-0.04738318920135498,False
921,257,duration,12.0,9.0,0.25,0.6496378779411316,0.6337501406669617,-0.015887737274169922,False
922,257,duration,12.0,10.0,0.16666666666666666,0.6496378779411316,0.6247522830963135,-0.024885594844818115,False
923,257,duration,12.0,11.0,0.08333333333333333,0.6496378779411316,0.610492467880249,-0.03914541006088257,False
924,395,credit_amount,11760.0,2940.0,0.75,0.5633102655410767,0.4349784553050995,-0.12833181023597717,True
925,395,credit_amount,11760.0,3528.0,0.7,0.5633102655410767,0.42156982421875,-0.14174044132232666,True
926,395,credit_amount,11760.0,4116.0,0.65,0.5633102655410767,0.42092519998550415,-0.1423850655555725,True
927,395,credit_amount,11760.0,4704.0,0.6,0.5633102655410767,0.41644272208213806,-0.1468675434589386,True
928,395,credit_amount,11760.0,5292.0,0.55,0.5633102655410767,0.4201735556125641,-0.14313670992851257,True
929,395,credit_amount,11760.0,5880.0,0.5,0.5633102655410767,0.4239664673805237,-0.13934379816055298,True
930,395,credit_amount,11760.0,6468.0,0.45,0.5633102655410767,0.4293949007987976,-0.13391536474227905,True
931,395,credit_amount,11760.0,7056.0,0.4,0.5633102655410767,0.4428783059120178,-0.12043195962905884,True
932,395,credit_amount,11760.0,7644.0,0.35,0.5633102655410767,0.4513317942619324,-0.11197847127914429,True
933,395,credit_amount,11760.0,8232.0,0.3,0.5633102655410767,0.46647539734840393,-0.09683486819267273,True
934,395,credit_amount,11760.0,8820.0,0.25,0.5633102655410767,0.4733111262321472,-0.08999913930892944,True
935,395,credit_amount,11760.0,9408.0,0.2,0.5633102655410767,0.4960990250110626,-0.06721124053001404,True
936,395,credit_amount,11760.0,9996.0,0.15,0.5633102655410767,0.5089528560638428,-0.05435740947723389,False
937,395,credit_amount,11760.0,10584.0,0.1,0.5633102655410767,0.521686315536499,-0.04162395000457764,False
938,395,credit_amount,11760.0,11172.0,0.05,0.5633102655410767,0.5462908148765564,-0.017019450664520264,False
939,395,duration,39.0,4.0,0.8974358974358975,0.5633102655410767,0.5041922330856323,-0.059118032455444336,False
940,395,duration,39.0,6.0,0.8461538461538461,0.5633102655410767,0.5163103938102722,-0.04699987173080444,False
941,395,duration,39.0,7.0,0.8205128205128205,0.5633102655410767,0.5106484889984131,-0.052661776542663574,False
942,395,duration,39.0,8.0,0.7948717948717948,0.5633102655410767,0.5144215226173401,-0.04888874292373657,False
943,395,duration,39.0,9.0,0.7692307692307693,0.5633102655410767,0.5378924012184143,-0.025417864322662354,False
944,395,duration,39.0,10.0,0.7435897435897436,0.5633102655410767,0.5259851217269897,-0.037325143814086914,False
945,395,duration,39.0,11.0,0.717948717948718,0.5633102655410767,0.5147425532341003,-0.04856771230697632,False
946,395,duration,39.0,12.0,0.6923076923076923,0.5633102655410767,0.5492114424705505,-0.014098823070526123,False
947,395,duration,39.0,13.0,0.6666666666666666,0.5633102655410767,0.532058596611023,-0.03125166893005371,False
948,395,duration,39.0,14.0,0.6410256410256411,0.5633102655410767,0.5377042293548584,-0.02560603618621826,False
949,395,duration,39.0,15.0,0.6153846153846154,0.5633102655410767,0.5461269021034241,-0.017183363437652588,False
950,395,duration,39.0,16.0,0.5897435897435898,0.5633102655410767,0.5558282732963562,-0.007481992244720459,False
951,395,duration,39.0,18.0,0.5384615384615384,0.5633102655410767,0.5588180422782898,-0.004492223262786865,False
952,395,duration,39.0,20.0,0.48717948717948717,0.5633102655410767,0.5485050678253174,-0.014805197715759277,False
953,395,duration,39.0,21.0,0.46153846153846156,0.5633102655410767,0.5565861463546753,-0.006724119186401367,False
954,395,duration,39.0,22.0,0.4358974358974359,0.5633102655410767,0.5434837341308594,-0.019826531410217285,False
955,395,duration,39.0,24.0,0.38461538461538464,0.5633102655410767,0.5555941462516785,-0.007716119289398193,False
956,395,duration,39.0,26.0,0.3333333333333333,0.5633102655410767,0.5459545850753784,-0.017355680465698242,False
957,395,duration,39.0,27.0,0.3076923076923077,0.5633102655410767,0.5520313382148743,-0.011278927326202393,False
958,395,duration,39.0,28.0,0.28205128205128205,0.5633102655410767,0.5543813109397888,-0.008928954601287842,False
959,395,duration,39.0,30.0,0.23076923076923078,0.5633102655410767,0.5575284957885742,-0.005781769752502441,False
960,395,duration,39.0,33.0,0.15384615384615385,0.5633102655410767,0.5589867234230042,-0.00432354211807251,False
961,395,duration,39.0,36.0,0.07692307692307693,0.5633102655410767,0.5706803798675537,0.007370114326477051,False
962,221,credit_amount,1200.0,300.0,0.75,0.6007498502731323,0.6172860860824585,0.016536235809326172,False
963,221,credit_amount,1200.0,360.0,0.7,0.6007498502731323,0.6195464730262756,0.01879662275314331,False
964,221,credit_amount,1200.0,420.0,0.65,0.6007498502731323,0.6192808747291565,0.01853102445602417,False
965,221,credit_amount,1200.0,480.0,0.6,0.6007498502731323,0.6267507672309875,0.026000916957855225,False
966,221,credit_amount,1200.0,540.0,0.55,0.6007498502731323,0.6242879033088684,0.023538053035736084,False
967,221,credit_amount,1200.0,600.0,0.5,0.6007498502731323,0.6342021226882935,0.03345227241516113,False
968,221,credit_amount,1200.0,660.0,0.45,0.6007498502731323,0.6318311095237732,0.03108125925064087,False
969,221,credit_amount,1200.0,720.0,0.4,0.6007498502731323,0.6342151761054993,0.03346532583236694,False
970,221,credit_amount,1200.0,780.0,0.35,0.6007498502731323,0.6295590996742249,0.02880924940109253,False
971,221,credit_amount,1200.0,840.0,0.3,0.6007498502731323,0.6259959936141968,0.025246143341064453,False
972,221,credit_amount,1200.0,900.0,0.25,0.6007498502731323,0.6225747466087341,0.021824896335601807,False
973,221,credit_amount,1200.0,960.0,0.2,0.6007498502731323,0.6112920045852661,0.010542154312133789,False
974,221,credit_amount,1200.0,1020.0,0.15,0.6007498502731323,0.6121828556060791,0.011433005332946777,False
975,221,credit_amount,1200.0,1080.0,0.1,0.6007498502731323,0.6073434352874756,0.006593585014343262,False
976,221,credit_amount,1200.0,1140.0,0.05,0.6007498502731323,0.6044036746025085,0.0036538243293762207,False
977,221,duration,12.0,4.0,0.6666666666666666,0.6007498502731323,0.45156288146972656,-0.14918696880340576,True
978,221,duration,12.0,6.0,0.5,0.6007498502731323,0.4853062033653259,-0.1154436469078064,True
979,221,duration,12.0,7.0,0.4166666666666667,0.6007498502731323,0.4993896484375,-0.10136020183563232,True
980,221,duration,12.0,8.0,0.3333333333333333,0.6007498502731323,0.5072951316833496,-0.09345471858978271,False
981,221,duration,12.0,9.0,0.25,0.6007498502731323,0.552217960357666,-0.04853188991546631,False
982,221,duration,12.0,10.0,0.16666666666666666,0.6007498502731323,0.5525533556938171,-0.048196494579315186,False
983,221,duration,12.0,11.0,0.08333333333333333,0.6007498502731323,0.5429208278656006,-0.05782902240753174,False
984,751,credit_amount,976.0,293.0,0.6997950819672131,0.7330114841461182,0.7022289037704468,-0.030782580375671387,False
985,751,credit_amount,976.0,342.0,0.6495901639344263,0.7330114841461182,0.70893394947052,-0.024077534675598145,False
986,751,credit_amount,976.0,390.0,0.6004098360655737,0.7330114841461182,0.708075761795044,-0.02493572235107422,False
987,751,credit_amount,976.0,439.0,0.5502049180327869,0.7330114841461182,0.7182862758636475,-0.014725208282470703,False
988,751,credit_amount,976.0,488.0,0.5,0.7330114841461182,0.7192367911338806,-0.013774693012237549,False
989,751,credit_amount,976.0,537.0,0.44979508196721313,0.7330114841461182,0.718620777130127,-0.014390707015991211,False
990,751,credit_amount,976.0,586.0,0.39959016393442626,0.7330114841461182,0.7293188571929932,-0.003692626953125,False
991,751,credit_amount,976.0,634.0,0.35040983606557374,0.7330114841461182,0.7337763905525208,0.0007649064064025879,False
992,751,credit_amount,976.0,683.0,0.30020491803278687,0.7330114841461182,0.7396636009216309,0.006652116775512695,False
993,751,credit_amount,976.0,732.0,0.25,0.7330114841461182,0.7392314672470093,0.006219983100891113,False
994,751,credit_amount,976.0,781.0,0.19979508196721313,0.7330114841461182,0.7399729490280151,0.006961464881896973,False
995,751,credit_amount,976.0,830.0,0.14959016393442623,0.7330114841461182,0.7402541637420654,0.007242679595947266,False
996,751,credit_amount,976.0,878.0,0.10040983606557377,0.7330114841461182,0.7402223348617554,0.007210850715637207,False
997,751,credit_amount,976.0,927.0,0.050204918032786885,0.7330114841461182,0.7393324375152588,0.006320953369140625,False
998,751,duration,18.0,4.0,0.7777777777777778,0.7330114841461182,0.4390694797039032,-0.29394200444221497,True
999,751,duration,18.0,6.0,0.6666666666666666,0.7330114841461182,0.5123882293701172,-0.22062325477600098,False
1000,751,duration,18.0,7.0,0.6111111111111112,0.7330114841461182,0.5413817167282104,-0.19162976741790771,False
1001,751,duration,18.0,8.0,0.5555555555555556,0.7330114841461182,0.5622102618217468,-0.17080122232437134,False
1002,751,duration,18.0,9.0,0.5,0.7330114841461182,0.6234971284866333,-0.10951435565948486,False
1003,751,duration,18.0,10.0,0.4444444444444444,0.7330114841461182,0.6245709657669067,-0.10844051837921143,False
1004,751,duration,18.0,11.0,0.3888888888888889,0.7330114841461182,0.6140106320381165,-0.11900085210800171,False
1005,751,duration,18.0,12.0,0.3333333333333333,0.7330114841461182,0.6848165988922119,-0.04819488525390625,False
1006,751,duration,18.0,13.0,0.2777777777777778,0.7330114841461182,0.6659740209579468,-0.06703746318817139,False
1007,751,duration,18.0,14.0,0.2222222222222222,0.7330114841461182,0.6780173182487488,-0.054994165897369385,False
1008,751,duration,18.0,15.0,0.16666666666666666,0.7330114841461182,0.6891044974327087,-0.043906986713409424,False
1009,751,duration,18.0,16.0,0.1111111111111111,0.7330114841461182,0.7237562537193298,-0.00925523042678833,False
1010,953,credit_amount,10974.0,2744.0,0.7499544377619829,0.620501697063446,0.4983351230621338,-0.12216657400131226,True
1011,953,credit_amount,10974.0,3292.0,0.7000182248952068,0.620501697063446,0.5206485986709595,-0.09985309839248657,False
1012,953,credit_amount,10974.0,3841.0,0.6499908875523965,0.620501697063446,0.5193288922309875,-0.1011728048324585,False
1013,953,credit_amount,10974.0,4390.0,0.5999635502095862,0.620501697063446,0.5322580337524414,-0.08824366331100464,False
1014,953,credit_amount,10974.0,4938.0,0.5500273373428103,0.620501697063446,0.5466097593307495,-0.07389193773269653,False
1015,953,credit_amount,10974.0,5487.0,0.5,0.620501697063446,0.5377461314201355,-0.08275556564331055,False
1016,953,credit_amount,10974.0,6036.0,0.4499726626571897,0.620501697063446,0.5435123443603516,-0.07698935270309448,False
1017,953,credit_amount,10974.0,6584.0,0.4000364497904137,0.620501697063446,0.5528041124343872,-0.06769758462905884,False
1018,953,credit_amount,10974.0,7133.0,0.3500091124476034,0.620501697063446,0.5564427375793457,-0.06405895948410034,False
1019,953,credit_amount,10974.0,7682.0,0.2999817751047931,0.620501697063446,0.556668758392334,-0.06383293867111206,False
1020,953,credit_amount,10974.0,8230.0,0.2500455622380171,0.620501697063446,0.5744690299034119,-0.04603266716003418,False
1021,953,credit_amount,10974.0,8779.0,0.20001822489520685,0.620501697063446,0.5798596739768982,-0.04064202308654785,False
1022,953,credit_amount,10974.0,9328.0,0.14999088755239656,0.620501697063446,0.59474116563797,-0.025760531425476074,False
1023,953,credit_amount,10974.0,9877.0,0.09996355020958629,0.620501697063446,0.6014558672904968,-0.01904582977294922,False
1024,953,credit_amount,10974.0,10425.0,0.05002733734281028,0.620501697063446,0.6079707145690918,-0.012530982494354248,False
1025,953,duration,36.0,4.0,0.8888888888888888,0.620501697063446,0.5011813640594482,-0.1193203330039978,False
1026,953,duration,36.0,6.0,0.8333333333333334,0.620501697063446,0.5297991633415222,-0.09070253372192383,False
1027,953,duration,36.0,7.0,0.8055555555555556,0.620501697063446,0.5321593880653381,-0.08834230899810791,False
1028,953,duration,36.0,8.0,0.7777777777777778,0.620501697063446,0.5305815935134888,-0.08992010354995728,False
1029,953,duration,36.0,9.0,0.75,0.620501697063446,0.5626510381698608,-0.057850658893585205,False
1030,953,duration,36.0,10.0,0.7222222222222222,0.620501697063446,0.5552666187286377,-0.06523507833480835,False
1031,953,duration,36.0,11.0,0.6944444444444444,0.620501697063446,0.5460026860237122,-0.07449901103973389,False
1032,953,duration,36.0,12.0,0.6666666666666666,0.620501697063446,0.5775741338729858,-0.042927563190460205,False
1033,953,duration,36.0,13.0,0.6388888888888888,0.620501697063446,0.5597720146179199,-0.06072968244552612,False
1034,953,duration,36.0,14.0,0.6111111111111112,0.620501697063446,0.5706067085266113,-0.04989498853683472,False
1035,953,duration,36.0,15.0,0.5833333333333334,0.620501697063446,0.578857958316803,-0.041643738746643066,False
1036,953,duration,36.0,16.0,0.5555555555555556,0.620501697063446,0.5902694463729858,-0.030232250690460205,False
1037,953,duration,36.0,18.0,0.5,0.620501697063446,0.5944608449935913,-0.026040852069854736,False
1038,953,duration,36.0,20.0,0.4444444444444444,0.620501697063446,0.5801589488983154,-0.040342748165130615,False
1039,953,duration,36.0,21.0,0.4166666666666667,0.620501697063446,0.5917166471481323,-0.02878504991531372,False
1040,953,duration,36.0,22.0,0.3888888888888889,0.620501697063446,0.5789661407470703,-0.04153555631637573,False
1041,953,duration,36.0,24.0,0.3333333333333333,0.620501697063446,0.5884175896644592,-0.032084107398986816,False
1042,953,duration,36.0,26.0,0.2777777777777778,0.620501697063446,0.5783243179321289,-0.04217737913131714,False
1043,953,duration,36.0,27.0,0.25,0.620501697063446,0.593792200088501,-0.02670949697494507,False
1044,953,duration,36.0,28.0,0.2222222222222222,0.620501697063446,0.5909000635147095,-0.029601633548736572,False
1045,953,duration,36.0,30.0,0.16666666666666666,0.620501697063446,0.5977778434753418,-0.022723853588104248,False
1046,953,duration,36.0,33.0,0.08333333333333333,0.620501697063446,0.5961666107177734,-0.024335086345672607,False
1047,746,credit_amount,2511.0,628.0,0.7499004380724811,0.5747413635253906,0.7203707695007324,0.1456294059753418,False
1048,746,credit_amount,2511.0,753.0,0.7001194743130227,0.5747413635253906,0.7153149843215942,0.1405736207962036,False
1049,746,credit_amount,2511.0,879.0,0.6499402628434886,0.5747413635253906,0.7161164283752441,0.14137506484985352,False
1050,746,credit_amount,2511.0,1004.0,0.6001592990840303,0.5747413635253906,0.6973273754119873,0.12258601188659668,False
1051,746,credit_amount,2511.0,1130.0,0.5499800876144962,0.5747413635253906,0.6872125864028931,0.11247122287750244,False
1052,746,credit_amount,2511.0,1256.0,0.49980087614496216,0.5747413635253906,0.6832053065299988,0.10846394300460815,False
1053,746,credit_amount,2511.0,1381.0,0.45001991238550376,0.5747413635253906,0.65924072265625,0.08449935913085938,False
1054,746,credit_amount,2511.0,1507.0,0.39984070091596974,0.5747413635253906,0.647236704826355,0.07249534130096436,False
1055,746,credit_amount,2511.0,1632.0,0.35005973715651134,0.5747413635253906,0.6346423029899597,0.05990093946456909,False
1056,746,credit_amount,2511.0,1758.0,0.2998805256869773,0.5747413635253906,0.627681314945221,0.05293995141983032,False
1057,746,credit_amount,2511.0,1883.0,0.2500995619275189,0.5747413635253906,0.6198546290397644,0.04511326551437378,False
1058,746,credit_amount,2511.0,2009.0,0.19992035045798487,0.5747413635253906,0.6170071363449097,0.04226577281951904,False
1059,746,credit_amount,2511.0,2134.0,0.15013938669852647,0.5747413635253906,0.5974158048629761,0.02267444133758545,False
1060,746,credit_amount,2511.0,2260.0,0.09996017522899243,0.5747413635253906,0.5978350639343262,0.023093700408935547,False
1061,746,credit_amount,2511.0,2385.0,0.05017921146953405,0.5747413635253906,0.5825790762901306,0.00783771276473999,False
1062,746,duration,15.0,4.0,0.7333333333333333,0.5747413635253906,0.4329627454280853,-0.1417786180973053,True
1063,746,duration,15.0,6.0,0.6,0.5747413635253906,0.4473862648010254,-0.12735509872436523,True
1064,746,duration,15.0,7.0,0.5333333333333333,0.5747413635253906,0.4563734233379364,-0.11836794018745422,True
1065,746,duration,15.0,8.0,0.4666666666666667,0.5747413635253906,0.4579133689403534,-0.11682799458503723,True
1066,746,duration,15.0,9.0,0.4,0.5747413635253906,0.5117226839065552,-0.06301867961883545,False
1067,746,duration,15.0,10.0,0.3333333333333333,0.5747413635253906,0.4990234375,-0.07571792602539062,True
1068,746,duration,15.0,11.0,0.26666666666666666,0.5747413635253906,0.4913010001182556,-0.08344036340713501,True
1069,746,duration,15.0,12.0,0.2,0.5747413635253906,0.5695585608482361,-0.005182802677154541,False
1070,746,duration,15.0,13.0,0.13333333333333333,0.5747413635253906,0.5540337562561035,-0.02070760726928711,False
1071,746,duration,15.0,14.0,0.06666666666666667,0.5747413635253906,0.5595884919166565,-0.01515287160873413,False
1072,375,credit_amount,7685.0,1921.0,0.7500325309043592,0.7088847756385803,0.7117293477058411,0.002844572067260742,False
1073,375,credit_amount,7685.0,2306.0,0.6999349381912817,0.7088847756385803,0.7084961533546448,-0.0003886222839355469,False
1074,375,credit_amount,7685.0,2690.0,0.6499674690956408,0.7088847756385803,0.7067670822143555,-0.0021176934242248535,False
1075,375,credit_amount,7685.0,3074.0,0.6,0.7088847756385803,0.7006278038024902,-0.008256971836090088,False
1076,375,credit_amount,7685.0,3458.0,0.5500325309043591,0.7088847756385803,0.6966934204101562,-0.012191355228424072,False
1077,375,credit_amount,7685.0,3842.0,0.5000650618087182,0.7088847756385803,0.6953144073486328,-0.01357036828994751,False
1078,375,credit_amount,7685.0,4227.0,0.44996746909564084,0.7088847756385803,0.7068511247634888,-0.0020336508750915527,False
1079,375,credit_amount,7685.0,4611.0,0.4,0.7088847756385803,0.7083523273468018,-0.0005324482917785645,False
1080,375,credit_amount,7685.0,4995.0,0.35003253090435915,0.7088847756385803,0.7021071910858154,-0.006777584552764893,False
1081,375,credit_amount,7685.0,5380.0,0.2999349381912817,0.7088847756385803,0.7022102475166321,-0.006674528121948242,False
1082,375,credit_amount,7685.0,5764.0,0.24996746909564085,0.7088847756385803,0.6998488903045654,-0.009035885334014893,False
1083,375,credit_amount,7685.0,6148.0,0.2,0.7088847756385803,0.7073938250541687,-0.001490950584411621,False
1084,375,credit_amount,7685.0,6532.0,0.15003253090435914,0.7088847756385803,0.7055033445358276,-0.0033814311027526855,False
1085,375,credit_amount,7685.0,6916.0,0.10006506180871828,0.7088847756385803,0.7092492580413818,0.00036448240280151367,False
1086,375,credit_amount,7685.0,7301.0,0.04996746909564086,0.7088847756385803,0.7062956094741821,-0.0025891661643981934,False
1087,375,duration,48.0,4.0,0.9166666666666666,0.7088847756385803,0.5840043425559998,-0.12488043308258057,False
1088,375,duration,48.0,6.0,0.875,0.7088847756385803,0.6010302305221558,-0.10785454511642456,False
1089,375,duration,48.0,7.0,0.8541666666666666,0.7088847756385803,0.5878952145576477,-0.12098956108093262,False
1090,375,duration,48.0,8.0,0.8333333333333334,0.7088847756385803,0.5953147411346436,-0.11357003450393677,False
1091,375,duration,48.0,9.0,0.8125,0.7088847756385803,0.6158998608589172,-0.09298491477966309,False
1092,375,duration,48.0,10.0,0.7916666666666666,0.7088847756385803,0.6032742261886597,-0.10561054944992065,False
1093,375,duration,48.0,11.0,0.7708333333333334,0.7088847756385803,0.5996949672698975,-0.10918980836868286,False
1094,375,duration,48.0,12.0,0.75,0.7088847756385803,0.626507043838501,-0.08237773180007935,False
1095,375,duration,48.0,13.0,0.7291666666666666,0.7088847756385803,0.6001065969467163,-0.10877817869186401,False
1096,375,duration,48.0,14.0,0.7083333333333334,0.7088847756385803,0.6115165948867798,-0.09736818075180054,False
1097,375,duration,48.0,15.0,0.6875,0.7088847756385803,0.6117398738861084,-0.09714490175247192,False
1098,375,duration,48.0,16.0,0.6666666666666666,0.7088847756385803,0.6340757608413696,-0.0748090147972107,False
1099,375,duration,48.0,18.0,0.625,0.7088847756385803,0.6275235414505005,-0.08136123418807983,False
1100,375,duration,48.0,20.0,0.5833333333333334,0.7088847756385803,0.6115555763244629,-0.09732919931411743,False
1101,375,duration,48.0,21.0,0.5625,0.7088847756385803,0.6252263784408569,-0.08365839719772339,False
1102,375,duration,48.0,22.0,0.5416666666666666,0.7088847756385803,0.6053079962730408,-0.10357677936553955,False
1103,375,duration,48.0,24.0,0.5,0.7088847756385803,0.6230827569961548,-0.08580201864242554,False
1104,375,duration,48.0,26.0,0.4583333333333333,0.7088847756385803,0.6109011173248291,-0.09798365831375122,False
1105,375,duration,48.0,27.0,0.4375,0.7088847756385803,0.6262043714523315,-0.08268040418624878,False
1106,375,duration,48.0,28.0,0.4166666666666667,0.7088847756385803,0.6252862215042114,-0.0835985541343689,False
1107,375,duration,48.0,30.0,0.375,0.7088847756385803,0.6352983713150024,-0.07358640432357788,False
1108,375,duration,48.0,33.0,0.3125,0.7088847756385803,0.6391615867614746,-0.06972318887710571,False
1109,375,duration,48.0,36.0,0.25,0.7088847756385803,0.6613974571228027,-0.04748731851577759,False
1110,375,duration,48.0,39.0,0.1875,0.7088847756385803,0.6639617681503296,-0.04492300748825073,False
1111,375,duration,48.0,40.0,0.16666666666666666,0.7088847756385803,0.6717523336410522,-0.037132441997528076,False
1112,375,duration,48.0,42.0,0.125,0.7088847756385803,0.6712841987609863,-0.037600576877593994,False
1113,375,duration,48.0,45.0,0.0625,0.7088847756385803,0.6830246448516846,-0.025860130786895752,False
1114,375,duration,48.0,47.0,0.020833333333333332,0.7088847756385803,0.6830238103866577,-0.025860965251922607,False
1115,998,credit_amount,1845.0,461.0,0.7501355013550135,0.6847567558288574,0.6475393772125244,-0.03721737861633301,False
1116,998,credit_amount,1845.0,554.0,0.699728997289973,0.6847567558288574,0.6539102792739868,-0.030846476554870605,False
1117,998,credit_amount,1845.0,646.0,0.6498644986449864,0.6847567558288574,0.6598513126373291,-0.02490544319152832,False
1118,998,credit_amount,1845.0,738.0,0.6,0.6847567558288574,0.6654255390167236,-0.01933121681213379,False
1119,998,credit_amount,1845.0,830.0,0.5501355013550135,0.6847567558288574,0.6640836000442505,-0.020673155784606934,False
1120,998,credit_amount,1845.0,922.0,0.5002710027100271,0.6847567558288574,0.6664026975631714,-0.018354058265686035,False
1121,998,credit_amount,1845.0,1015.0,0.44986449864498645,0.6847567558288574,0.6697377562522888,-0.015018999576568604,False
1122,998,credit_amount,1845.0,1107.0,0.4,0.6847567558288574,0.667381763458252,-0.01737499237060547,False
1123,998,credit_amount,1845.0,1199.0,0.35013550135501353,0.6847567558288574,0.6737873554229736,-0.010969400405883789,False
1124,998,credit_amount,1845.0,1292.0,0.2997289972899729,0.6847567558288574,0.6762667894363403,-0.00848996639251709,False
1125,998,credit_amount,1845.0,1384.0,0.24986449864498644,0.6847567558288574,0.6741118431091309,-0.010644912719726562,False
1126,998,credit_amount,1845.0,1476.0,0.2,0.6847567558288574,0.6778568029403687,-0.0068999528884887695,False
1127,998,credit_amount,1845.0,1568.0,0.15013550135501355,0.6847567558288574,0.6761881113052368,-0.008568644523620605,False
1128,998,credit_amount,1845.0,1660.0,0.1002710027100271,0.6847567558288574,0.6828223466873169,-0.0019344091415405273,False
1129,998,credit_amount,1845.0,1753.0,0.04986449864498645,0.6847567558288574,0.6894124150276184,0.004655659198760986,False
1130,998,duration,45.0,4.0,0.9111111111111111,0.6847567558288574,0.3423844277858734,-0.342372328042984,True
1131,998,duration,45.0,6.0,0.8666666666666667,0.6847567558288574,0.3401299715042114,-0.344626784324646,True
1132,998,duration,45.0,7.0,0.8444444444444444,0.6847567558288574,0.33713585138320923,-0.3476209044456482,True
1133,998,duration,45.0,8.0,0.8222222222222222,0.6847567558288574,0.3442186713218689,-0.3405380845069885,True
1134,998,duration,45.0,9.0,0.8,0.6847567558288574,0.3830779194831848,-0.3016788363456726,True
1135,998,duration,45.0,10.0,0.7777777777777778,0.6847567558288574,0.37060022354125977,-0.31415653228759766,True
1136,998,duration,45.0,11.0,0.7555555555555555,0.6847567558288574,0.37432461977005005,-0.3104321360588074,True
1137,998,duration,45.0,12.0,0.7333333333333333,0.6847567558288574,0.42829298973083496,-0.25646376609802246,True
1138,998,duration,45.0,13.0,0.7111111111111111,0.6847567558288574,0.43178850412368774,-0.2529682517051697,True
1139,998,duration,45.0,14.0,0.6888888888888889,0.6847567558288574,0.44820842146873474,-0.23654833436012268,True
1140,998,duration,45.0,15.0,0.6666666666666666,0.6847567558288574,0.4565716087818146,-0.22818514704704285,True
1141,998,duration,45.0,16.0,0.6444444444444445,0.6847567558288574,0.5079513788223267,-0.17680537700653076,False
1142,998,duration,45.0,18.0,0.6,0.6847567558288574,0.5179609060287476,-0.16679584980010986,False
1143,998,duration,45.0,20.0,0.5555555555555556,0.6847567558288574,0.520657479763031,-0.16409927606582642,False
1144,998,duration,45.0,21.0,0.5333333333333333,0.6847567558288574,0.5418540835380554,-0.142902672290802,False
1145,998,duration,45.0,22.0,0.5111111111111111,0.6847567558288574,0.5286084413528442,-0.15614831447601318,False
1146,998,duration,45.0,24.0,0.4666666666666667,0.6847567558288574,0.5777777433395386,-0.10697901248931885,False
1147,998,duration,45.0,26.0,0.4222222222222222,0.6847567558288574,0.581586480140686,-0.10317027568817139,False
1148,998,duration,45.0,27.0,0.4,0.6847567558288574,0.6035322546958923,-0.08122450113296509,False
1149,998,duration,45.0,28.0,0.37777777777777777,0.6847567558288574,0.6097050905227661,-0.07505166530609131,False
1150,998,duration,45.0,30.0,0.3333333333333333,0.6847567558288574,0.6259387135505676,-0.058818042278289795,False
1151,998,duration,45.0,33.0,0.26666666666666666,0.6847567558288574,0.6284028887748718,-0.056353867053985596,False
1152,998,duration,45.0,36.0,0.2,0.6847567558288574,0.6618042588233948,-0.022952497005462646,False
1153,998,duration,45.0,39.0,0.13333333333333333,0.6847567558288574,0.6705321073532104,-0.014224648475646973,False
1154,998,duration,45.0,40.0,0.1111111111111111,0.6847567558288574,0.6762065887451172,-0.008550167083740234,False
1155,998,duration,45.0,42.0,0.06666666666666667,0.6847567558288574,0.6822115182876587,-0.0025452375411987305,False
1156,353,credit_amount,6199.0,1550.0,0.7499596709146636,0.6265453696250916,0.5775224566459656,-0.04902291297912598,False
1157,353,credit_amount,6199.0,1860.0,0.6999516050975964,0.6265453696250916,0.5746304392814636,-0.05191493034362793,False
1158,353,credit_amount,6199.0,2170.0,0.6499435392805292,0.6265453696250916,0.5642859935760498,-0.06225937604904175,False
1159,353,credit_amount,6199.0,2480.0,0.5999354734634619,0.6265453696250916,0.5621318221092224,-0.06441354751586914,False
1160,353,credit_amount,6199.0,2790.0,0.5499274076463946,0.6265453696250916,0.5577240586280823,-0.06882131099700928,False
1161,353,credit_amount,6199.0,3100.0,0.4999193418293273,0.6265453696250916,0.5628994703292847,-0.06364589929580688,False
1162,353,credit_amount,6199.0,3409.0,0.4500725923536054,0.6265453696250916,0.5540435314178467,-0.07250183820724487,False
1163,353,credit_amount,6199.0,3719.0,0.4000645265365382,0.6265453696250916,0.5598830580711365,-0.06666231155395508,False
1164,353,credit_amount,6199.0,4029.0,0.3500564607194709,0.6265453696250916,0.5803385376930237,-0.04620683193206787,False
1165,353,credit_amount,6199.0,4339.0,0.3000483949024036,0.6265453696250916,0.5877714157104492,-0.038773953914642334,False
1166,353,credit_amount,6199.0,4649.0,0.25004032908533635,0.6265453696250916,0.5890765190124512,-0.03746885061264038,False
1167,353,credit_amount,6199.0,4959.0,0.2000322632682691,0.6265453696250916,0.6007081270217896,-0.025837242603302002,False
1168,353,credit_amount,6199.0,5269.0,0.1500241974512018,0.6265453696250916,0.6072205305099487,-0.019324839115142822,False
1169,353,credit_amount,6199.0,5579.0,0.10001613163413454,0.6265453696250916,0.6142169237136841,-0.01232844591140747,False
1170,353,credit_amount,6199.0,5889.0,0.05000806581706727,0.6265453696250916,0.615249514579773,-0.011295855045318604,False
1171,353,duration,12.0,4.0,0.6666666666666666,0.6265453696250916,0.5397626757621765,-0.08678269386291504,False
1172,353,duration,12.0,6.0,0.5,0.6265453696250916,0.5708469152450562,-0.0556984543800354,False
1173,353,duration,12.0,7.0,0.4166666666666667,0.6265453696250916,0.5657774209976196,-0.060767948627471924,False
1174,353,duration,12.0,8.0,0.3333333333333333,0.6265453696250916,0.5706972479820251,-0.055848121643066406,False
1175,353,duration,12.0,9.0,0.25,0.6265453696250916,0.6029348373413086,-0.02361053228378296,False
1176,353,duration,12.0,10.0,0.16666666666666666,0.6265453696250916,0.5876869559288025,-0.03885841369628906,False
1177,353,duration,12.0,11.0,0.08333333333333333,0.6265453696250916,0.576993465423584,-0.04955190420150757,False
1178,182,credit_amount,1647.0,412.0,0.7498482088646024,0.5816495418548584,0.5657184720039368,-0.01593106985092163,False
1179,182,credit_amount,1647.0,494.0,0.7000607164541591,0.5816495418548584,0.579119861125946,-0.0025296807289123535,False
1180,182,credit_amount,1647.0,576.0,0.6502732240437158,0.5816495418548584,0.586932361125946,0.0052828192710876465,False
1181,182,credit_amount,1647.0,659.0,0.5998785670916819,0.5816495418548584,0.5973771810531616,0.015727639198303223,False
1182,182,credit_amount,1647.0,741.0,0.5500910746812386,0.5816495418548584,0.6003763675689697,0.018726825714111328,False
1183,182,credit_amount,1647.0,824.0,0.4996964177292046,0.5816495418548584,0.6053305864334106,0.023681044578552246,False
1184,182,credit_amount,1647.0,906.0,0.44990892531876137,0.5816495418548584,0.6101850271224976,0.02853548526763916,False
1185,182,credit_amount,1647.0,988.0,0.40012143290831814,0.5816495418548584,0.5992275476455688,0.01757800579071045,False
1186,182,credit_amount,1647.0,1071.0,0.34972677595628415,0.5816495418548584,0.601751446723938,0.02010190486907959,False
1187,182,credit_amount,1647.0,1153.0,0.29993928354584093,0.5816495418548584,0.5950064659118652,0.013356924057006836,False
1188,182,credit_amount,1647.0,1235.0,0.2501517911353977,0.5816495418548584,0.596659243106842,0.015009701251983643,False
1189,182,credit_amount,1647.0,1318.0,0.1997571341833637,0.5816495418548584,0.6008209586143494,0.019171416759490967,False
1190,182,credit_amount,1647.0,1400.0,0.14996964177292046,0.5816495418548584,0.5861648321151733,0.004515290260314941,False
1191,182,credit_amount,1647.0,1482.0,0.10018214936247723,0.5816495418548584,0.5909662842750549,0.009316742420196533,False
1192,182,credit_amount,1647.0,1565.0,0.04978749241044323,0.5816495418548584,0.5773142576217651,-0.004335284233093262,False
1193,182,duration,21.0,4.0,0.8095238095238095,0.5816495418548584,0.3068851828575134,-0.27476435899734497,True
1194,182,duration,21.0,6.0,0.7142857142857143,0.5816495418548584,0.3551182150840759,-0.22653132677078247,True
1195,182,duration,21.0,7.0,0.6666666666666666,0.5816495418548584,0.37286514043807983,-0.20878440141677856,True
1196,182,duration,21.0,8.0,0.6190476190476191,0.5816495418548584,0.3898099660873413,-0.1918395757675171,True
1197,182,duration,21.0,9.0,0.5714285714285714,0.5816495418548584,0.43431222438812256,-0.14733731746673584,True
1198,182,duration,21.0,10.0,0.5238095238095238,0.5816495418548584,0.43178221583366394,-0.14986732602119446,True
1199,182,duration,21.0,11.0,0.47619047619047616,0.5816495418548584,0.43452221155166626,-0.14712733030319214,True
1200,182,duration,21.0,12.0,0.42857142857142855,0.5816495418548584,0.5015875697135925,-0.08006197214126587,False
1201,182,duration,21.0,13.0,0.38095238095238093,0.5816495418548584,0.4955689609050751,-0.08608058094978333,True
1202,182,duration,21.0,14.0,0.3333333333333333,0.5816495418548584,0.5135389566421509,-0.06811058521270752,False
1203,182,duration,21.0,15.0,0.2857142857142857,0.5816495418548584,0.5213186740875244,-0.060330867767333984,False
1204,182,duration,21.0,16.0,0.23809523809523808,0.5816495418548584,0.5586625337600708,-0.022987008094787598,False
1205,182,duration,21.0,18.0,0.14285714285714285,0.5816495418548584,0.5723379850387573,-0.009311556816101074,False
1206,182,duration,21.0,20.0,0.047619047619047616,0.5816495418548584,0.5630130171775818,-0.01863652467727661,False
1207,993,credit_amount,3959.0,990.0,0.7499368527405911,0.6787934303283691,0.6445294618606567,-0.0342639684677124,False
1208,993,credit_amount,3959.0,1188.0,0.6999242232887093,0.6787934303283691,0.6515903472900391,-0.027203083038330078,False
1209,993,credit_amount,3959.0,1386.0,0.6499115938368275,0.6787934303283691,0.6541131734848022,-0.024680256843566895,False
1210,993,credit_amount,3959.0,1584.0,0.5998989643849457,0.6787934303283691,0.6538476347923279,-0.02494579553604126,False
1211,993,credit_amount,3959.0,1782.0,0.5498863349330639,0.6787934303283691,0.6653035879135132,-0.013489842414855957,False
1212,993,credit_amount,3959.0,1980.0,0.4998737054811821,0.6787934303283691,0.6701061129570007,-0.008687317371368408,False
1213,993,credit_amount,3959.0,2177.0,0.4501136650669361,0.6787934303283691,0.6712849140167236,-0.007508516311645508,False
1214,993,credit_amount,3959.0,2375.0,0.4001010356150543,0.6787934303283691,0.6739482879638672,-0.004845142364501953,False
1215,993,credit_amount,3959.0,2573.0,0.3500884061631725,0.6787934303283691,0.673197865486145,-0.005595564842224121,False
1216,993,credit_amount,3959.0,2771.0,0.3000757767112907,0.6787934303283691,0.6763702034950256,-0.002423226833343506,False
1217,993,credit_amount,3959.0,2969.0,0.2500631472594089,0.6787934303283691,0.6746827363967896,-0.00411069393157959,False
1218,993,credit_amount,3959.0,3167.0,0.20005051780752714,0.6787934303283691,0.6787306070327759,-6.282329559326172e-05,False
1219,993,credit_amount,3959.0,3365.0,0.15003788835564535,0.6787934303283691,0.6723038554191589,-0.006489574909210205,False
1220,993,credit_amount,3959.0,3563.0,0.10002525890376357,0.6787934303283691,0.6725894212722778,-0.006204009056091309,False
1221,993,credit_amount,3959.0,3761.0,0.050012629451881785,0.6787934303283691,0.6705135703086853,-0.008279860019683838,False
1222,993,duration,36.0,4.0,0.8888888888888888,0.6787934303283691,0.40534859895706177,-0.2734448313713074,True
1223,993,duration,36.0,6.0,0.8333333333333334,0.6787934303283691,0.4064520299434662,-0.27234140038490295,True
1224,993,duration,36.0,7.0,0.8055555555555556,0.6787934303283691,0.3892183005809784,-0.28957512974739075,True
1225,993,duration,36.0,8.0,0.7777777777777778,0.6787934303283691,0.39788806438446045,-0.2809053659439087,True
1226,993,duration,36.0,9.0,0.75,0.6787934303283691,0.4349533021450043,-0.24384012818336487,True
1227,993,duration,36.0,10.0,0.7222222222222222,0.6787934303283691,0.410664826631546,-0.2681286036968231,True
1228,993,duration,36.0,11.0,0.6944444444444444,0.6787934303283691,0.400128036737442,-0.2786653935909271,True
1229,993,duration,36.0,12.0,0.6666666666666666,0.6787934303283691,0.44579970836639404,-0.2329937219619751,True
1230,993,duration,36.0,13.0,0.6388888888888888,0.6787934303283691,0.42925918102264404,-0.2495342493057251,True
1231,993,duration,36.0,14.0,0.6111111111111112,0.6787934303283691,0.4457898437976837,-0.23300358653068542,True
1232,993,duration,36.0,15.0,0.5833333333333334,0.6787934303283691,0.45936697721481323,-0.2194264531135559,True
1233,993,duration,36.0,16.0,0.5555555555555556,0.6787934303283691,0.5041965246200562,-0.174596905708313,False
1234,993,duration,36.0,18.0,0.5,0.6787934303283691,0.5044706463813782,-0.17432278394699097,False
1235,993,duration,36.0,20.0,0.4444444444444444,0.6787934303283691,0.515546441078186,-0.1632469892501831,False
1236,993,duration,36.0,21.0,0.4166666666666667,0.6787934303283691,0.5355829000473022,-0.1432105302810669,False
1237,993,duration,36.0,22.0,0.3888888888888889,0.6787934303283691,0.530030369758606,-0.14876306056976318,False
1238,993,duration,36.0,24.0,0.3333333333333333,0.6787934303283691,0.5846112966537476,-0.09418213367462158,False
1239,993,duration,36.0,26.0,0.2777777777777778,0.6787934303283691,0.5971044898033142,-0.08168894052505493,False
1240,993,duration,36.0,27.0,0.25,0.6787934303283691,0.6060959100723267,-0.07269752025604248,False
1241,993,duration,36.0,28.0,0.2222222222222222,0.6787934303283691,0.6129336953163147,-0.06585973501205444,False
1242,993,duration,36.0,30.0,0.16666666666666666,0.6787934303283691,0.6292321681976318,-0.049561262130737305,False
1243,993,duration,36.0,33.0,0.08333333333333333,0.6787934303283691,0.6387316584587097,-0.040061771869659424,False
1244,788,credit_amount,6224.0,1556.0,0.75,0.6643046736717224,0.6993857026100159,0.03508102893829346,False
1245,788,credit_amount,6224.0,1867.0,0.7000321336760925,0.6643046736717224,0.6984665393829346,0.03416186571121216,False
1246,788,credit_amount,6224.0,2178.0,0.6500642673521851,0.6643046736717224,0.6879868507385254,0.02368217706680298,False
1247,788,credit_amount,6224.0,2490.0,0.5999357326478149,0.6643046736717224,0.688579797744751,0.024275124073028564,False
1248,788,credit_amount,6224.0,2801.0,0.5499678663239075,0.6643046736717224,0.6799110770225525,0.015606403350830078,False
1249,788,credit_amount,6224.0,3112.0,0.5,0.6643046736717224,0.6723049879074097,0.008000314235687256,False
1250,788,credit_amount,6224.0,3423.0,0.45003213367609257,0.6643046736717224,0.6671539545059204,0.002849280834197998,False
1251,788,credit_amount,6224.0,3734.0,0.4000642673521851,0.6643046736717224,0.6599487066268921,-0.004355967044830322,False
1252,788,credit_amount,6224.0,4046.0,0.3499357326478149,0.6643046736717224,0.6670312285423279,0.0027265548706054688,False
1253,788,credit_amount,6224.0,4357.0,0.29996786632390743,0.6643046736717224,0.6650382876396179,0.0007336139678955078,False
1254,788,credit_amount,6224.0,4668.0,0.25,0.6643046736717224,0.6636163592338562,-0.0006883144378662109,False
1255,788,credit_amount,6224.0,4979.0,0.20003213367609254,0.6643046736717224,0.6616227030754089,-0.0026819705963134766,False
1256,788,credit_amount,6224.0,5290.0,0.1500642673521851,0.6643046736717224,0.660014271736145,-0.004290401935577393,False
1257,788,credit_amount,6224.0,5602.0,0.09993573264781491,0.6643046736717224,0.6606266498565674,-0.0036780238151550293,False
1258,788,credit_amount,6224.0,5913.0,0.049967866323907456,0.6643046736717224,0.6623133420944214,-0.0019913315773010254,False
1259,788,duration,48.0,4.0,0.9166666666666666,0.6643046736717224,0.5800859928131104,-0.08421868085861206,False
1260,788,duration,48.0,6.0,0.875,0.6643046736717224,0.5838114023208618,-0.0804932713508606,False
1261,788,duration,48.0,7.0,0.8541666666666666,0.6643046736717224,0.57244873046875,-0.09185594320297241,False
1262,788,duration,48.0,8.0,0.8333333333333334,0.6643046736717224,0.5710117816925049,-0.09329289197921753,False
1263,788,duration,48.0,9.0,0.8125,0.6643046736717224,0.6035764217376709,-0.060728251934051514,False
1264,788,duration,48.0,10.0,0.7916666666666666,0.6643046736717224,0.5884328484535217,-0.07587182521820068,False
1265,788,duration,48.0,11.0,0.7708333333333334,0.6643046736717224,0.5715779662132263,-0.0927267074584961,False
1266,788,duration,48.0,12.0,0.75,0.6643046736717224,0.6080695390701294,-0.05623513460159302,False
1267,788,duration,48.0,13.0,0.7291666666666666,0.6643046736717224,0.5839699506759644,-0.08033472299575806,False
1268,788,duration,48.0,14.0,0.7083333333333334,0.6643046736717224,0.5905492901802063,-0.07375538349151611,False
1269,788,duration,48.0,15.0,0.6875,0.6643046736717224,0.5971325635910034,-0.067172110080719,False
1270,788,duration,48.0,16.0,0.6666666666666666,0.6643046736717224,0.610008180141449,-0.05429649353027344,False
1271,788,duration,48.0,18.0,0.625,0.6643046736717224,0.6117320656776428,-0.05257260799407959,False
1272,788,duration,48.0,20.0,0.5833333333333334,0.6643046736717224,0.5990997552871704,-0.065204918384552,False
1273,788,duration,48.0,21.0,0.5625,0.6643046736717224,0.6061543226242065,-0.05815035104751587,False
1274,788,duration,48.0,22.0,0.5416666666666666,0.6643046736717224,0.587287962436676,-0.07701671123504639,False
1275,788,duration,48.0,24.0,0.5,0.6643046736717224,0.6139705181121826,-0.050334155559539795,False
1276,788,duration,48.0,26.0,0.4583333333333333,0.6643046736717224,0.6042549014091492,-0.06004977226257324,False
1277,788,duration,48.0,27.0,0.4375,0.6643046736717224,0.6088436841964722,-0.055460989475250244,False
1278,788,duration,48.0,28.0,0.4166666666666667,0.6643046736717224,0.6098443269729614,-0.054460346698760986,False
1279,788,duration,48.0,30.0,0.375,0.6643046736717224,0.6171838045120239,-0.047120869159698486,False
1280,788,duration,48.0,33.0,0.3125,0.6643046736717224,0.6181200742721558,-0.04618459939956665,False
1281,788,duration,48.0,36.0,0.25,0.6643046736717224,0.6349303722381592,-0.029374301433563232,False
1282,788,duration,48.0,39.0,0.1875,0.6643046736717224,0.6324944496154785,-0.031810224056243896,False
1283,788,duration,48.0,40.0,0.16666666666666666,0.6643046736717224,0.6395519971847534,-0.024752676486968994,False
1284,788,duration,48.0,42.0,0.125,0.6643046736717224,0.6427817344665527,-0.021522939205169678,False
1285,788,duration,48.0,45.0,0.0625,0.6643046736717224,0.6478248238563538,-0.016479849815368652,False
1286,788,duration,48.0,47.0,0.020833333333333332,0.6643046736717224,0.6430870890617371,-0.02121758460998535,False
1287,261,credit_amount,1603.0,401.0,0.7498440424204617,0.5016025900840759,0.5228774547576904,0.021274864673614502,False
1288,261,credit_amount,1603.0,481.0,0.6999376169681847,0.5016025900840759,0.5341640710830688,0.03256148099899292,False
1289,261,credit_amount,1603.0,561.0,0.6500311915159077,0.5016025900840759,0.5407125949859619,0.039110004901885986,False
1290,261,credit_amount,1603.0,641.0,0.6001247660636307,0.5016025900840759,0.54840087890625,0.04679828882217407,False
1291,261,credit_amount,1603.0,721.0,0.5502183406113537,0.5016025900840759,0.5473906993865967,0.04578810930252075,False
1292,261,credit_amount,1603.0,802.0,0.49968808484092325,0.5016025900840759,0.5530826449394226,0.05148005485534668,False
1293,261,credit_amount,1603.0,882.0,0.4497816593886463,0.5016025900840759,0.5454726815223694,0.04387009143829346,False
1294,261,credit_amount,1603.0,962.0,0.3998752339363693,0.5016025900840759,0.5375624895095825,0.03595989942550659,False
1295,261,credit_amount,1603.0,1042.0,0.34996880848409234,0.5016025900840759,0.535520613193512,0.033918023109436035,False
1296,261,credit_amount,1603.0,1122.0,0.30006238303181537,0.5016025900840759,0.5354278683662415,0.03382527828216553,False
1297,261,credit_amount,1603.0,1202.0,0.25015595757953835,0.5016025900840759,0.5347123742103577,0.03310978412628174,False
1298,261,credit_amount,1603.0,1282.0,0.20024953212726138,0.5016025900840759,0.5248859524726868,0.02328336238861084,False
1299,261,credit_amount,1603.0,1363.0,0.14971927635683094,0.5016025900840759,0.519333004951477,0.017730414867401123,False
1300,261,credit_amount,1603.0,1443.0,0.09981285090455397,0.5016025900840759,0.5124539136886597,0.01085132360458374,False
1301,261,credit_amount,1603.0,1523.0,0.049906425452276984,0.5016025900840759,0.5090914964675903,0.007488906383514404,False
1302,261,duration,24.0,4.0,0.8333333333333334,0.5016025900840759,0.2543213367462158,-0.2472812533378601,True
1303,261,duration,24.0,6.0,0.75,0.5016025900840759,0.24332350492477417,-0.25827908515930176,True
1304,261,duration,24.0,7.0,0.7083333333333334,0.5016025900840759,0.23881706595420837,-0.26278552412986755,True
1305,261,duration,24.0,8.0,0.6666666666666666,0.5016025900840759,0.24693071842193604,-0.2546718716621399,True
1306,261,duration,24.0,9.0,0.625,0.5016025900840759,0.27891942858695984,-0.2226831614971161,True
1307,261,duration,24.0,10.0,0.5833333333333334,0.5016025900840759,0.2691112458705902,-0.23249134421348572,True
1308,261,duration,24.0,11.0,0.5416666666666666,0.5016025900840759,0.27240678668022156,-0.22919580340385437,True
1309,261,duration,24.0,12.0,0.5,0.5016025900840759,0.33575576543807983,-0.1658468246459961,True
1310,261,duration,24.0,13.0,0.4583333333333333,0.5016025900840759,0.32946547865867615,-0.17213711142539978,True
1311,261,duration,24.0,14.0,0.4166666666666667,0.5016025900840759,0.35314619541168213,-0.1484563946723938,True
1312,261,duration,24.0,15.0,0.375,0.5016025900840759,0.36352571845054626,-0.13807687163352966,True
1313,261,duration,24.0,16.0,0.3333333333333333,0.5016025900840759,0.42154476046562195,-0.08005782961845398,True
1314,261,duration,24.0,18.0,0.25,0.5016025900840759,0.43350672721862793,-0.068095862865448,True
1315,261,duration,24.0,20.0,0.16666666666666666,0.5016025900840759,0.4324776232242584,-0.0691249668598175,True
1316,261,duration,24.0,21.0,0.125,0.5016025900840759,0.4607534110546112,-0.04084917902946472,True
1317,261,duration,24.0,22.0,0.08333333333333333,0.5016025900840759,0.45278802514076233,-0.0488145649433136,True
1318,229,credit_amount,3149.0,787.0,0.7500793902826294,0.7134007811546326,0.7466617822647095,0.033261001110076904,False
1319,229,credit_amount,3149.0,945.0,0.6999047316608447,0.7134007811546326,0.7473375201225281,0.03393673896789551,False
1320,229,credit_amount,3149.0,1102.0,0.6500476341695777,0.7134007811546326,0.7411835789680481,0.027782797813415527,False
1321,229,credit_amount,3149.0,1260.0,0.599872975547793,0.7134007811546326,0.7423153519630432,0.028914570808410645,False
1322,229,credit_amount,3149.0,1417.0,0.5500158780565259,0.7134007811546326,0.7339767217636108,0.02057594060897827,False
1323,229,credit_amount,3149.0,1574.0,0.5001587805652589,0.7134007811546326,0.7405548691749573,0.027154088020324707,False
1324,229,credit_amount,3149.0,1732.0,0.4499841219434741,0.7134007811546326,0.7314459681510925,0.01804518699645996,False
1325,229,credit_amount,3149.0,1889.0,0.40012702445220705,0.7134007811546326,0.731911838054657,0.018511056900024414,False
1326,229,credit_amount,3149.0,2047.0,0.34995236583042233,0.7134007811546326,0.7316053509712219,0.018204569816589355,False
1327,229,credit_amount,3149.0,2204.0,0.3000952683391553,0.7134007811546326,0.7261971235275269,0.012796342372894287,False
1328,229,credit_amount,3149.0,2362.0,0.2499206097173706,0.7134007811546326,0.7228384613990784,0.0094376802444458,False
1329,229,credit_amount,3149.0,2519.0,0.20006351222610352,0.7134007811546326,0.7207257747650146,0.00732499361038208,False
1330,229,credit_amount,3149.0,2677.0,0.14988885360431883,0.7134007811546326,0.716793417930603,0.003392636775970459,False
1331,229,credit_amount,3149.0,2834.0,0.10003175611305176,0.7134007811546326,0.7119361162185669,-0.0014646649360656738,False
1332,229,credit_amount,3149.0,2992.0,0.04985709749126707,0.7134007811546326,0.7109995484352112,-0.0024012327194213867,False
1333,229,duration,24.0,4.0,0.8333333333333334,0.7134007811546326,0.5604689121246338,-0.15293186902999878,False
1334,229,duration,24.0,6.0,0.75,0.7134007811546326,0.5528841614723206,-0.160516619682312,False
1335,229,duration,24.0,7.0,0.7083333333333334,0.7134007811546326,0.5381277799606323,-0.17527300119400024,False
1336,229,duration,24.0,8.0,0.6666666666666666,0.7134007811546326,0.5439750552177429,-0.16942572593688965,False
1337,229,duration,24.0,9.0,0.625,0.7134007811546326,0.5745258927345276,-0.13887488842010498,False
1338,229,duration,24.0,10.0,0.5833333333333334,0.7134007811546326,0.5581663846969604,-0.15523439645767212,False
1339,229,duration,24.0,11.0,0.5416666666666666,0.7134007811546326,0.5451208353042603,-0.16827994585037231,False
1340,229,duration,24.0,12.0,0.5,0.7134007811546326,0.6022249460220337,-0.11117583513259888,False
1341,229,duration,24.0,13.0,0.4583333333333333,0.7134007811546326,0.5875550508499146,-0.12584573030471802,False
1342,229,duration,24.0,14.0,0.4166666666666667,0.7134007811546326,0.6056910753250122,-0.10770970582962036,False
1343,229,duration,24.0,15.0,0.375,0.7134007811546326,0.6123867034912109,-0.10101407766342163,False
1344,229,duration,24.0,16.0,0.3333333333333333,0.7134007811546326,0.6531785726547241,-0.06022220849990845,False
1345,229,duration,24.0,18.0,0.25,0.7134007811546326,0.6615586280822754,-0.05184215307235718,False
1346,229,duration,24.0,20.0,0.16666666666666666,0.7134007811546326,0.6628603935241699,-0.050540387630462646,False
1347,229,duration,24.0,21.0,0.125,0.7134007811546326,0.6823309659957886,-0.031069815158843994,False
1348,229,duration,24.0,22.0,0.08333333333333333,0.7134007811546326,0.6715699434280396,-0.04183083772659302,False
1349,917,credit_amount,14896.0,3724.0,0.75,0.7458231449127197,0.45554062724113464,-0.2902825176715851,True
1350,917,credit_amount,14896.0,4469.0,0.6999865735767992,0.7458231449127197,0.501798152923584,-0.24402499198913574,False
1351,917,credit_amount,14896.0,5214.0,0.6499731471535983,0.7458231449127197,0.5169687271118164,-0.22885441780090332,False
1352,917,credit_amount,14896.0,5958.0,0.6000268528464017,0.7458231449127197,0.5442336201667786,-0.20158952474594116,False
1353,917,credit_amount,14896.0,6703.0,0.5500134264232008,0.7458231449127197,0.5687589049339294,-0.17706423997879028,False
1354,917,credit_amount,14896.0,7448.0,0.5,0.7458231449127197,0.5925705432891846,-0.15325260162353516,False
1355,917,credit_amount,14896.0,8193.0,0.44998657357679916,0.7458231449127197,0.6178768873214722,-0.12794625759124756,False
1356,917,credit_amount,14896.0,8938.0,0.3999731471535983,0.7458231449127197,0.6368201971054077,-0.10900294780731201,False
1357,917,credit_amount,14896.0,9682.0,0.3500268528464017,0.7458231449127197,0.6606254577636719,-0.08519768714904785,False
1358,917,credit_amount,14896.0,10427.0,0.30001342642320084,0.7458231449127197,0.6778583526611328,-0.06796479225158691,False
1359,917,credit_amount,14896.0,11172.0,0.25,0.7458231449127197,0.7016382217407227,-0.04418492317199707,False
1360,917,credit_amount,14896.0,11917.0,0.19998657357679914,0.7458231449127197,0.7076584100723267,-0.038164734840393066,False
1361,917,credit_amount,14896.0,12662.0,0.14997314715359827,0.7458231449127197,0.724034309387207,-0.021788835525512695,False
1362,917,credit_amount,14896.0,13406.0,0.10002685284640171,0.7458231449127197,0.7326327562332153,-0.013190388679504395,False
1363,917,credit_amount,14896.0,14151.0,0.050013426423200856,0.7458231449127197,0.7426004409790039,-0.0032227039337158203,False
1364,917,duration,6.0,4.0,0.3333333333333333,0.7458231449127197,0.7227685451507568,-0.02305459976196289,False
1365,677,credit_amount,5595.0,1399.0,0.7499553172475425,0.5684385299682617,0.4719850718975067,-0.096453458070755,True
1366,677,credit_amount,5595.0,1679.0,0.699910634495085,0.5684385299682617,0.47767895460128784,-0.09075957536697388,True
1367,677,credit_amount,5595.0,1958.0,0.6500446827524575,0.5684385299682617,0.49186569452285767,-0.07657283544540405,True
1368,677,credit_amount,5595.0,2238.0,0.6,0.5684385299682617,0.49188387393951416,-0.07655465602874756,True
1369,677,credit_amount,5595.0,2518.0,0.5499553172475424,0.5684385299682617,0.49749743938446045,-0.07094109058380127,True
1370,677,credit_amount,5595.0,2798.0,0.4999106344950849,0.5684385299682617,0.4978353679180145,-0.07060316205024719,True
1371,677,credit_amount,5595.0,3077.0,0.45004468275245757,0.5684385299682617,0.5029473900794983,-0.06549113988876343,False
1372,677,credit_amount,5595.0,3357.0,0.4,0.5684385299682617,0.5139176845550537,-0.05452084541320801,False
1373,677,credit_amount,5595.0,3637.0,0.3499553172475425,0.5684385299682617,0.5145708918571472,-0.0538676381111145,False
1374,677,credit_amount,5595.0,3916.0,0.3000893655049151,0.5684385299682617,0.5306668281555176,-0.03777170181274414,False
1375,677,credit_amount,5595.0,4196.0,0.25004468275245756,0.5684385299682617,0.538895845413208,-0.02954268455505371,False
1376,677,credit_amount,5595.0,4476.0,0.2,0.5684385299682617,0.5423575043678284,-0.02608102560043335,False
1377,677,credit_amount,5595.0,4756.0,0.14995531724754244,0.5684385299682617,0.5444612503051758,-0.023977279663085938,False
1378,677,credit_amount,5595.0,5036.0,0.0999106344950849,0.5684385299682617,0.55059814453125,-0.01784038543701172,False
1379,677,credit_amount,5595.0,5315.0,0.050044682752457555,0.5684385299682617,0.5551759004592896,-0.013262629508972168,False
1380,677,duration,72.0,4.0,0.9444444444444444,0.5684385299682617,0.24453696608543396,-0.32390156388282776,True
1381,677,duration,72.0,6.0,0.9166666666666666,0.5684385299682617,0.24059101939201355,-0.32784751057624817,True
1382,677,duration,72.0,7.0,0.9027777777777778,0.5684385299682617,0.22985731065273285,-0.33858121931552887,True
1383,677,duration,72.0,8.0,0.8888888888888888,0.5684385299682617,0.23346394300460815,-0.33497458696365356,True
1384,677,duration,72.0,9.0,0.875,0.5684385299682617,0.2502111792564392,-0.3182273507118225,True
1385,677,duration,72.0,10.0,0.8611111111111112,0.5684385299682617,0.23962175846099854,-0.3288167715072632,True
1386,677,duration,72.0,11.0,0.8472222222222222,0.5684385299682617,0.22453393042087555,-0.34390459954738617,True
1387,677,duration,72.0,12.0,0.8333333333333334,0.5684385299682617,0.25938764214515686,-0.30905088782310486,True
1388,677,duration,72.0,13.0,0.8194444444444444,0.5684385299682617,0.24188032746315002,-0.3265582025051117,True
1389,677,duration,72.0,14.0,0.8055555555555556,0.5684385299682617,0.2527535557746887,-0.315684974193573,True
1390,677,duration,72.0,15.0,0.7916666666666666,0.5684385299682617,0.25637000799179077,-0.31206852197647095,True
1391,677,duration,72.0,16.0,0.7777777777777778,0.5684385299682617,0.27616915106773376,-0.29226937890052795,True
1392,677,duration,72.0,18.0,0.75,0.5684385299682617,0.28413963317871094,-0.2842988967895508,True
1393,677,duration,72.0,20.0,0.7222222222222222,0.5684385299682617,0.2866460680961609,-0.28179246187210083,True
1394,677,duration,72.0,21.0,0.7083333333333334,0.5684385299682617,0.2946552336215973,-0.27378329634666443,True
1395,677,duration,72.0,22.0,0.6944444444444444,0.5684385299682617,0.28804734349250793,-0.2803911864757538,True
1396,677,duration,72.0,24.0,0.6666666666666666,0.5684385299682617,0.3243212103843689,-0.24411731958389282,True
1397,677,duration,72.0,26.0,0.6388888888888888,0.5684385299682617,0.33896827697753906,-0.22947025299072266,True
1398,677,duration,72.0,27.0,0.625,0.5684385299682617,0.3508909344673157,-0.21754759550094604,True
1399,677,duration,72.0,28.0,0.6111111111111112,0.5684385299682617,0.35748130083084106,-0.21095722913742065,True
1400,677,duration,72.0,30.0,0.5833333333333334,0.5684385299682617,0.3740229606628418,-0.19441556930541992,True
1401,677,duration,72.0,33.0,0.5416666666666666,0.5684385299682617,0.3800240755081177,-0.18841445446014404,True
1402,677,duration,72.0,36.0,0.5,0.5684385299682617,0.4266360104084015,-0.14180251955986023,True
1403,677,duration,72.0,39.0,0.4583333333333333,0.5684385299682617,0.44293105602264404,-0.12550747394561768,True
1404,677,duration,72.0,40.0,0.4444444444444444,0.5684385299682617,0.4463691711425781,-0.1220693588256836,True
1405,677,duration,72.0,42.0,0.4166666666666667,0.5684385299682617,0.45532333850860596,-0.11311519145965576,True
1406,677,duration,72.0,45.0,0.375,0.5684385299682617,0.4745337963104248,-0.09390473365783691,True
1407,677,duration,72.0,47.0,0.3472222222222222,0.5684385299682617,0.4727013111114502,-0.09573721885681152,True
1408,677,duration,72.0,48.0,0.3333333333333333,0.5684385299682617,0.502163827419281,-0.06627470254898071,False
1409,677,duration,72.0,54.0,0.25,0.5684385299682617,0.537929892539978,-0.03050863742828369,False
1410,677,duration,72.0,60.0,0.16666666666666666,0.5684385299682617,0.5404382348060608,-0.028000295162200928,False
1411,355,credit_amount,1246.0,312.0,0.7495987158908507,0.6682714819908142,0.6487656235694885,-0.019505858421325684,False
1412,355,credit_amount,1246.0,374.0,0.6998394863563403,0.6682714819908142,0.6526083946228027,-0.015663087368011475,False
1413,355,credit_amount,1246.0,436.0,0.6500802568218299,0.6682714819908142,0.6574913859367371,-0.010780096054077148,False
1414,355,credit_amount,1246.0,498.0,0.6003210272873194,0.6682714819908142,0.6609282493591309,-0.00734323263168335,False
1415,355,credit_amount,1246.0,561.0,0.5497592295345104,0.6682714819908142,0.6742132902145386,0.005941808223724365,False
1416,355,credit_amount,1246.0,623.0,0.5,0.6682714819908142,0.6730387210845947,0.004767239093780518,False
1417,355,credit_amount,1246.0,685.0,0.45024077046548955,0.6682714819908142,0.6858344078063965,0.017562925815582275,False
1418,355,credit_amount,1246.0,748.0,0.3996789727126806,0.6682714819908142,0.6871007680892944,0.018829286098480225,False
1419,355,credit_amount,1246.0,810.0,0.34991974317817015,0.6682714819908142,0.6796278953552246,0.0113564133644104,False
1420,355,credit_amount,1246.0,872.0,0.3001605136436597,0.6682714819908142,0.6865439414978027,0.018272459506988525,False
1421,355,credit_amount,1246.0,934.0,0.2504012841091493,0.6682714819908142,0.6849166750907898,0.016645193099975586,False
1422,355,credit_amount,1246.0,997.0,0.1998394863563403,0.6682714819908142,0.6725839376449585,0.004312455654144287,False
1423,355,credit_amount,1246.0,1059.0,0.15008025682182985,0.6682714819908142,0.6753557920455933,0.007084310054779053,False
1424,355,credit_amount,1246.0,1121.0,0.10032102728731943,0.6682714819908142,0.678368091583252,0.010096609592437744,False
1425,355,credit_amount,1246.0,1184.0,0.04975922953451043,0.6682714819908142,0.6776532530784607,0.009381771087646484,False
1426,355,duration,24.0,4.0,0.8333333333333334,0.6682714819908142,0.3401916027069092,-0.32807987928390503,True
1427,355,duration,24.0,6.0,0.75,0.6682714819908142,0.3872944116592407,-0.2809770703315735,True
1428,355,duration,24.0,7.0,0.7083333333333334,0.6682714819908142,0.40121951699256897,-0.26705196499824524,True
1429,355,duration,24.0,8.0,0.6666666666666666,0.6682714819908142,0.42145758867263794,-0.24681389331817627,True
1430,355,duration,24.0,9.0,0.625,0.6682714819908142,0.46822959184646606,-0.20004189014434814,True
1431,355,duration,24.0,10.0,0.5833333333333334,0.6682714819908142,0.4812481701374054,-0.1870233118534088,True
1432,355,duration,24.0,11.0,0.5416666666666666,0.6682714819908142,0.4786856174468994,-0.1895858645439148,True
1433,355,duration,24.0,12.0,0.5,0.6682714819908142,0.5665502548217773,-0.10172122716903687,False
1434,355,duration,24.0,13.0,0.4583333333333333,0.6682714819908142,0.5433305501937866,-0.12494093179702759,False
1435,355,duration,24.0,14.0,0.4166666666666667,0.6682714819908142,0.5696432590484619,-0.0986282229423523,False
1436,355,duration,24.0,15.0,0.375,0.6682714819908142,0.587158203125,-0.08111327886581421,False
1437,355,duration,24.0,16.0,0.3333333333333333,0.6682714819908142,0.6170657277107239,-0.05120575428009033,False
1438,355,duration,24.0,18.0,0.25,0.6682714819908142,0.6461573839187622,-0.022114098072052002,False
1439,355,duration,24.0,20.0,0.16666666666666666,0.6682714819908142,0.6331202983856201,-0.03515118360519409,False
1440,355,duration,24.0,21.0,0.125,0.6682714819908142,0.6439794898033142,-0.0242919921875,False
1441,355,duration,24.0,22.0,0.08333333333333333,0.6682714819908142,0.6374337077140808,-0.0308377742767334,False
1442,522,credit_amount,7119.0,1780.0,0.7499648827082456,0.8143057823181152,0.8062744140625,-0.008031368255615234,False
1443,522,credit_amount,7119.0,2136.0,0.6999578592498946,0.8143057823181152,0.8119159936904907,-0.0023897886276245117,False
1444,522,credit_amount,7119.0,2492.0,0.6499508357915438,0.8143057823181152,0.8128301501274109,-0.0014756321907043457,False
1445,522,credit_amount,7119.0,2848.0,0.5999438123331928,0.8143057823181152,0.8111827373504639,-0.003123044967651367,False
1446,522,credit_amount,7119.0,3204.0,0.549936788874842,0.8143057823181152,0.8129358291625977,-0.0013699531555175781,False
1447,522,credit_amount,7119.0,3560.0,0.4999297654164911,0.8143057823181152,0.8107181787490845,-0.0035876035690307617,False
1448,522,credit_amount,7119.0,3915.0,0.450063211125158,0.8143057823181152,0.8138453960418701,-0.0004603862762451172,False
1449,522,credit_amount,7119.0,4271.0,0.4000561876668071,0.8143057823181152,0.8170754909515381,0.0027697086334228516,False
1450,522,credit_amount,7119.0,4627.0,0.3500491642084562,0.8143057823181152,0.8155661821365356,0.0012603998184204102,False
1451,522,credit_amount,7119.0,4983.0,0.3000421407501054,0.8143057823181152,0.8184447884559631,0.0041390061378479,False
1452,522,credit_amount,7119.0,5339.0,0.2500351172917545,0.8143057823181152,0.8140006065368652,-0.00030517578125,False
1453,522,credit_amount,7119.0,5695.0,0.20002809383340356,0.8143057823181152,0.8144369721412659,0.00013118982315063477,False
1454,522,credit_amount,7119.0,6051.0,0.1500210703750527,0.8143057823181152,0.8162825107574463,0.0019767284393310547,False
1455,522,credit_amount,7119.0,6407.0,0.10001404691670178,0.8143057823181152,0.815086841583252,0.0007810592651367188,False
1456,522,credit_amount,7119.0,6763.0,0.05000702345835089,0.8143057823181152,0.8115966320037842,-0.0027091503143310547,False
1457,522,duration,48.0,4.0,0.9166666666666666,0.8143057823181152,0.6833937764167786,-0.13091200590133667,False
1458,522,duration,48.0,6.0,0.875,0.8143057823181152,0.70353102684021,-0.11077475547790527,False
1459,522,duration,48.0,7.0,0.8541666666666666,0.8143057823181152,0.7036017179489136,-0.11070406436920166,False
1460,522,duration,48.0,8.0,0.8333333333333334,0.8143057823181152,0.7075186967849731,-0.10678708553314209,False
1461,522,duration,48.0,9.0,0.8125,0.8143057823181152,0.741334080696106,-0.07297170162200928,False
1462,522,duration,48.0,10.0,0.7916666666666666,0.8143057823181152,0.7295984625816345,-0.08470731973648071,False
1463,522,duration,48.0,11.0,0.7708333333333334,0.8143057823181152,0.7198201417922974,-0.09448564052581787,False
1464,522,duration,48.0,12.0,0.75,0.8143057823181152,0.7548730373382568,-0.0594327449798584,False
1465,522,duration,48.0,13.0,0.7291666666666666,0.8143057823181152,0.7356513738632202,-0.07865440845489502,False
1466,522,duration,48.0,14.0,0.7083333333333334,0.8143057823181152,0.7411295771598816,-0.07317620515823364,False
1467,522,duration,48.0,15.0,0.6875,0.8143057823181152,0.7494747638702393,-0.06483101844787598,False
1468,522,duration,48.0,16.0,0.6666666666666666,0.8143057823181152,0.7643232345581055,-0.049982547760009766,False
1469,522,duration,48.0,18.0,0.625,0.8143057823181152,0.7676033973693848,-0.04670238494873047,False
1470,522,duration,48.0,20.0,0.5833333333333334,0.8143057823181152,0.7547332644462585,-0.05957251787185669,False
1471,522,duration,48.0,21.0,0.5625,0.8143057823181152,0.7708162069320679,-0.04348957538604736,False
1472,522,duration,48.0,22.0,0.5416666666666666,0.8143057823181152,0.7588719129562378,-0.05543386936187744,False
1473,522,duration,48.0,24.0,0.5,0.8143057823181152,0.7788863182067871,-0.035419464111328125,False
1474,522,duration,48.0,26.0,0.4583333333333333,0.8143057823181152,0.7680183053016663,-0.046287477016448975,False
1475,522,duration,48.0,27.0,0.4375,0.8143057823181152,0.7778564691543579,-0.036449313163757324,False
1476,522,duration,48.0,28.0,0.4166666666666667,0.8143057823181152,0.7792016863822937,-0.03510409593582153,False
1477,522,duration,48.0,30.0,0.375,0.8143057823181152,0.7856056690216064,-0.02870011329650879,False
1478,522,duration,48.0,33.0,0.3125,0.8143057823181152,0.7863282561302185,-0.02797752618789673,False
1479,522,duration,48.0,36.0,0.25,0.8143057823181152,0.7994390726089478,-0.01486670970916748,False
1480,522,duration,48.0,39.0,0.1875,0.8143057823181152,0.7932857275009155,-0.021020054817199707,False
1481,522,duration,48.0,40.0,0.16666666666666666,0.8143057823181152,0.7990959882736206,-0.015209794044494629,False
1482,522,duration,48.0,42.0,0.125,0.8143057823181152,0.7946029901504517,-0.019702792167663574,False
1483,522,duration,48.0,45.0,0.0625,0.8143057823181152,0.7974957823753357,-0.01680999994277954,False
1484,522,duration,48.0,47.0,0.020833333333333332,0.8143057823181152,0.8017450571060181,-0.012560725212097168,False
