,seed,record_id,feature,shift,estimated_delta,true_delta,absolute_error
0,42,716,signal_1,-0.5,-0.17541217803955078,-0.1398068298310987,0.03560534820845207
1,42,716,signal_1,-0.25,-0.08894476294517517,-0.07745979013546622,0.011484972809708949
2,42,716,signal_1,0.25,0.0954141914844513,0.09047836735568143,0.004935824128769861
3,42,716,signal_1,0.5,0.22104990482330322,0.1888514177250098,0.03219848709829343
4,42,716,signal_2,-0.5,-0.1889134794473648,-0.18464688432406506,0.0042665951232997434
5,42,716,signal_2,-0.25,-0.10498270392417908,-0.10037773893745652,0.004604964986722554
6,42,716,signal_2,0.25,0.08288362622261047,0.09911370751359133,0.016230081290980858
7,42,716,signal_2,0.5,0.16076207160949707,0.181869687537216,0.021107615927718926
8,42,716,independent_noise,-0.5,-0.002688467502593994,0.0,0.002688467502593994
9,42,716,independent_noise,-0.25,0.0019307434558868408,0.0,0.0019307434558868408
10,42,716,independent_noise,0.25,-0.0063894689083099365,0.0,0.0063894689083099365
11,42,716,independent_noise,0.5,-0.0008573532104492188,0.0,0.0008573532104492188
12,42,716,correlated_proxy,-0.5,0.04406559467315674,0.0,0.04406559467315674
13,42,716,correlated_proxy,-0.25,0.02091321349143982,0.0,0.02091321349143982
14,42,716,correlated_proxy,0.25,-0.01371300220489502,0.0,0.01371300220489502
15,42,716,correlated_proxy,0.5,-0.021059274673461914,0.0,0.021059274673461914
16,42,594,signal_1,0.25,0.04375087283551693,0.011668924267208204,0.032081948568308725
17,42,594,signal_1,0.5,0.1218512412160635,0.028567066482282272,0.09328417473378123
18,42,594,signal_2,-0.5,0.0056533608585596085,0.012345915292673551,0.006692554434113943
19,42,594,signal_2,-0.25,0.002773566171526909,0.00706597832350013,0.004292412151973221
20,42,594,signal_2,0.25,-0.0034674350172281265,-0.007307239651162485,0.0038398046339343586
21,42,594,signal_2,0.5,-0.007253237999975681,-0.013615796527140721,0.00636255852716504
22,42,594,independent_noise,-0.5,-2.1813437342643738e-05,0.0,2.1813437342643738e-05
23,42,594,independent_noise,-0.25,-0.0009258855134248734,0.0,0.0009258855134248734
24,42,594,independent_noise,0.25,-0.0009072292596101761,0.0,0.0009072292596101761
25,42,594,independent_noise,0.5,0.0002572033554315567,0.0,0.0002572033554315567
26,42,594,correlated_proxy,-0.5,0.012206396088004112,0.0,0.012206396088004112
27,42,594,correlated_proxy,-0.25,0.004227837547659874,0.0,0.004227837547659874
28,42,594,correlated_proxy,0.25,-0.005211209878325462,0.0,0.005211209878325462
29,42,594,correlated_proxy,0.5,-0.007042167708277702,0.0,0.007042167708277702
30,42,915,signal_1,-0.5,-0.1956782042980194,-0.1973752233999037,0.0016970191018843006
31,42,915,signal_1,-0.25,-0.13370010256767273,-0.09870152824423811,0.03499857432343462
32,42,915,signal_2,-0.5,-0.37074440717697144,-0.36731342591217303,0.003430981264798405
33,42,915,signal_2,-0.25,-0.19685518741607666,-0.18543810846520098,0.011417078950875681
34,42,915,signal_2,0.25,0.16719621419906616,0.14225895937999755,0.02493725481906861
35,42,915,signal_2,0.5,0.2738606333732605,0.23362399325142336,0.04023664012183714
36,42,915,independent_noise,-0.5,0.0011237859725952148,0.0,0.0011237859725952148
37,42,915,independent_noise,-0.25,-0.001420438289642334,0.0,0.001420438289642334
38,42,915,independent_noise,0.25,0.0037848353385925293,0.0,0.0037848353385925293
39,42,915,independent_noise,0.5,0.010480225086212158,0.0,0.010480225086212158
40,42,915,correlated_proxy,-0.5,0.026046335697174072,0.0,0.026046335697174072
41,42,915,correlated_proxy,-0.25,0.01682955026626587,0.0,0.01682955026626587
42,42,915,correlated_proxy,0.25,-0.0015683770179748535,0.0,0.0015683770179748535
43,42,915,correlated_proxy,0.5,-0.01944178342819214,0.0,0.01944178342819214
44,42,432,signal_1,-0.5,-0.026471197605133057,-0.01637366120244779,0.010097536402685268
45,42,432,signal_1,-0.25,-0.015326831489801407,-0.009736740347558566,0.005590091142242841
46,42,432,signal_1,0.25,0.0214986652135849,0.014171001150554356,0.007327664063030544
47,42,432,signal_1,0.5,0.05510833114385605,0.034558353200988795,0.020549977942867254
48,42,432,signal_2,0.25,0.041497401893138885,0.0421254247129383,0.0006280228197994148
49,42,432,signal_2,0.5,0.12923070788383484,0.11998572417506854,0.009244983708766294
50,42,432,independent_noise,-0.5,3.288686275482178e-05,0.0,3.288686275482178e-05
51,42,432,independent_noise,-0.25,0.0011200308799743652,0.0,0.0011200308799743652
52,42,432,independent_noise,0.25,0.0010988898575305939,0.0,0.0010988898575305939
53,42,432,independent_noise,0.5,-0.00040610507130622864,0.0,0.00040610507130622864
54,42,432,correlated_proxy,-0.5,0.017725534737110138,0.0,0.017725534737110138
55,42,432,correlated_proxy,-0.25,0.0071157291531562805,0.0,0.0071157291531562805
56,42,432,correlated_proxy,0.25,-0.005888484418392181,0.0,0.005888484418392181
57,42,432,correlated_proxy,0.5,-0.010478053241968155,0.0,0.010478053241968155
58,42,688,signal_1,-0.5,-0.17469477653503418,-0.14773745641878766,0.02695732011624652
59,42,688,signal_1,-0.25,-0.07562762498855591,-0.06644811670060291,0.009179508287952998
60,42,688,signal_1,0.25,0.059219300746917725,0.05150497297876211,0.0077143277681556155
61,42,688,signal_1,0.5,0.10380172729492188,0.08980667649433527,0.013995050800586606
62,42,688,signal_2,-0.5,-0.05397629737854004,-0.06377907254393633,0.009802775165396294
63,42,688,signal_2,-0.25,-0.014209628105163574,-0.02195637836390496,0.007746750258741386
64,42,688,signal_2,0.25,0.018870174884796143,0.00620116611082544,0.012669008773970702
65,42,688,signal_2,0.5,0.014966368675231934,-0.002135838056164685,0.01710220673139662
66,42,688,independent_noise,-0.5,-0.0021498799324035645,0.0,0.0021498799324035645
67,42,688,independent_noise,-0.25,-0.007702231407165527,0.0,0.007702231407165527
68,42,688,independent_noise,0.25,-0.006506800651550293,0.0,0.006506800651550293
69,42,688,independent_noise,0.5,0.003698110580444336,0.0,0.003698110580444336
70,42,688,correlated_proxy,-0.5,0.012533307075500488,0.0,0.012533307075500488
71,42,688,correlated_proxy,-0.25,0.006371259689331055,0.0,0.006371259689331055
72,42,688,correlated_proxy,0.25,-0.0052623748779296875,0.0,0.0052623748779296875
73,42,688,correlated_proxy,0.5,-0.0008916854858398438,0.0,0.0008916854858398438
74,42,708,signal_1,-0.5,-0.09150048345327377,-0.11611494517912525,0.02461446172585148
75,42,708,signal_1,-0.25,-0.05286046862602234,-0.06549585504292918,0.01263538641690684
76,42,708,signal_1,0.25,0.08648951351642609,0.08041794692092899,0.0060715665954970965
77,42,708,signal_1,0.5,0.17810674011707306,0.17303884413738443,0.005067895979688625
78,42,708,signal_2,-0.5,0.13407857716083527,0.11436182893967675,0.019716748221158514
79,42,708,signal_2,-0.25,0.0808132141828537,0.06446822585572601,0.01634498832712769
80,42,708,signal_2,0.25,-0.07833649218082428,-0.06920576147662477,0.009130730704199508
81,42,708,independent_noise,-0.5,-0.0019775032997131348,0.0,0.0019775032997131348
82,42,708,independent_noise,-0.25,-0.005444124341011047,0.0,0.005444124341011047
83,42,708,independent_noise,0.25,-0.003466382622718811,0.0,0.003466382622718811
84,42,708,independent_noise,0.5,-0.0019042342901229858,0.0,0.0019042342901229858
85,42,708,correlated_proxy,-0.5,-0.02205750346183777,0.0,0.02205750346183777
86,42,708,correlated_proxy,-0.25,-0.016747847199440002,0.0,0.016747847199440002
87,42,708,correlated_proxy,0.25,0.012001022696495056,0.0,0.012001022696495056
88,42,708,correlated_proxy,0.5,0.045608893036842346,0.0,0.045608893036842346
89,42,995,signal_1,-0.5,-0.21279236674308777,-0.15599353668887495,0.05679883005421282
90,42,995,signal_1,-0.25,-0.10466751456260681,-0.08515685913410337,0.019510655428503443
91,42,995,signal_1,0.25,0.13529789447784424,0.09567861082118584,0.0396192836566584
92,42,995,signal_1,0.5,0.25289714336395264,0.19534517813650498,0.057551965227447655
93,42,995,signal_2,-0.5,0.027659863233566284,0.03781623525142458,0.010156372017858295
94,42,995,signal_2,-0.25,0.027305006980895996,0.03045620951496042,0.0031512025340644234
95,42,995,signal_2,0.25,-0.03943789005279541,-0.05078400196452093,0.01134611191172552
96,42,995,signal_2,0.5,-0.13093292713165283,-0.11569122892628134,0.015241698205371496
97,42,995,independent_noise,-0.5,0.009888947010040283,0.0,0.009888947010040283
98,42,995,independent_noise,-0.25,0.0025136470794677734,0.0,0.0025136470794677734
99,42,995,independent_noise,0.25,0.016800880432128906,0.0,0.016800880432128906
100,42,995,independent_noise,0.5,0.009331196546554565,0.0,0.009331196546554565
101,42,995,correlated_proxy,-0.5,0.11913442611694336,0.0,0.11913442611694336
102,42,995,correlated_proxy,-0.25,0.06702837347984314,0.0,0.06702837347984314
103,42,995,correlated_proxy,0.25,-0.050608158111572266,0.0,0.050608158111572266
104,42,995,correlated_proxy,0.5,-0.09378358721733093,0.0,0.09378358721733093
105,42,700,signal_1,-0.5,-0.031078439205884933,-0.03409466105597707,0.003016221850092135
106,42,700,signal_1,-0.25,-0.01628563553094864,-0.020118023516274536,0.003832387985325897
107,42,700,signal_1,0.25,0.03271152451634407,0.02848714856869644,0.0042243759476476295
108,42,700,signal_1,0.5,0.08802970126271248,0.06790257688987654,0.02012712437283594
109,42,700,signal_2,-0.5,0.04443010315299034,0.055524283377742956,0.011094180224752614
110,42,700,signal_2,-0.25,0.02456047013401985,0.027950358378807605,0.003389888244787753
111,42,700,signal_2,0.25,-0.014854855835437775,-0.02386525346598878,0.009010397630551004
112,42,700,independent_noise,-0.5,0.0017015375196933746,0.0,0.0017015375196933746
113,42,700,independent_noise,-0.25,-0.0012709982693195343,0.0,0.0012709982693195343
114,42,700,independent_noise,0.25,0.0013062618672847748,0.0,0.0013062618672847748
115,42,700,independent_noise,0.5,0.0013492442667484283,0.0,0.0013492442667484283
116,42,700,correlated_proxy,-0.5,0.03350508585572243,0.0,0.03350508585572243
117,42,700,correlated_proxy,-0.25,0.013792451471090317,0.0,0.013792451471090317
118,42,700,correlated_proxy,0.25,-0.007756274193525314,0.0,0.007756274193525314
119,42,700,correlated_proxy,0.5,-0.007245827466249466,0.0,0.007245827466249466
120,42,779,signal_1,-0.5,-0.1488879919052124,-0.12370288230485094,0.025185109600361466
121,42,779,signal_1,-0.25,-0.07447659969329834,-0.05430023355376057,0.02017636613953777
122,42,779,signal_1,0.25,0.05280148983001709,0.04066998815219025,0.01213150167782684
123,42,779,signal_1,0.5,0.08911383152008057,0.07014632350330141,0.018967508016779155
124,42,779,signal_2,-0.5,-0.10868966579437256,-0.11485600151865383,0.006166335724281269
125,42,779,signal_2,-0.25,-0.04242020845413208,-0.04325032159362274,0.0008301131394906625
126,42,779,signal_2,0.25,0.015684306621551514,0.02458301542063479,0.008898708799083277
127,42,779,signal_2,0.5,0.03420591354370117,0.036568432262750306,0.0023625187190491337
128,42,779,independent_noise,-0.5,-0.006178677082061768,0.0,0.006178677082061768
129,42,779,independent_noise,-0.25,-0.004578590393066406,0.0,0.004578590393066406
130,42,779,independent_noise,0.25,0.004222691059112549,0.0,0.004222691059112549
131,42,779,independent_noise,0.5,0.0016069412231445312,0.0,0.0016069412231445312
132,42,779,correlated_proxy,-0.5,0.010144829750061035,0.0,0.010144829750061035
133,42,779,correlated_proxy,-0.25,0.005437374114990234,0.0,0.005437374114990234
134,42,779,correlated_proxy,0.25,-0.012809932231903076,0.0,0.012809932231903076
135,42,779,correlated_proxy,0.5,-0.003343045711517334,0.0,0.003343045711517334
136,42,689,signal_1,-0.5,-0.2283182144165039,-0.1595137575700102,0.0688044568464937
137,42,689,signal_1,-0.25,-0.1124594509601593,-0.08676272272459684,0.02569672823556246
138,42,689,signal_1,0.25,0.11522567272186279,0.09658858454800129,0.018637088173861505
139,42,689,signal_1,0.5,0.22983241081237793,0.19621097342615196,0.03362143738622597
140,42,689,signal_2,-0.5,-0.18577870726585388,-0.18809524619835663,0.0023165389325027486
141,42,689,signal_2,-0.25,-0.08158835768699646,-0.09526852132247976,0.0136801636354833
142,42,689,signal_2,0.25,0.060693204402923584,0.08242112775466737,0.021727923351743783
143,42,689,signal_2,0.5,0.10497075319290161,0.14292620284602203,0.03795544965312042
144,42,689,independent_noise,-0.5,0.002300739288330078,0.0,0.002300739288330078
145,42,689,independent_noise,-0.25,0.0031052827835083008,0.0,0.0031052827835083008
146,42,689,independent_noise,0.25,0.00834605097770691,0.0,0.00834605097770691
147,42,689,independent_noise,0.5,0.0057547688484191895,0.0,0.0057547688484191895
148,42,689,correlated_proxy,-0.5,0.08388260006904602,0.0,0.08388260006904602
149,42,689,correlated_proxy,-0.25,0.03800132870674133,0.0,0.03800132870674133
150,42,689,correlated_proxy,0.25,-0.016863882541656494,0.0,0.016863882541656494
151,42,689,correlated_proxy,0.5,-0.03859913349151611,0.0,0.03859913349151611
152,42,606,signal_1,-0.5,-0.1948780119419098,-0.1833107811627558,0.011567230779154003
153,42,606,signal_1,-0.25,-0.09818577766418457,-0.08673647406497631,0.01144930359920826
154,42,606,signal_1,0.25,0.10419660806655884,0.07271923488255927,0.03147737318399957
155,42,606,signal_1,0.5,0.2204982042312622,0.13024969439921885,0.09024850983204336
156,42,606,signal_2,-0.5,0.21488773822784424,0.13476447448152795,0.08012326374631629
157,42,606,signal_2,-0.25,0.1511908769607544,0.08359908040784125,0.06759179655291314
158,42,606,independent_noise,-0.5,-0.007081210613250732,0.0,0.007081210613250732
159,42,606,independent_noise,-0.25,-0.0032770633697509766,0.0,0.0032770633697509766
160,42,606,independent_noise,0.25,-0.004803597927093506,0.0,0.004803597927093506
161,42,606,independent_noise,0.5,-0.005391359329223633,0.0,0.005391359329223633
162,42,606,correlated_proxy,-0.5,0.03348499536514282,0.0,0.03348499536514282
163,42,606,correlated_proxy,-0.25,0.019977688789367676,0.0,0.019977688789367676
164,42,606,correlated_proxy,0.25,-0.009257376194000244,0.0,0.009257376194000244
165,42,606,correlated_proxy,0.5,-0.028625965118408203,0.0,0.028625965118408203
166,42,749,signal_1,-0.5,-0.15843069553375244,-0.13687360942150983,0.021557086112242607
167,42,749,signal_1,-0.25,-0.07108950614929199,-0.06085509750319418,0.010234408646097815
168,42,749,signal_1,0.25,0.05812335014343262,0.04639682505408205,0.01172652508935057
169,42,749,signal_1,0.5,0.10512727499008179,0.08047167951899359,0.0246555954710882
170,42,749,signal_2,-0.5,-0.14968258142471313,-0.13927204603456167,0.010410535390151465
171,42,749,signal_2,-0.25,-0.05591994524002075,-0.05337163892279406,0.0025483063172266895
172,42,749,signal_2,0.25,0.024980902671813965,0.03121523341614152,0.006234330744327554
173,42,749,signal_2,0.5,0.04003024101257324,0.04753609643621404,0.007505855423640795
174,42,749,independent_noise,0.25,0.003408670425415039,0.0,0.003408670425415039
175,42,749,independent_noise,0.5,-0.0009378194808959961,0.0,0.0009378194808959961
176,42,749,correlated_proxy,-0.5,0.006566047668457031,0.0,0.006566047668457031
177,42,749,correlated_proxy,-0.25,0.008767008781433105,0.0,0.008767008781433105
178,42,749,correlated_proxy,0.25,-0.004735350608825684,0.0,0.004735350608825684
179,42,749,correlated_proxy,0.5,-0.006652534008026123,0.0,0.006652534008026123
180,42,772,signal_1,-0.5,-0.2510382831096649,-0.19658619021255086,0.05445209289711406
181,42,772,signal_1,-0.25,-0.12491226196289062,-0.09704186519195712,0.027870396770933503
182,42,772,signal_1,0.25,0.08587867021560669,0.08761742393293548,0.0017387537173287893
183,42,772,signal_1,0.5,0.17455214262008667,0.16141394750896543,0.013138195111121242
184,42,772,signal_2,-0.5,-0.07228559255599976,-0.05531438078693163,0.01697121176906813
185,42,772,signal_2,-0.25,-0.037006914615631104,-0.015414742548799931,0.021592172066831172
186,42,772,signal_2,0.25,-0.0065915584564208984,-0.008073967231682744,0.0014824087752618453
187,42,772,signal_2,0.5,-0.01763397455215454,-0.04018819361088277,0.02255421905872823
188,42,772,independent_noise,-0.5,-0.0096052885055542,0.0,0.0096052885055542
189,42,772,independent_noise,-0.25,-0.013062655925750732,0.0,0.013062655925750732
190,42,772,independent_noise,0.25,-0.010168969631195068,0.0,0.010168969631195068
191,42,772,correlated_proxy,-0.5,0.005146026611328125,0.0,0.005146026611328125
192,42,772,correlated_proxy,-0.25,-0.0019154548645019531,0.0,0.0019154548645019531
193,42,772,correlated_proxy,0.25,-0.012207865715026855,0.0,0.012207865715026855
194,42,772,correlated_proxy,0.5,-0.025085270404815674,0.0,0.025085270404815674
195,42,168,signal_1,-0.5,-0.10373055189847946,-0.08320746551253183,0.02052308638594763
196,42,168,signal_1,-0.25,-0.07019712030887604,-0.04790091818480459,0.02229620212407145
197,42,168,signal_1,0.25,0.080921471118927,0.06252738426603632,0.01839408685289068
198,42,168,signal_1,0.5,0.18760430812835693,0.14015969866891842,0.047444609459438514
199,42,168,signal_2,-0.5,0.035742610692977905,0.05755507143215949,0.021812460739181583
200,42,168,signal_2,-0.25,0.032056063413619995,0.03499810347871979,0.0029420400650997935
201,42,168,signal_2,0.25,-0.03847283124923706,-0.0411166012785886,0.0026437700293515387
202,42,168,signal_2,0.5,-0.07022401690483093,-0.08104960637334818,0.01082558946851725
203,42,168,independent_noise,-0.5,-0.003944858908653259,0.0,0.003944858908653259
204,42,168,independent_noise,-0.25,-0.0014484226703643799,0.0,0.0014484226703643799
205,42,168,independent_noise,0.25,-0.004040777683258057,0.0,0.004040777683258057
206,42,168,independent_noise,0.5,-0.003488898277282715,0.0,0.003488898277282715
207,42,168,correlated_proxy,-0.5,0.08528709411621094,0.0,0.08528709411621094
208,42,168,correlated_proxy,-0.25,0.038611218333244324,0.0,0.038611218333244324
209,42,168,correlated_proxy,0.25,-0.03234602510929108,0.0,0.03234602510929108
210,42,168,correlated_proxy,0.5,-0.03710147738456726,0.0,0.03710147738456726
211,42,152,signal_1,-0.5,-0.0008354431483894587,-0.0011774942513259523,0.00034205110293649365
212,42,152,signal_1,-0.25,-0.00028380192816257477,-0.0007046176018414131,0.00042081567367883836
213,42,152,signal_1,0.25,0.0012275653425604105,0.001049319610922565,0.0001782457316378454
214,42,152,signal_1,0.5,0.003243186743929982,0.002610625081655498,0.0006325616622744842
215,42,152,signal_2,-0.25,-0.0007191274780780077,-0.0012873446283961283,0.0005682171503181206
216,42,152,signal_2,0.25,0.0015431761275976896,0.0027121570335990014,0.0011689809060013118
217,42,152,signal_2,0.5,0.003276801435276866,0.007790312551107435,0.004513511115830569
218,42,152,independent_noise,-0.5,0.0001258163247257471,0.0,0.0001258163247257471
219,42,152,independent_noise,-0.25,0.00023463857360184193,0.0,0.00023463857360184193
220,42,152,independent_noise,0.25,0.0003731024917215109,0.0,0.0003731024917215109
221,42,152,independent_noise,0.5,0.0003476806450635195,0.0,0.0003476806450635195
222,42,152,correlated_proxy,-0.5,0.00018471945077180862,0.0,0.00018471945077180862
223,42,152,correlated_proxy,-0.25,-5.4418109357357025e-05,0.0,5.4418109357357025e-05
224,42,152,correlated_proxy,0.25,0.0009648518171161413,0.0,0.0009648518171161413
225,42,152,correlated_proxy,0.5,0.0018132159020751715,0.0,0.0018132159020751715
226,42,988,signal_1,-0.5,-0.035695893689990044,-0.03704362716953757,0.0013477334795475235
227,42,988,signal_1,-0.25,-0.018499191850423813,-0.02182880544642482,0.0033296135960010076
228,42,988,signal_1,0.25,0.03266923874616623,0.030766217552036165,0.001903021194130064
229,42,988,signal_1,0.5,0.08132641762495041,0.07306014819097056,0.008266269433979845
230,42,988,signal_2,-0.5,0.07268135994672775,0.08696495888675373,0.014283598940025982
231,42,988,signal_2,-0.25,0.03273051232099533,0.0406171782392756,0.007886665918280272
232,42,988,independent_noise,-0.5,0.004886306822299957,0.0,0.004886306822299957
233,42,988,independent_noise,-0.25,-0.0010628364980220795,0.0,0.0010628364980220795
234,42,988,independent_noise,0.25,-0.000851169228553772,0.0,0.000851169228553772
235,42,988,independent_noise,0.5,-0.0029225721955299377,0.0,0.0029225721955299377
236,42,988,correlated_proxy,-0.5,0.028282739222049713,0.0,0.028282739222049713
237,42,988,correlated_proxy,-0.25,0.011115700006484985,0.0,0.011115700006484985
238,42,988,correlated_proxy,0.25,-0.00400688499212265,0.0,0.00400688499212265
239,42,988,correlated_proxy,0.5,-0.007773004472255707,0.0,0.007773004472255707
240,42,993,signal_1,-0.5,-0.00129878637380898,-0.0013068746577411664,8.088283932186418e-06
241,42,993,signal_1,-0.25,-0.0010432088747620583,-0.0007819986233515556,0.00026121025141050266
242,42,993,signal_1,0.25,0.001337885856628418,0.001164330638050444,0.000173555218577974
243,42,993,signal_1,0.5,0.0036609256640076637,0.002896265113233456,0.0007646605507742078
244,42,993,signal_2,-0.25,-0.0007381262257695198,-0.00146569268578609,0.0007275664600165702
245,42,993,signal_2,0.25,0.0027306540869176388,0.0032260626425077822,0.0004954085555901435
246,42,993,signal_2,0.5,0.00571751594543457,0.009538482148028087,0.003820966202593517
247,42,993,independent_noise,-0.5,-0.0001996331848204136,0.0,0.0001996331848204136
248,42,993,independent_noise,-0.25,-0.0001327265053987503,0.0,0.0001327265053987503
249,42,993,independent_noise,0.25,0.00026592938229441643,0.0,0.00026592938229441643
250,42,993,independent_noise,0.5,0.00011664722114801407,0.0,0.00011664722114801407
251,42,993,correlated_proxy,-0.5,-0.0002765851095318794,0.0,0.0002765851095318794
252,42,993,correlated_proxy,-0.25,-0.0005499748513102531,0.0,0.0005499748513102531
253,42,993,correlated_proxy,0.25,0.0009171860292553902,0.0,0.0009171860292553902
254,42,993,correlated_proxy,0.5,0.002249447163194418,0.0,0.002249447163194418
255,42,628,signal_1,-0.5,-0.06084991246461868,-0.051082378772944,0.009767533691674685
256,42,628,signal_1,-0.25,-0.03322345018386841,-0.029903330438213166,0.0033201197456552423
257,42,628,signal_1,0.25,0.04199475795030594,0.04120907393858657,0.0007856840117193703
258,42,628,signal_1,0.5,0.1029125228524208,0.09613876678535711,0.006773756067063694
259,42,628,signal_2,-0.5,-0.07693472132086754,-0.07646940280615203,0.00046531851471551255
260,42,628,signal_2,-0.25,-0.05144048109650612,-0.04938911755140209,0.002051363545104032
261,42,628,signal_2,0.25,0.07329688221216202,0.07554664114095704,0.0022497589287950176
262,42,628,signal_2,0.5,0.18120751529932022,0.17096059262238894,0.01024692267693128
263,42,628,independent_noise,-0.5,0.0024694427847862244,0.0,0.0024694427847862244
264,42,628,independent_noise,-0.25,-0.0020678117871284485,0.0,0.0020678117871284485
265,42,628,independent_noise,0.25,0.0005765929818153381,0.0,0.0005765929818153381
266,42,628,independent_noise,0.5,0.0009297430515289307,0.0,0.0009297430515289307
267,42,628,correlated_proxy,-0.5,0.02350025624036789,0.0,0.02350025624036789
268,42,628,correlated_proxy,-0.25,0.008382514119148254,0.0,0.008382514119148254
269,42,628,correlated_proxy,0.25,-0.007228277623653412,0.0,0.007228277623653412
270,42,628,correlated_proxy,0.5,-0.009947992861270905,0.0,0.009947992861270905
271,42,778,signal_1,-0.5,-0.21551215648651123,-0.19568522433687796,0.01982693214963327
272,42,778,signal_1,-0.25,-0.1233024001121521,-0.09602004572770595,0.02728235438444615
273,42,778,signal_1,0.25,0.07575392723083496,0.08574461549586443,0.009990688265029468
274,42,778,signal_1,0.5,0.15888309478759766,0.15727484832074579,0.0016082464668518703
275,42,778,signal_2,-0.5,-0.32137101888656616,-0.27810437604823396,0.0432666428383322
276,42,778,signal_2,-0.25,-0.14564061164855957,-0.12621021650346687,0.019430395145092705
277,42,778,signal_2,0.25,0.06548774242401123,0.08993208750242543,0.024444345078414198
278,42,778,signal_2,0.5,0.13074547052383423,0.147948510863115,0.017203040339280773
279,42,778,independent_noise,-0.5,-0.01353001594543457,0.0,0.01353001594543457
280,42,778,independent_noise,-0.25,-0.012696623802185059,0.0,0.012696623802185059
281,42,778,independent_noise,0.25,-0.015360891819000244,0.0,0.015360891819000244
282,42,778,independent_noise,0.5,-0.023665666580200195,0.0,0.023665666580200195
283,42,778,correlated_proxy,-0.5,-0.00842207670211792,0.0,0.00842207670211792
284,42,778,correlated_proxy,-0.25,-0.011536061763763428,0.0,0.011536061763763428
285,42,778,correlated_proxy,0.25,-0.01959162950515747,0.0,0.01959162950515747
286,42,778,correlated_proxy,0.5,-0.014932870864868164,0.0,0.014932870864868164
287,42,602,signal_1,-0.5,-0.08544790744781494,-0.07759375244713085,0.007854155000684093
288,42,602,signal_1,-0.25,-0.03544032573699951,-0.03278528365726119,0.0026550420797383234
289,42,602,signal_1,0.25,0.025872886180877686,0.02335907099245116,0.002513815188426527
290,42,602,signal_2,-0.5,-0.005877673625946045,-0.0058188938151338965,5.877981081214845e-05
291,42,602,signal_2,-0.25,0.00014001131057739258,0.0006424946219358851,0.0005024833113584926
292,42,602,signal_2,0.25,-0.0022655725479125977,-0.007916192122596422,0.005650619574683824
293,42,602,signal_2,0.5,-0.015545010566711426,-0.025229089924670656,0.00968407935795923
294,42,602,independent_noise,-0.5,0.0028719305992126465,0.0,0.0028719305992126465
295,42,602,independent_noise,-0.25,0.0029872655868530273,0.0,0.0029872655868530273
296,42,602,independent_noise,0.25,0.0008868575096130371,0.0,0.0008868575096130371
297,42,602,independent_noise,0.5,0.004815220832824707,0.0,0.004815220832824707
298,42,602,correlated_proxy,-0.5,0.004387021064758301,0.0,0.004387021064758301
299,42,602,correlated_proxy,-0.25,0.0038234591484069824,0.0,0.0038234591484069824
300,42,602,correlated_proxy,0.25,0.0002619028091430664,0.0,0.0002619028091430664
301,42,602,correlated_proxy,0.5,-0.003145277500152588,0.0,0.003145277500152588
302,42,402,signal_1,-0.5,-0.16833141446113586,-0.19734630328279146,0.029014888821655593
303,42,402,signal_1,-0.25,-0.08180207014083862,-0.09891403042270658,0.017111960281867955
304,42,402,signal_1,0.25,0.07119715213775635,0.0919282122828875,0.020731060145131153
305,42,402,signal_1,0.5,0.17214590311050415,0.1713649609834471,0.0007809421270570382
306,42,402,signal_2,-0.5,0.2539762258529663,0.18025967110349295,0.07371655474947336
307,42,402,signal_2,-0.25,0.15975189208984375,0.1078930201600431,0.051858871929800654
308,42,402,independent_noise,-0.5,-0.013215303421020508,0.0,0.013215303421020508
309,42,402,independent_noise,-0.25,-0.015215456485748291,0.0,0.015215456485748291
310,42,402,independent_noise,0.25,0.003953099250793457,0.0,0.003953099250793457
311,42,402,independent_noise,0.5,-0.013625144958496094,0.0,0.013625144958496094
312,42,402,correlated_proxy,-0.5,0.026792585849761963,0.0,0.026792585849761963
313,42,402,correlated_proxy,-0.25,0.010118424892425537,0.0,0.010118424892425537
314,42,402,correlated_proxy,0.25,-0.01563960313796997,0.0,0.01563960313796997
315,42,402,correlated_proxy,0.5,-0.010668754577636719,0.0,0.010668754577636719
316,42,812,signal_1,-0.5,-0.06018096208572388,-0.05345175110606348,0.006729210979660394
317,42,812,signal_1,-0.25,-0.028287649154663086,-0.022197448128912667,0.006090201025750419
318,42,812,signal_2,-0.5,-1.430511474609375e-05,0.005555884528226973,0.005570189642973067
319,42,812,signal_2,-0.25,0.000930488109588623,0.0049904748513498465,0.004059986741761223
320,42,812,signal_2,0.25,-0.004513859748840332,-0.010881079804008098,0.006367220055167766
321,42,812,signal_2,0.5,-0.01736515760421753,-0.03103986066619535,0.013674703061977822
322,42,812,independent_noise,-0.5,-0.0004621148109436035,0.0,0.0004621148109436035
323,42,812,independent_noise,-0.25,-6.598234176635742e-05,0.0,6.598234176635742e-05
324,42,812,independent_noise,0.25,1.4424324035644531e-05,0.0,1.4424324035644531e-05
325,42,812,independent_noise,0.5,0.0009957551956176758,0.0,0.0009957551956176758
326,42,812,correlated_proxy,-0.5,-0.001513361930847168,0.0,0.001513361930847168
327,42,812,correlated_proxy,-0.25,0.0003046393394470215,0.0,0.0003046393394470215
328,42,812,correlated_proxy,0.25,-0.00035876035690307617,0.0,0.00035876035690307617
329,42,812,correlated_proxy,0.5,-0.0011459589004516602,0.0,0.0011459589004516602
330,42,813,signal_1,-0.5,-0.14110905677080154,-0.08545610209811788,0.05565295467268366
331,42,813,signal_1,-0.25,-0.07744660973548889,-0.04913285274804856,0.028313756987440333
332,42,813,signal_1,0.25,0.08159524202346802,0.06388140020555608,0.01771384181791194
333,42,813,signal_1,0.5,0.18059059977531433,0.14279711385917657,0.037793485916137765
334,42,813,signal_2,-0.5,-0.173991858959198,-0.12551937565301002,0.048472483306187975
335,42,813,signal_2,-0.25,-0.1080576479434967,-0.07707921459891015,0.030978433344586553
336,42,813,signal_2,0.25,0.13274472951889038,0.10068922969329866,0.03205549982559172
337,42,813,signal_2,0.5,0.23905986547470093,0.20850188789413202,0.030557977580568912
338,42,813,independent_noise,0.25,-0.002214580774307251,0.0,0.002214580774307251
339,42,813,independent_noise,0.5,-0.002407163381576538,0.0,0.002407163381576538
340,42,813,correlated_proxy,-0.5,0.07990685105323792,0.0,0.07990685105323792
341,42,813,correlated_proxy,-0.25,0.03339490294456482,0.0,0.03339490294456482
342,42,813,correlated_proxy,0.25,-0.02793481945991516,0.0,0.02793481945991516
343,42,813,correlated_proxy,0.5,-0.052629053592681885,0.0,0.052629053592681885
344,42,401,signal_1,-0.5,-0.07333523035049438,-0.08242667878441148,0.009091448433917099
345,42,401,signal_1,-0.25,-0.046482302248477936,-0.047472238779830714,0.000989936531352778
346,42,401,signal_1,0.25,0.1022200733423233,0.06205290082230569,0.04016717252001761
347,42,401,signal_2,-0.25,-0.08470714092254639,-0.09437950207584357,0.009672361153297185
348,42,401,signal_2,0.25,0.13984104990959167,0.15505645848861385,0.015215408579022177
349,42,401,signal_2,0.5,0.3417947590351105,0.33978675525156055,0.0020080037835499276
350,42,401,independent_noise,-0.5,-0.006905227899551392,0.0,0.006905227899551392
351,42,401,independent_noise,-0.25,0.0008159279823303223,0.0,0.0008159279823303223
352,42,401,independent_noise,0.25,0.005872666835784912,0.0,0.005872666835784912
353,42,401,independent_noise,0.5,0.001085728406906128,0.0,0.001085728406906128
354,42,401,correlated_proxy,-0.5,0.017115965485572815,0.0,0.017115965485572815
355,42,401,correlated_proxy,-0.25,0.010778456926345825,0.0,0.010778456926345825
356,42,401,correlated_proxy,0.25,0.0008582323789596558,0.0,0.0008582323789596558
357,42,401,correlated_proxy,0.5,-0.008205100893974304,0.0,0.008205100893974304
358,42,24,signal_1,-0.5,-0.13410258293151855,-0.13233889615551897,0.0017636867759995845
359,42,24,signal_1,-0.25,-0.05763828754425049,-0.05857266656786497,0.0009343790236144844
360,42,24,signal_1,0.25,0.047774314880371094,0.04437336289934957,0.003400951981021527
361,42,24,signal_1,0.5,0.09159934520721436,0.0768073328497384,0.014792012357475959
362,42,24,signal_2,-0.5,-0.04828864336013794,-0.01851733814729495,0.02977130521284299
363,42,24,signal_2,-0.25,-0.009176850318908691,-0.0024474043037737703,0.006729446015134921
364,42,24,signal_2,0.25,0.000601351261138916,-0.010655814371935302,0.011257165633074218
365,42,24,signal_2,0.5,-0.027400851249694824,-0.036657700123753245,0.009256848874058421
366,42,24,independent_noise,-0.5,0.004882752895355225,0.0,0.004882752895355225
367,42,24,independent_noise,-0.25,0.004682481288909912,0.0,0.004682481288909912
368,42,24,independent_noise,0.25,0.0027982592582702637,0.0,0.0027982592582702637
369,42,24,independent_noise,0.5,0.00012230873107910156,0.0,0.00012230873107910156
370,42,24,correlated_proxy,-0.5,0.002920389175415039,0.0,0.002920389175415039
371,42,24,correlated_proxy,-0.25,0.005558013916015625,0.0,0.005558013916015625
372,42,24,correlated_proxy,0.25,-0.0031354427337646484,0.0,0.0031354427337646484
373,42,24,correlated_proxy,0.5,0.008949637413024902,0.0,0.008949637413024902
374,42,870,signal_1,-0.5,-0.18546485900878906,-0.19182952475118098,0.006364665742391917
375,42,870,signal_1,-0.25,-0.09236443042755127,-0.09914991826975189,0.0067854878422006215
376,42,870,signal_1,0.25,0.10610336065292358,0.09808288779629493,0.008020472856628658
377,42,870,signal_1,0.5,0.21721744537353516,0.18787516618718403,0.029342279186351128
378,42,870,signal_2,-0.5,-0.30257555842399597,-0.28663311258433344,0.015942445839662533
379,42,870,signal_2,-0.25,-0.16776546835899353,-0.14436351919601415,0.023401949162979385
380,42,870,signal_2,0.25,0.11440277099609375,0.11920250708428382,0.004799736088190065
381,42,870,signal_2,0.5,0.19794201850891113,0.20430000441283758,0.006357985903926444
382,42,870,independent_noise,-0.5,0.006731212139129639,0.0,0.006731212139129639
383,42,870,independent_noise,-0.25,0.010043025016784668,0.0,0.010043025016784668
384,42,870,independent_noise,0.25,0.004671335220336914,0.0,0.004671335220336914
385,42,870,independent_noise,0.5,0.014254271984100342,0.0,0.014254271984100342
386,42,870,correlated_proxy,-0.5,0.025558054447174072,0.0,0.025558054447174072
387,42,870,correlated_proxy,-0.25,0.013810276985168457,0.0,0.013810276985168457
388,42,870,correlated_proxy,0.25,-0.01670747995376587,0.0,0.01670747995376587
389,42,870,correlated_proxy,0.5,-0.005689442157745361,0.0,0.005689442157745361
390,42,461,signal_1,-0.5,-0.026678629219532013,-0.04224495002669672,0.015566320807164705
391,42,461,signal_1,-0.25,-0.017433714121580124,-0.024834046517135874,0.00740033239555575
392,42,461,signal_1,0.25,0.026459306478500366,0.0347138414148611,0.008254534936360733
393,42,461,signal_1,0.5,0.0680655986070633,0.08189255987525536,0.013826961268192065
394,42,461,signal_2,-0.5,-0.011679483577609062,-0.030756633517322947,0.019077149939713885
395,42,461,signal_2,-0.25,-0.007131058722734451,-0.014120851711754062,0.006989792989019611
396,42,461,signal_2,0.25,0.007019400596618652,0.008469577588872804,0.0014501769922541513
397,42,461,signal_2,0.5,0.009392857551574707,0.009296094757835882,9.67627937388249e-05
398,42,461,independent_noise,-0.5,-0.0005281344056129456,0.0,0.0005281344056129456
399,42,461,independent_noise,-0.25,-7.42301344871521e-05,0.0,7.42301344871521e-05
400,42,461,independent_noise,0.25,-0.0016137808561325073,0.0,0.0016137808561325073
401,42,461,independent_noise,0.5,0.0010841302573680878,0.0,0.0010841302573680878
402,42,461,correlated_proxy,-0.5,0.017387639731168747,0.0,0.017387639731168747
403,42,461,correlated_proxy,-0.25,0.006299637258052826,0.0,0.006299637258052826
404,42,461,correlated_proxy,0.25,0.0007978454232215881,0.0,0.0007978454232215881
405,42,461,correlated_proxy,0.5,0.0031010061502456665,0.0,0.0031010061502456665
406,42,191,signal_1,-0.5,-0.029581349343061447,-0.04064439266507841,0.011063043322016963
407,42,191,signal_1,-0.25,-0.01839355006814003,-0.023910948286922945,0.005517398218782915
408,42,191,signal_1,0.25,0.04104071855545044,0.033508897026290105,0.007531821529160335
409,42,191,signal_1,0.5,0.10288533568382263,0.07921034087563963,0.023674994808182998
410,42,191,signal_2,-0.5,-0.02605537325143814,-0.046750328285993445,0.020694955034555304
411,42,191,signal_2,-0.25,-0.014021165668964386,-0.026174415310295913,0.012153249641331527
412,42,191,signal_2,0.25,0.017958365380764008,0.02836084917324802,0.010402483792484013
413,42,191,signal_2,0.5,0.03216375410556793,0.05384552215053531,0.02168176804496738
414,42,191,independent_noise,-0.5,0.0010278522968292236,0.0,0.0010278522968292236
415,42,191,independent_noise,-0.25,0.000573575496673584,0.0,0.000573575496673584
416,42,191,independent_noise,0.25,0.0024983249604701996,0.0,0.0024983249604701996
417,42,191,independent_noise,0.5,0.003345385193824768,0.0,0.003345385193824768
418,42,191,correlated_proxy,-0.5,0.03221830725669861,0.0,0.03221830725669861
419,42,191,correlated_proxy,-0.25,0.013675183057785034,0.0,0.013675183057785034
420,42,191,correlated_proxy,0.25,0.002882767468690872,0.0,0.002882767468690872
421,42,191,correlated_proxy,0.5,-0.0009593367576599121,0.0,0.0009593367576599121
422,42,607,signal_1,-0.25,-0.0030077937990427017,-0.004261797372514612,0.0012540035734719106
423,42,607,signal_1,0.25,0.006956715136766434,0.006290172452894293,0.0006665426838721403
424,42,607,signal_1,0.5,0.02032626047730446,0.015526384816251,0.004799875661053459
425,42,607,signal_2,-0.5,-0.004775958601385355,-0.009804276900350703,0.005028318298965348
426,42,607,signal_2,-0.25,-0.0031564217060804367,-0.006201748186777507,0.00304532648069707
427,42,607,signal_2,0.25,0.004889089614152908,0.009384672670901829,0.004495583056748921
428,42,607,signal_2,0.5,0.011677766218781471,0.021742309658340606,0.010064543439559134
429,42,607,independent_noise,-0.5,0.00016883574426174164,0.0,0.00016883574426174164
430,42,607,independent_noise,-0.25,0.00014619529247283936,0.0,0.00014619529247283936
431,42,607,independent_noise,0.25,-0.0003018956631422043,0.0,0.0003018956631422043
432,42,607,independent_noise,0.5,-0.0005981037393212318,0.0,0.0005981037393212318
433,42,607,correlated_proxy,-0.5,0.004514364525675774,0.0,0.004514364525675774
434,42,607,correlated_proxy,-0.25,0.0011155670508742332,0.0,0.0011155670508742332
435,42,607,correlated_proxy,0.25,-0.0012127477675676346,0.0,0.0012127477675676346
436,42,607,correlated_proxy,0.5,-0.0009799152612686157,0.0,0.0009799152612686157
437,42,131,signal_1,-0.5,-0.09884756803512573,-0.08003399396170097,0.018813574073424766
438,42,131,signal_1,-0.25,-0.04137861728668213,-0.03387833084619518,0.007500286440486947
439,42,131,signal_1,0.25,0.033239781856536865,0.024193417256210603,0.009046364600326262
440,42,131,signal_2,-0.5,-0.04474186897277832,-0.05495971689640522,0.0102178479236269
441,42,131,signal_2,-0.25,-0.015177726745605469,-0.019755570436390313,0.004577843690784844
442,42,131,signal_2,0.25,0.007496476173400879,0.009985354621761977,0.002488878448361098
443,42,131,signal_2,0.5,0.014411449432373047,0.01298614508309659,0.0014253043492764572
444,42,131,independent_noise,-0.5,0.0016297101974487305,0.0,0.0016297101974487305
445,42,131,independent_noise,-0.25,-0.002617478370666504,0.0,0.002617478370666504
446,42,131,independent_noise,0.25,0.0021181702613830566,0.0,0.0021181702613830566
447,42,131,independent_noise,0.5,-0.00024455785751342773,0.0,0.00024455785751342773
448,42,131,correlated_proxy,-0.5,0.0009226202964782715,0.0,0.0009226202964782715
449,42,131,correlated_proxy,-0.25,0.0037909746170043945,0.0,0.0037909746170043945
450,42,131,correlated_proxy,0.25,-0.0026460886001586914,0.0,0.0026460886001586914
451,42,131,correlated_proxy,0.5,-0.0066422224044799805,0.0,0.0066422224044799805
452,42,834,signal_1,-0.5,-0.13142059743404388,-0.13459097974422315,0.0031703823101792705
453,42,834,signal_1,-0.25,-0.06984332203865051,-0.07488833529395605,0.0050450132553055416
454,42,834,signal_1,0.25,0.0968141257762909,0.08849243545015911,0.008321690326131781
455,42,834,signal_1,0.5,0.19497352838516235,0.1859736819832194,0.008999846401942957
456,42,834,signal_2,-0.5,-0.19303937256336212,-0.21005022175172583,0.017010849188363708
457,42,834,signal_2,-0.25,-0.1208389401435852,-0.12494218909318591,0.004103248949600707
458,42,834,signal_2,0.25,0.15785685181617737,0.1433525821896095,0.014504269626567867
459,42,834,signal_2,0.5,0.2886795401573181,0.2745729914856053,0.014106548671712793
460,42,834,independent_noise,-0.5,0.00035962462425231934,0.0,0.00035962462425231934
461,42,834,independent_noise,-0.25,-0.005228161811828613,0.0,0.005228161811828613
462,42,834,independent_noise,0.25,0.005714148283004761,0.0,0.005714148283004761
463,42,834,independent_noise,0.5,0.0054642558097839355,0.0,0.0054642558097839355
464,42,834,correlated_proxy,-0.5,0.02324715256690979,0.0,0.02324715256690979
465,42,834,correlated_proxy,-0.25,0.012710273265838623,0.0,0.012710273265838623
466,42,834,correlated_proxy,0.25,0.009175807237625122,0.0,0.009175807237625122
467,42,834,correlated_proxy,0.5,0.0006038546562194824,0.0,0.0006038546562194824
468,42,843,signal_1,-0.5,-0.07895210385322571,-0.07320776638720178,0.00574433746602393
469,42,843,signal_1,-0.25,-0.04756370186805725,-0.04237604086053841,0.005187661007518843
470,42,843,signal_1,0.25,0.07771655917167664,0.056283542192970104,0.02143301697870653
471,42,843,signal_1,0.5,0.18371406197547913,0.12773520017493298,0.05597886180054615
472,42,843,signal_2,-0.5,0.13175922632217407,0.1201921821268305,0.011567044195343573
473,42,843,signal_2,-0.25,0.0680239200592041,0.06122936253639538,0.00679455752280872
474,42,843,independent_noise,-0.5,0.002410411834716797,0.0,0.002410411834716797
475,42,843,independent_noise,-0.25,0.0066184401512146,0.0,0.0066184401512146
476,42,843,independent_noise,0.25,0.004909798502922058,0.0,0.004909798502922058
477,42,843,independent_noise,0.5,0.008170947432518005,0.0,0.008170947432518005
478,42,843,correlated_proxy,-0.5,0.07450219988822937,0.0,0.07450219988822937
479,42,843,correlated_proxy,-0.25,0.027424052357673645,0.0,0.027424052357673645
480,42,843,correlated_proxy,0.25,-0.018767118453979492,0.0,0.018767118453979492
481,42,843,correlated_proxy,0.5,-0.03338910639286041,0.0,0.03338910639286041
482,42,297,signal_1,-0.5,-0.13337233662605286,-0.12734571141263587,0.006026625213416986
483,42,297,signal_1,-0.25,-0.08913615345954895,-0.07125460362799041,0.01788154983155854
484,42,297,signal_1,0.25,0.06761646270751953,0.0855118322224922,0.01789536951497267
485,42,297,signal_1,0.5,0.18915203213691711,0.1813977702368535,0.007754261900063619
486,42,297,signal_2,-0.5,-0.19698592275381088,-0.20752938573541868,0.010543462981607798
487,42,297,signal_2,-0.25,-0.12570929527282715,-0.12847676423772952,0.0027674689649023754
488,42,297,signal_2,0.25,0.1570318043231964,0.1590549910736035,0.00202318675040708
489,42,297,signal_2,0.5,0.32589754462242126,0.31020151728884665,0.015696027333574614
490,42,297,independent_noise,0.25,-0.013587474822998047,0.0,0.013587474822998047
491,42,297,independent_noise,0.5,-0.017219901084899902,0.0,0.017219901084899902
492,42,297,correlated_proxy,-0.5,0.02456304430961609,0.0,0.02456304430961609
493,42,297,correlated_proxy,-0.25,0.0055029988288879395,0.0,0.0055029988288879395
494,42,297,correlated_proxy,0.25,-0.021047458052635193,0.0,0.021047458052635193
495,42,297,correlated_proxy,0.5,-0.03606010973453522,0.0,0.03606010973453522
496,42,18,signal_1,-0.5,-0.02743220329284668,-0.038060731297868605,0.010628528005021926
497,42,18,signal_1,-0.25,-0.015839524567127228,-0.022417705352536746,0.006578180785409518
498,42,18,signal_1,0.25,0.029899537563323975,0.03154541373343506,0.0016458761701110824
499,42,18,signal_1,0.5,0.0909818559885025,0.07481373486740972,0.016168121121092782
500,42,18,signal_2,0.25,0.0765523612499237,0.08917540100698482,0.01262303975706111
501,42,18,signal_2,0.5,0.1895255446434021,0.22948878315613722,0.039963238512735116
502,42,18,independent_noise,-0.5,-0.0014356747269630432,0.0,0.0014356747269630432
503,42,18,independent_noise,-0.25,-0.0015252754092216492,0.0,0.0015252754092216492
504,42,18,independent_noise,0.25,-0.0013104379177093506,0.0,0.0013104379177093506
505,42,18,independent_noise,0.5,-0.0003698766231536865,0.0,0.0003698766231536865
506,42,18,correlated_proxy,-0.5,0.006836116313934326,0.0,0.006836116313934326
507,42,18,correlated_proxy,-0.25,-0.001729428768157959,0.0,0.001729428768157959
508,42,18,correlated_proxy,0.25,0.0034506693482398987,0.0,0.0034506693482398987
509,42,18,correlated_proxy,0.5,0.002237260341644287,0.0,0.002237260341644287
510,42,462,signal_1,-0.5,-0.17677980661392212,-0.19382755549808367,0.01704774888416155
511,42,462,signal_1,-0.25,-0.11631333827972412,-0.09952882647150507,0.01678451180821905
512,42,462,signal_2,-0.5,-0.32926997542381287,-0.354660962049755,0.025390986625942136
513,42,462,signal_2,-0.25,-0.17558085918426514,-0.18990581540127982,0.014324956217014684
514,42,462,signal_2,0.25,0.1841202974319458,0.16037353798302578,0.02374675944892002
515,42,462,signal_2,0.5,0.3369365930557251,0.2693975969134307,0.06753899614229442
516,42,462,independent_noise,-0.25,0.0068817138671875,0.0,0.0068817138671875
517,42,462,independent_noise,0.25,0.015210360288619995,0.0,0.015210360288619995
518,42,462,independent_noise,0.5,0.013898283243179321,0.0,0.013898283243179321
519,42,462,correlated_proxy,-0.5,0.03744608163833618,0.0,0.03744608163833618
520,42,462,correlated_proxy,-0.25,0.025801420211791992,0.0,0.025801420211791992
521,42,462,correlated_proxy,0.25,-0.0017991364002227783,0.0,0.0017991364002227783
522,42,462,correlated_proxy,0.5,-0.01570296287536621,0.0,0.01570296287536621
523,42,146,signal_1,-0.5,-0.08872176706790924,-0.10687530859196646,0.018153541524057223
524,42,146,signal_1,-0.25,-0.05915910005569458,-0.06065616747619182,0.001497067420497239
525,42,146,signal_1,0.25,0.0521770715713501,0.07582446633421716,0.023647394762867063
526,42,146,signal_1,0.5,0.16192957758903503,0.16505235222982748,0.0031227746407924417
527,42,146,signal_2,-0.5,-0.004870027303695679,0.025989526216712133,0.030859553520407812
528,42,146,signal_2,-0.25,-0.009999006986618042,0.021745925662249782,0.031744932648867824
529,42,146,signal_2,0.25,-0.03925198316574097,-0.035702401869403766,0.003549581296337201
530,42,146,signal_2,0.5,-0.08401471376419067,-0.07913231425999018,0.004882399504200496
531,42,146,independent_noise,-0.25,-0.012635797262191772,0.0,0.012635797262191772
532,42,146,independent_noise,0.25,-0.01103314757347107,0.0,0.01103314757347107
533,42,146,independent_noise,0.5,-0.01170426607131958,0.0,0.01170426607131958
534,42,146,correlated_proxy,-0.5,-0.0169210284948349,0.0,0.0169210284948349
535,42,146,correlated_proxy,-0.25,-0.020554184913635254,0.0,0.020554184913635254
536,42,146,correlated_proxy,0.25,0.0008664429187774658,0.0,0.0008664429187774658
537,42,146,correlated_proxy,0.5,0.024071991443634033,0.0,0.024071991443634033
538,42,373,signal_1,-0.5,-0.0649472288787365,-0.08498622715353082,0.02003899827479433
539,42,373,signal_1,-0.25,-0.04127108305692673,-0.04887575467995474,0.0076046716230280115
540,42,373,signal_1,0.25,0.05925527215003967,0.06359999995604204,0.004344727806002369
541,42,373,signal_1,0.5,0.15085557103157043,0.1422507323253704,0.008604838706200046
542,42,373,signal_2,-0.5,0.02630952000617981,0.05285904972177616,0.02654952971559635
543,42,373,signal_2,-0.25,0.025504589080810547,0.03298121705601462,0.00747662797520407
544,42,373,signal_2,0.25,-0.03443405032157898,-0.04012640977138393,0.005692359449804951
545,42,373,signal_2,0.5,-0.06083286553621292,-0.08017988551840606,0.01934701998219314
546,42,373,independent_noise,-0.5,0.0010303035378456116,0.0,0.0010303035378456116
547,42,373,independent_noise,-0.25,-0.0028417110443115234,0.0,0.0028417110443115234
548,42,373,independent_noise,0.25,0.002027168869972229,0.0,0.002027168869972229
549,42,373,independent_noise,0.5,0.003138989210128784,0.0,0.003138989210128784
550,42,373,correlated_proxy,-0.5,0.03746703267097473,0.0,0.03746703267097473
551,42,373,correlated_proxy,-0.25,0.00677432119846344,0.0,0.00677432119846344
552,42,373,correlated_proxy,0.25,0.004217475652694702,0.0,0.004217475652694702
553,42,373,correlated_proxy,0.5,0.01838397979736328,0.0,0.01838397979736328
554,42,582,signal_1,-0.25,-0.013371703214943409,-0.011380526736011951,0.0019911764789314577
555,42,582,signal_1,0.25,0.027656443417072296,0.016492892199678907,0.011163551217393389
556,42,582,signal_1,0.5,0.07808234542608261,0.04007521246572806,0.03800713296035455
557,42,582,signal_2,-0.5,-0.01316410768777132,-0.02158766711376347,0.008423559425992148
558,42,582,signal_2,-0.25,-0.007538061589002609,-0.012126171765059014,0.004588110176056405
559,42,582,signal_2,0.25,0.006230844184756279,0.01326510646382801,0.0070342622790717305
560,42,582,signal_2,0.5,0.01649516448378563,0.025214578177495756,0.008719413693710126
561,42,582,independent_noise,-0.25,-5.3515657782554626e-05,0.0,5.3515657782554626e-05
562,42,582,independent_noise,0.25,0.0003306213766336441,0.0,0.0003306213766336441
563,42,582,independent_noise,0.5,0.00029033049941062927,0.0,0.00029033049941062927
564,42,582,correlated_proxy,-0.5,0.019086971879005432,0.0,0.019086971879005432
565,42,582,correlated_proxy,-0.25,0.0078217051923275,0.0,0.0078217051923275
566,42,582,correlated_proxy,0.25,-0.0049061160534620285,0.0,0.0049061160534620285
567,42,582,correlated_proxy,0.5,-0.007132265716791153,0.0,0.007132265716791153
568,42,19,signal_1,-0.5,-0.22074225544929504,-0.19713550121072104,0.023606754238574
569,42,19,signal_1,-0.25,-0.09799531102180481,-0.09925948755632213,0.001264176534517325
570,42,19,signal_1,0.25,0.111880362033844,0.09307313506359127,0.01880722697025272
571,42,19,signal_1,0.5,0.20416855812072754,0.17414660385143477,0.030021954269292772
572,42,19,signal_2,-0.5,-0.15797582268714905,-0.19977642915648547,0.04180060646933642
573,42,19,signal_2,-0.25,-0.08206433057785034,-0.08816351187327809,0.006099181295427747
574,42,19,signal_2,0.25,0.05556178092956543,0.06060823467205034,0.005046453742484913
575,42,19,signal_2,0.5,0.07005465030670166,0.09552167578653104,0.025467025479829375
576,42,19,independent_noise,-0.5,-0.003208458423614502,0.0,0.003208458423614502
577,42,19,independent_noise,-0.25,0.011057674884796143,0.0,0.011057674884796143
578,42,19,independent_noise,0.25,0.006923317909240723,0.0,0.006923317909240723
579,42,19,independent_noise,0.5,0.018178462982177734,0.0,0.018178462982177734
580,42,19,correlated_proxy,-0.5,0.047773778438568115,0.0,0.047773778438568115
581,42,19,correlated_proxy,-0.25,0.023401618003845215,0.0,0.023401618003845215
582,42,19,correlated_proxy,0.25,-0.00424647331237793,0.0,0.00424647331237793
583,42,19,correlated_proxy,0.5,-0.015781521797180176,0.0,0.015781521797180176
584,42,2,signal_1,-0.5,-0.16830585896968842,-0.11948421453206434,0.04882164443762407
585,42,2,signal_1,-0.25,-0.10238847136497498,-0.06723851640999484,0.035149954954980134
586,42,2,signal_1,0.25,0.08398813009262085,0.08200414382256471,0.0019839862700561373
587,42,2,signal_1,0.5,0.20984125137329102,0.17570418692904277,0.034137064444248244
588,42,2,signal_2,-0.5,-0.2415521964430809,-0.19911348166628473,0.04243871477679617
589,42,2,signal_2,-0.25,-0.15543949604034424,-0.1270369648573087,0.02840253118303554
590,42,2,signal_2,0.25,0.17833220958709717,0.16803741530161687,0.010294794285480302
591,42,2,signal_2,0.5,0.3231058120727539,0.3336362210553526,0.010530408982598716
592,42,2,independent_noise,-0.5,-0.01155102252960205,0.0,0.01155102252960205
593,42,2,independent_noise,-0.25,-0.0009117722511291504,0.0,0.0009117722511291504
594,42,2,correlated_proxy,-0.5,0.04306900501251221,0.0,0.04306900501251221
595,42,2,correlated_proxy,-0.25,0.0176236629486084,0.0,0.0176236629486084
596,42,2,correlated_proxy,0.25,-0.028396785259246826,0.0,0.028396785259246826
597,42,2,correlated_proxy,0.5,-0.05590596795082092,0.0,0.05590596795082092
598,43,729,signal_1,-0.5,-0.22772216796875,-0.19642272621272683,0.03129944175602317
599,43,729,signal_1,-0.25,-0.13421642780303955,-0.09958492489835341,0.03463150290468614
600,43,729,signal_1,0.25,0.06703704595565796,0.09466544866446058,0.027628402708802624
601,43,729,signal_1,0.5,0.07806307077407837,0.17816114043596787,0.1000980696618895
602,43,729,signal_2,-0.5,-0.27465730905532837,-0.2610888764528282,0.01356843260250018
603,43,729,signal_2,-0.25,-0.1444193720817566,-0.12321510030736549,0.021204271774391104
604,43,729,signal_2,0.25,-0.014187276363372803,0.09362864626800083,0.10781592263137363
605,43,729,signal_2,0.5,0.07220494747161865,0.15672349288722243,0.08451854541560377
606,43,729,independent_noise,-0.5,-0.05323779582977295,0.0,0.05323779582977295
607,43,729,independent_noise,-0.25,-0.05343449115753174,0.0,0.05343449115753174
608,43,729,independent_noise,0.25,-0.0716397762298584,0.0,0.0716397762298584
609,43,729,independent_noise,0.5,-0.02357769012451172,0.0,0.02357769012451172
610,43,729,correlated_proxy,-0.5,-0.054503798484802246,0.0,0.054503798484802246
611,43,729,correlated_proxy,-0.25,-0.04145854711532593,0.0,0.04145854711532593
612,43,729,correlated_proxy,0.25,-0.08981341123580933,0.0,0.08981341123580933
613,43,729,correlated_proxy,0.5,-0.0723416805267334,0.0,0.0723416805267334
614,43,301,signal_1,-0.5,-0.06425218284130096,-0.07146879417561498,0.007216611334314019
615,43,301,signal_1,-0.25,-0.03684563189744949,-0.04140777783451052,0.0045621459370610296
616,43,301,signal_1,0.25,0.055665403604507446,0.05516106518056785,0.0005043384239395987
617,43,301,signal_1,0.5,0.12914934754371643,0.12545796154854522,0.0036913859951712147
618,43,301,signal_2,-0.5,-0.06086199730634689,-0.05703586953901005,0.0038261277673368455
619,43,301,signal_2,-0.25,-0.029151752591133118,-0.026915189865618333,0.0022365627255147846
620,43,301,signal_2,0.25,0.03039880096912384,0.01838564016528013,0.012013160803843709
621,43,301,signal_2,0.5,0.03475844860076904,0.024539271312126826,0.010219177288642217
622,43,301,independent_noise,-0.5,0.0049958378076553345,0.0,0.0049958378076553345
623,43,301,independent_noise,-0.25,0.007559426128864288,0.0,0.007559426128864288
624,43,301,independent_noise,0.25,0.003491818904876709,0.0,0.003491818904876709
625,43,301,independent_noise,0.5,0.003740951418876648,0.0,0.003740951418876648
626,43,301,correlated_proxy,-0.5,-0.017913147807121277,0.0,0.017913147807121277
627,43,301,correlated_proxy,-0.25,-0.0079093798995018,0.0,0.0079093798995018
628,43,301,correlated_proxy,0.25,0.018904447555541992,0.0,0.018904447555541992
629,43,301,correlated_proxy,0.5,0.039030805230140686,0.0,0.039030805230140686
630,43,693,signal_1,-0.5,-0.014210585504770279,-0.034770223630663157,0.020559638125892878
631,43,693,signal_1,-0.25,-0.0002470165491104126,-0.020510373306226286,0.020263356757115873
632,43,693,signal_1,0.25,0.007807523012161255,0.029011857807372032,0.021204334795210777
633,43,693,signal_1,0.5,0.0378139466047287,0.06909375155216863,0.031279804947439926
634,43,693,signal_2,-0.5,0.03191578388214111,0.03180416030173758,0.00011162358040353593
635,43,693,signal_2,-0.25,0.030278846621513367,0.018202737219202833,0.012076109402310534
636,43,693,signal_2,0.25,0.006309375166893005,-0.019045770002859022,0.025355145169752027
637,43,693,signal_2,0.5,-0.01038333773612976,-0.03570699328792987,0.025323655551800106
638,43,693,independent_noise,-0.5,0.017812706530094147,0.0,0.017812706530094147
639,43,693,independent_noise,-0.25,0.03235529363155365,0.0,0.03235529363155365
640,43,693,independent_noise,0.25,-8.980929851531982e-05,0.0,8.980929851531982e-05
641,43,693,independent_noise,0.5,-0.0032069608569145203,0.0,0.0032069608569145203
642,43,693,correlated_proxy,-0.5,0.030401960015296936,0.0,0.030401960015296936
643,43,693,correlated_proxy,-0.25,0.009904466569423676,0.0,0.009904466569423676
644,43,693,correlated_proxy,0.25,0.022928565740585327,0.0,0.022928565740585327
645,43,693,correlated_proxy,0.5,0.020169124007225037,0.0,0.020169124007225037
646,43,478,signal_1,0.25,0.011390140280127525,0.014622143364663234,0.003232003084535709
647,43,478,signal_1,0.5,0.03130566328763962,0.03563352301681865,0.004327859729179033
648,43,478,signal_2,-0.5,-0.014083105139434338,-0.018228472551144254,0.004145367411709917
649,43,478,signal_2,-0.25,-0.009980035945773125,-0.01003696670038308,5.693075460995456e-05
650,43,478,signal_2,0.25,0.005637053400278091,0.01041218504738619,0.004775131647108098
651,43,478,signal_2,0.5,0.020180199295282364,0.01911097257582521,0.001069226719457153
652,43,478,independent_noise,-0.25,-0.0033356845378875732,0.0,0.0033356845378875732
653,43,478,independent_noise,0.25,0.0008998773992061615,0.0,0.0008998773992061615
654,43,478,independent_noise,0.5,-0.003744298592209816,0.0,0.003744298592209816
655,43,478,correlated_proxy,-0.5,-0.0038324901834130287,0.0,0.0038324901834130287
656,43,478,correlated_proxy,-0.25,-0.00467756949365139,0.0,0.00467756949365139
657,43,478,correlated_proxy,0.25,0.002898639068007469,0.0,0.002898639068007469
658,43,478,correlated_proxy,0.5,-2.0857900381088257e-05,0.0,2.0857900381088257e-05
659,43,92,signal_1,-0.5,-0.10144013166427612,-0.19733694840900745,0.09589681674473133
660,43,92,signal_1,-0.25,-0.04977187514305115,-0.09894546025320033,0.04917358511014919
661,43,92,signal_1,0.25,0.1708773374557495,0.09202257411488446,0.07885476334086505
662,43,92,signal_1,0.5,0.14868319034576416,0.17159146614755894,0.022908275801794775
663,43,92,signal_2,-0.5,-0.14430537819862366,-0.21845088955179331,0.07414551135316966
664,43,92,signal_2,-0.25,-0.009459495544433594,-0.09760600406366665,0.08814650851923306
665,43,92,signal_2,0.25,0.07200884819030762,0.06881629847653259,0.003192549713775028
666,43,92,signal_2,0.5,0.14410483837127686,0.11100103390801341,0.03310380446326344
667,43,92,independent_noise,-0.5,0.054199814796447754,0.0,0.054199814796447754
668,43,92,independent_noise,-0.25,0.0798729658126831,0.0,0.0798729658126831
669,43,92,independent_noise,0.25,0.019260644912719727,0.0,0.019260644912719727
670,43,92,independent_noise,0.5,0.0787585973739624,0.0,0.0787585973739624
671,43,92,correlated_proxy,-0.5,0.019592583179473877,0.0,0.019592583179473877
672,43,92,correlated_proxy,-0.25,0.0691719651222229,0.0,0.0691719651222229
673,43,92,correlated_proxy,0.25,0.05942457914352417,0.0,0.05942457914352417
674,43,92,correlated_proxy,0.5,-0.0041217803955078125,0.0,0.0041217803955078125
675,43,323,signal_1,-0.5,-0.015006396919488907,-0.020967306626745928,0.005960909707257021
676,43,323,signal_1,-0.25,-0.00884447805583477,-0.012443936172564785,0.0035994581167300144
677,43,323,signal_1,0.25,0.013527646660804749,0.017984030889901234,0.004456384229096486
678,43,323,signal_1,0.5,0.03464945778250694,0.043596237017043425,0.008946779234536482
679,43,323,signal_2,-0.25,-0.017779155634343624,-0.022714871468142866,0.004935715833799242
680,43,323,signal_2,0.25,0.05030520632863045,0.04398434345327371,0.006320862875356735
681,43,323,signal_2,0.5,0.16866809502243996,0.11564338406127966,0.05302471096116029
682,43,323,independent_noise,-0.5,0.0004809536039829254,0.0,0.0004809536039829254
683,43,323,independent_noise,-0.25,-0.0007137469947338104,0.0,0.0007137469947338104
684,43,323,independent_noise,0.25,-0.00014021992683410645,0.0,0.00014021992683410645
685,43,323,independent_noise,0.5,0.0022063888609409332,0.0,0.0022063888609409332
686,43,323,correlated_proxy,-0.5,-0.0032048840075731277,0.0,0.0032048840075731277
687,43,323,correlated_proxy,-0.25,-4.6193599700927734e-05,0.0,4.6193599700927734e-05
688,43,323,correlated_proxy,0.25,0.005980454385280609,0.0,0.005980454385280609
689,43,323,correlated_proxy,0.5,0.004605140537023544,0.0,0.004605140537023544
690,43,302,signal_1,-0.5,-0.057339735329151154,-0.07643308866581451,0.019093353336663357
691,43,302,signal_1,-0.25,-0.05883966386318207,-0.04416614301959859,0.014673520843583476
692,43,302,signal_2,0.25,0.19579917192459106,0.15862667637615413,0.037172495548436935
693,43,302,signal_2,0.5,0.19777297973632812,0.355507667157996,0.15773468742166785
694,43,302,independent_noise,-0.5,-0.024427004158496857,0.0,0.024427004158496857
695,43,302,independent_noise,-0.25,0.027919113636016846,0.0,0.027919113636016846
696,43,302,independent_noise,0.25,0.03759852051734924,0.0,0.03759852051734924
697,43,302,independent_noise,0.5,0.007960930466651917,0.0,0.007960930466651917
698,43,302,correlated_proxy,-0.5,-2.580881118774414e-05,0.0,2.580881118774414e-05
699,43,302,correlated_proxy,-0.25,0.04250428080558777,0.0,0.04250428080558777
700,43,302,correlated_proxy,0.25,0.03746157884597778,0.0,0.03746157884597778
701,43,302,correlated_proxy,0.5,0.02717450261116028,0.0,0.02717450261116028
702,43,516,signal_1,-0.5,-0.13725966215133667,-0.19190570666221168,0.054646044510875014
703,43,516,signal_1,-0.25,-0.05562955141067505,-0.09273869369586818,0.03710914228519313
704,43,516,signal_1,0.25,0.0644526481628418,0.0805874982311775,0.016134850068335704
705,43,516,signal_1,0.5,0.1453832983970642,0.14626769891834956,0.0008844005212853556
706,43,516,signal_2,-0.5,0.05315816402435303,-0.006607279752153805,0.05976544377650683
707,43,516,signal_2,-0.25,0.012547850608825684,0.007588867917689424,0.00495898269113626
708,43,516,signal_2,0.25,-0.07381796836853027,-0.03015984064735877,0.0436581277211715
709,43,516,signal_2,0.5,-0.15637168288230896,-0.08545310220582569,0.07091858067648327
710,43,516,independent_noise,-0.25,-0.039132535457611084,0.0,0.039132535457611084
711,43,516,independent_noise,0.25,-0.012204945087432861,0.0,0.012204945087432861
712,43,516,independent_noise,0.5,-0.026635706424713135,0.0,0.026635706424713135
713,43,516,correlated_proxy,-0.5,-0.045513808727264404,0.0,0.045513808727264404
714,43,516,correlated_proxy,-0.25,-0.04002124071121216,0.0,0.04002124071121216
715,43,516,correlated_proxy,0.25,0.006731986999511719,0.0,0.006731986999511719
716,43,516,correlated_proxy,0.5,-0.009973406791687012,0.0,0.009973406791687012
717,43,671,signal_1,0.25,0.015155822038650513,0.004598441164019662,0.01055738087463085
718,43,671,signal_1,0.5,0.019546031951904297,0.011379696364957276,0.00816633558694702
719,43,671,signal_2,-0.5,0.007883425801992416,0.013623835294921756,0.00574040949292934
720,43,671,signal_2,-0.25,0.00393986701965332,0.006090560493314537,0.0021506934736612165
721,43,671,independent_noise,-0.5,-0.0063734110444784164,0.0,0.0063734110444784164
722,43,671,independent_noise,-0.25,-0.003980638459324837,0.0,0.003980638459324837
723,43,671,independent_noise,0.25,-0.00656135194003582,0.0,0.00656135194003582
724,43,671,independent_noise,0.5,0.003286559134721756,0.0,0.003286559134721756
725,43,671,correlated_proxy,-0.5,-2.580694854259491e-05,0.0,2.580694854259491e-05
726,43,671,correlated_proxy,-0.25,0.0004923306405544281,0.0,0.0004923306405544281
727,43,671,correlated_proxy,0.25,-0.005492730066180229,0.0,0.005492730066180229
728,43,671,correlated_proxy,0.5,-0.009059177711606026,0.0,0.009059177711606026
729,43,143,signal_1,-0.25,-0.006321560591459274,-0.006837639720271543,0.000516079128812269
730,43,143,signal_1,0.25,0.004824064671993256,0.01002606250290547,0.005201997830912214
731,43,143,signal_1,0.5,0.007380198687314987,0.024607226832356884,0.017227028145041897
732,43,143,signal_2,-0.5,0.018230948597192764,0.027363789201245593,0.009132840604052828
733,43,143,signal_2,-0.25,0.009340941905975342,0.012551346440962455,0.0032104045349871137
734,43,143,independent_noise,-0.5,-0.003967005759477615,0.0,0.003967005759477615
735,43,143,independent_noise,-0.25,-0.004872612655162811,0.0,0.004872612655162811
736,43,143,independent_noise,0.25,-0.0036657191812992096,0.0,0.0036657191812992096
737,43,143,independent_noise,0.5,-0.0032479502260684967,0.0,0.0032479502260684967
738,43,143,correlated_proxy,-0.5,-0.011259326711297035,0.0,0.011259326711297035
739,43,143,correlated_proxy,-0.25,-0.007809951901435852,0.0,0.007809951901435852
740,43,143,correlated_proxy,0.25,0.004645630717277527,0.0,0.004645630717277527
741,43,143,correlated_proxy,0.5,0.008536156266927719,0.0,0.008536156266927719
742,43,114,signal_1,-0.5,-0.053299568593502045,-0.07827163632808001,0.02497206773457797
743,43,114,signal_1,-0.25,-0.04380330443382263,-0.04518315703160608,0.0013798525977834486
744,43,114,signal_1,0.25,0.08558543026447296,0.05949056487204954,0.026094865392423422
745,43,114,signal_2,0.25,0.0870501846075058,0.1512024532434003,0.06415226863589449
746,43,114,signal_2,0.5,0.3265894055366516,0.3357158838248421,0.009126478288190465
747,43,114,independent_noise,-0.5,-0.011442527174949646,0.0,0.011442527174949646
748,43,114,independent_noise,-0.25,-0.03370685875415802,0.0,0.03370685875415802
749,43,114,independent_noise,0.25,0.01465180516242981,0.0,0.01465180516242981
750,43,114,independent_noise,0.5,0.0027551651000976562,0.0,0.0027551651000976562
751,43,114,correlated_proxy,-0.5,-0.034215860068798065,0.0,0.034215860068798065
752,43,114,correlated_proxy,-0.25,-0.021248169243335724,0.0,0.021248169243335724
753,43,114,correlated_proxy,0.25,0.009582534432411194,0.0,0.009582534432411194
754,43,114,correlated_proxy,0.5,-0.013007983565330505,0.0,0.013007983565330505
755,43,508,signal_1,-0.5,-0.17605474591255188,-0.19340581420137548,0.0173510682888236
756,43,508,signal_1,-0.25,-0.12787878513336182,-0.09394292779882818,0.03393585733453364
757,43,508,signal_2,-0.5,-0.3443470895290375,-0.3762547967180023,0.03190770718896485
758,43,508,signal_2,-0.25,-0.21434518694877625,-0.17926492908972508,0.03508025785905117
759,43,508,signal_2,0.25,0.2502695322036743,0.1253544139613454,0.12491511824232893
760,43,508,signal_2,0.5,0.20605945587158203,0.20112906886556803,0.004930387006014003
761,43,508,independent_noise,-0.5,0.0907294750213623,0.0,0.0907294750213623
762,43,508,independent_noise,-0.25,-0.022636473178863525,0.0,0.022636473178863525
763,43,508,independent_noise,0.25,0.11251848936080933,0.0,0.11251848936080933
764,43,508,independent_noise,0.5,-0.038706421852111816,0.0,0.038706421852111816
765,43,508,correlated_proxy,-0.5,0.02719402313232422,0.0,0.02719402313232422
766,43,508,correlated_proxy,-0.25,-0.07229188084602356,0.0,0.07229188084602356
767,43,508,correlated_proxy,0.25,0.07504081726074219,0.0,0.07504081726074219
768,43,508,correlated_proxy,0.5,0.08659976720809937,0.0,0.08659976720809937
769,43,188,signal_1,-0.5,-0.011482625268399715,-0.017318273058960967,0.005835647790561251
770,43,188,signal_1,-0.25,-0.006559312343597412,-0.010294331704680772,0.0037350193610833603
771,43,188,signal_1,0.25,0.010228350758552551,0.014960913866935911,0.00473256310838336
772,43,188,signal_1,0.5,0.029642246663570404,0.03643985872651922,0.006797612062948814
773,43,188,signal_2,-0.5,-0.01205306127667427,-0.02134115270828371,0.009288091431609441
774,43,188,signal_2,-0.25,-0.006949260830879211,-0.012564362414257797,0.005615101583378586
775,43,188,signal_2,0.25,0.017533183097839355,0.015556041774113329,0.001977141323726027
776,43,188,signal_2,0.5,0.029690656810998917,0.031903946255328365,0.0022132894443294485
777,43,188,independent_noise,-0.5,-0.0008161645382642746,0.0,0.0008161645382642746
778,43,188,independent_noise,-0.25,-0.0008201319724321365,0.0,0.0008201319724321365
779,43,188,independent_noise,0.25,-0.00046906620264053345,0.0,0.00046906620264053345
780,43,188,independent_noise,0.5,-0.00042850151658058167,0.0,0.00042850151658058167
781,43,188,correlated_proxy,-0.5,-0.0020399335771799088,0.0,0.0020399335771799088
782,43,188,correlated_proxy,-0.25,-0.0019235052168369293,0.0,0.0019235052168369293
783,43,188,correlated_proxy,0.25,0.0006616003811359406,0.0,0.0006616003811359406
784,43,188,correlated_proxy,0.5,0.0022903792560100555,0.0,0.0022903792560100555
785,43,280,signal_1,-0.5,-0.01840585470199585,-0.08409826509421438,0.06569241039221853
786,43,280,signal_1,-0.25,-0.026293277740478516,-0.04838942221381724,0.022096144473338727
787,43,280,signal_1,0.25,0.02142481505870819,0.06306599827962389,0.0416411832209157
788,43,280,signal_1,0.5,0.078396737575531,0.14121136356525002,0.06281462598971901
789,43,280,signal_2,-0.5,0.02470393478870392,0.02965449074208512,0.004950555953381203
790,43,280,signal_2,-0.25,0.02100999653339386,0.021877062725690677,0.000867066192296817
791,43,280,signal_2,0.25,-0.03493405133485794,-0.03187025859457046,0.00306379274028748
792,43,280,signal_2,0.5,-0.060054197907447815,-0.06769001859073476,0.007635820683286942
793,43,280,independent_noise,-0.5,0.0036971569061279297,0.0,0.0036971569061279297
794,43,280,independent_noise,-0.25,-0.012662842869758606,0.0,0.012662842869758606
795,43,280,independent_noise,0.25,-0.015463121235370636,0.0,0.015463121235370636
796,43,280,correlated_proxy,-0.5,0.00024403631687164307,0.0,0.00024403631687164307
797,43,280,correlated_proxy,-0.25,0.013693615794181824,0.0,0.013693615794181824
798,43,280,correlated_proxy,0.25,0.007354632019996643,0.0,0.007354632019996643
799,43,280,correlated_proxy,0.5,0.012548252940177917,0.0,0.012548252940177917
800,43,463,signal_1,-0.5,-0.105166494846344,-0.1966901610246527,0.0915236661783087
801,43,463,signal_1,-0.25,0.009186506271362305,-0.09951160229017075,0.10869810856153306
802,43,463,signal_1,0.25,0.10456842184066772,0.09419988748944519,0.010368534351222536
803,43,463,signal_1,0.5,0.15624457597732544,0.17696663022928416,0.02072205425195872
804,43,463,signal_2,-0.5,-0.09959402680397034,-0.2243795368768267,0.12478551007285638
805,43,463,signal_2,-0.25,-0.064037024974823,-0.102049335983463,0.03801231100864
806,43,463,signal_2,0.25,0.14625656604766846,0.07386803716032386,0.0723885288873446
807,43,463,signal_2,0.5,0.17333531379699707,0.12052049353752126,0.052814820259475814
808,43,463,independent_noise,-0.5,0.007081747055053711,0.0,0.007081747055053711
809,43,463,independent_noise,-0.25,0.09063339233398438,0.0,0.09063339233398438
810,43,463,independent_noise,0.25,0.010439455509185791,0.0,0.010439455509185791
811,43,463,independent_noise,0.5,0.057693660259246826,0.0,0.057693660259246826
812,43,463,correlated_proxy,-0.5,0.0694725513458252,0.0,0.0694725513458252
813,43,463,correlated_proxy,-0.25,0.03152674436569214,0.0,0.03152674436569214
814,43,463,correlated_proxy,0.25,0.01235872507095337,0.0,0.01235872507095337
815,43,463,correlated_proxy,0.5,0.013125061988830566,0.0,0.013125061988830566
816,43,426,signal_1,-0.5,-0.003884390229359269,-0.009574090229911257,0.005689700000551988
817,43,426,signal_1,-0.25,-0.002802377101033926,-0.005709561077078958,0.002907183976045032
818,43,426,signal_1,0.25,0.005100718699395657,0.00839608047323238,0.003295361773836724
819,43,426,signal_1,0.5,0.014294507913291454,0.020658191218843235,0.00636368330555178
820,43,426,signal_2,-0.5,-0.006116350996308029,-0.013628880476099704,0.007512529479791676
821,43,426,signal_2,-0.25,-0.004763044882565737,-0.008820168934458505,0.004057124051892768
822,43,426,signal_2,0.25,0.006762048229575157,0.01421947183151015,0.007457423601934993
823,43,426,signal_2,0.5,0.01903060358017683,0.03417975412204983,0.015149150541872998
824,43,426,independent_noise,-0.5,-7.40913674235344e-05,0.0,7.40913674235344e-05
825,43,426,independent_noise,-0.25,0.00023269187659025192,0.0,0.00023269187659025192
826,43,426,independent_noise,0.25,0.002154323272407055,0.0,0.002154323272407055
827,43,426,independent_noise,0.5,-1.633400097489357e-05,0.0,1.633400097489357e-05
828,43,426,correlated_proxy,-0.5,0.001033763401210308,0.0,0.001033763401210308
829,43,426,correlated_proxy,-0.25,-0.0002560904249548912,0.0,0.0002560904249548912
830,43,426,correlated_proxy,0.25,0.0005103228613734245,0.0,0.0005103228613734245
831,43,426,correlated_proxy,0.5,0.0030944393947720528,0.0,0.0030944393947720528
832,43,520,signal_1,0.25,0.002676516305655241,0.005033631112615133,0.0023571148069598917
833,43,520,signal_1,0.5,0.006260719615966082,0.012448465203184144,0.006187745587218062
834,43,520,signal_2,-0.5,-0.004322833847254515,-0.007477093489179972,0.0031542596419254576
835,43,520,signal_2,-0.25,-0.002760227769613266,-0.004600153304980471,0.0018399255353672046
836,43,520,signal_2,0.25,0.008105387445539236,0.0064454657771887604,0.0016599216683504756
837,43,520,signal_2,0.5,0.01524862227961421,0.014255655113196293,0.0009929671664179168
838,43,520,independent_noise,-0.5,-0.0006499593146145344,0.0,0.0006499593146145344
839,43,520,independent_noise,-0.25,0.00027009984478354454,0.0,0.00027009984478354454
840,43,520,independent_noise,0.25,-0.0010220338590443134,0.0,0.0010220338590443134
841,43,520,independent_noise,0.5,-0.0011587333865463734,0.0,0.0011587333865463734
842,43,520,correlated_proxy,0.25,-0.0010878820903599262,0.0,0.0010878820903599262
843,43,520,correlated_proxy,0.5,-0.0003779982216656208,0.0,0.0003779982216656208
844,43,74,signal_1,-0.5,-0.20187866687774658,-0.1948138013147404,0.007064865563006173
845,43,74,signal_1,-0.25,-0.16070926189422607,-0.09517333193054178,0.06553592996368429
846,43,74,signal_1,0.25,0.024333655834197998,0.0843143240303843,0.059980668196186304
847,43,74,signal_1,0.5,0.09502536058425903,0.1541700899021169,0.05914472931785786
848,43,74,signal_2,-0.5,-0.20213565230369568,-0.19210713353090547,0.010028518772790207
849,43,74,signal_2,-0.25,-0.0899498462677002,-0.08154567034458593,0.008404175923114265
850,43,74,signal_2,0.25,0.00964498519897461,0.053137410098514914,0.043492424899540305
851,43,74,signal_2,0.5,0.0023821592330932617,0.08219964473057673,0.07981748549748346
852,43,74,independent_noise,-0.5,-0.06178712844848633,0.0,0.06178712844848633
853,43,74,independent_noise,-0.25,-0.09356868267059326,0.0,0.09356868267059326
854,43,74,independent_noise,0.25,-0.01845341920852661,0.0,0.01845341920852661
855,43,74,independent_noise,0.5,-0.004555106163024902,0.0,0.004555106163024902
856,43,74,correlated_proxy,-0.5,0.006696462631225586,0.0,0.006696462631225586
857,43,74,correlated_proxy,-0.25,-0.007182478904724121,0.0,0.007182478904724121
858,43,74,correlated_proxy,0.25,-0.022419452667236328,0.0,0.022419452667236328
859,43,74,correlated_proxy,0.5,-0.05568277835845947,0.0,0.05568277835845947
860,43,8,signal_1,-0.5,-0.06503045558929443,-0.09088441897988407,0.025853963390589638
861,43,8,signal_1,-0.25,-0.04369993507862091,-0.05209023590894765,0.008390300830326741
862,43,8,signal_1,0.25,0.051426783204078674,0.0670730711600093,0.01564628795593062
863,43,8,signal_1,0.5,0.058824434876441956,0.14892823680864736,0.09010380193220541
864,43,8,signal_2,-0.5,0.09101197123527527,0.12093960147491017,0.029927630239634906
865,43,8,signal_2,-0.25,0.040904805064201355,0.06433187828211126,0.023427073217909905
866,43,8,signal_2,0.25,-0.06271658837795258,-0.06139629203288614,0.0013202963450664323
867,43,8,independent_noise,-0.5,-0.013156846165657043,0.0,0.013156846165657043
868,43,8,independent_noise,-0.25,0.0018445998430252075,0.0,0.0018445998430252075
869,43,8,independent_noise,0.25,0.005868107080459595,0.0,0.005868107080459595
870,43,8,correlated_proxy,-0.5,-0.010964632034301758,0.0,0.010964632034301758
871,43,8,correlated_proxy,-0.25,-0.009399369359016418,0.0,0.009399369359016418
872,43,8,correlated_proxy,0.25,0.008349239826202393,0.0,0.008349239826202393
873,43,8,correlated_proxy,0.5,-0.01352323591709137,0.0,0.01352323591709137
874,43,123,signal_1,-0.5,-0.02709636278450489,-0.02584316520245545,0.001253197582049441
875,43,123,signal_1,-0.25,-0.018156353384256363,-0.015305248391936657,0.0028511049923197057
876,43,123,signal_1,0.25,0.0075792185962200165,0.021953284879722264,0.014374066283502247
877,43,123,signal_1,0.5,0.03461898863315582,0.052884433786887085,0.018265445153731262
878,43,123,signal_2,0.25,0.057078130543231964,0.06284186826115581,0.00576373771792385
879,43,123,signal_2,0.5,0.19782544672489166,0.17007365990456882,0.027751786820322838
880,43,123,independent_noise,-0.5,-0.007232282310724258,0.0,0.007232282310724258
881,43,123,independent_noise,-0.25,-0.001483142375946045,0.0,0.001483142375946045
882,43,123,independent_noise,0.25,-0.003727748990058899,0.0,0.003727748990058899
883,43,123,independent_noise,0.5,0.00012559816241264343,0.0,0.00012559816241264343
884,43,123,correlated_proxy,-0.5,-0.013160508126020432,0.0,0.013160508126020432
885,43,123,correlated_proxy,-0.25,-0.009511236101388931,0.0,0.009511236101388931
886,43,123,correlated_proxy,0.25,-0.0014254525303840637,0.0,0.0014254525303840637
887,43,123,correlated_proxy,0.5,0.014586437493562698,0.0,0.014586437493562698
888,43,514,signal_1,-0.5,-0.12914696335792542,-0.18108177200202052,0.05193480864409511
889,43,514,signal_1,-0.25,-0.07289296388626099,-0.09576968761813426,0.022876723731873272
890,43,514,signal_1,0.25,0.1423315703868866,0.09966780117002727,0.042663769216859326
891,43,514,signal_1,0.5,0.14780887961387634,0.19554240219031904,0.0477335225764427
892,43,514,signal_2,-0.5,-0.21482640504837036,-0.2542394366697863,0.03941303162141596
893,43,514,signal_2,-0.25,-0.09850811958312988,-0.13073507816730034,0.03222695858417046
894,43,514,signal_2,0.25,0.07946518063545227,0.11368224538532157,0.0342170647498693
895,43,514,signal_2,0.5,0.23018744587898254,0.19864004038410554,0.031547405494877
896,43,514,independent_noise,0.25,0.003139108419418335,0.0,0.003139108419418335
897,43,514,independent_noise,0.5,0.01850944757461548,0.0,0.01850944757461548
898,43,514,correlated_proxy,-0.5,0.06878498196601868,0.0,0.06878498196601868
899,43,514,correlated_proxy,-0.25,0.020558089017868042,0.0,0.020558089017868042
900,43,514,correlated_proxy,0.25,0.04865574836730957,0.0,0.04865574836730957
901,43,514,correlated_proxy,0.5,0.004796117544174194,0.0,0.004796117544174194
902,43,324,signal_1,-0.5,-0.28597986698150635,-0.15281116295347708,0.13316870402802927
903,43,324,signal_1,-0.25,-0.17770916223526,-0.06912921490413626,0.10857994733112375
904,43,324,signal_1,0.25,0.017895162105560303,0.054038437645504644,0.03614327553994434
905,43,324,signal_2,-0.5,0.08824437856674194,0.09066793856122535,0.002423559994483404
906,43,324,signal_2,-0.25,-0.004234969615936279,0.05731172788962757,0.06154669750556385
907,43,324,independent_noise,-0.5,-0.04500925540924072,0.0,0.04500925540924072
908,43,324,independent_noise,-0.25,-0.04575127363204956,0.0,0.04575127363204956
909,43,324,independent_noise,0.25,-0.01245129108428955,0.0,0.01245129108428955
910,43,324,independent_noise,0.5,-0.055029094219207764,0.0,0.055029094219207764
911,43,324,correlated_proxy,-0.5,0.00017017126083374023,0.0,0.00017017126083374023
912,43,324,correlated_proxy,-0.25,0.0047830939292907715,0.0,0.0047830939292907715
913,43,324,correlated_proxy,0.25,-0.01949477195739746,0.0,0.01949477195739746
914,43,324,correlated_proxy,0.5,-0.07557600736618042,0.0,0.07557600736618042
915,43,886,signal_1,-0.5,-0.07667188346385956,-0.12125447176880155,0.044582588304941995
916,43,886,signal_1,-0.25,-0.04781244695186615,-0.06814911080451416,0.020336663852648013
917,43,886,signal_1,0.25,0.05519759654998779,0.08281792601955784,0.02762032946957005
918,43,886,signal_1,0.5,0.09206745028495789,0.17705089956464964,0.08498344927969176
919,43,886,signal_2,-0.5,0.15218928456306458,0.0684036532958765,0.08378563126718808
920,43,886,signal_2,-0.25,0.07582524418830872,0.04332059385444753,0.032504650333861185
921,43,886,signal_2,0.25,-0.05047626793384552,-0.055328578798040595,0.004852310864195075
922,43,886,signal_2,0.5,-0.07607556134462357,-0.11356741655458871,0.03749185520996515
923,43,886,independent_noise,-0.5,0.0017696470022201538,0.0,0.0017696470022201538
924,43,886,independent_noise,-0.25,-0.00015936791896820068,0.0,0.00015936791896820068
925,43,886,independent_noise,0.25,-0.0051887184381484985,0.0,0.0051887184381484985
926,43,886,correlated_proxy,-0.5,-0.004187285900115967,0.0,0.004187285900115967
927,43,886,correlated_proxy,-0.25,0.0005853027105331421,0.0,0.0005853027105331421
928,43,886,correlated_proxy,0.25,-0.0030642151832580566,0.0,0.0030642151832580566
929,43,886,correlated_proxy,0.5,0.0009146630764007568,0.0,0.0009146630764007568
930,43,847,signal_1,-0.5,-0.15893399715423584,-0.19701492100693985,0.03808092385270401
931,43,847,signal_1,-0.25,-0.08400174975395203,-0.097659998981106,0.013658249227153973
932,43,847,signal_1,0.25,0.050447940826416016,0.08886455206670207,0.03841661124028606
933,43,847,signal_1,0.5,0.20511847734451294,0.16422432915178586,0.040894148192727076
934,43,847,signal_2,-0.5,0.14064407348632812,0.06165827986212802,0.0789857936242001
935,43,847,signal_2,-0.25,0.02360522747039795,0.04273395227795329,0.019128724807555342
936,43,847,signal_2,0.25,-0.12031993269920349,-0.06927275824931012,0.05104717444989337
937,43,847,signal_2,0.5,-0.1772461235523224,-0.16543007704270524,0.01181604650961715
938,43,847,independent_noise,-0.5,-0.04620236158370972,0.0,0.04620236158370972
939,43,847,independent_noise,-0.25,-0.06027579307556152,0.0,0.06027579307556152
940,43,847,independent_noise,0.25,0.006714582443237305,0.0,0.006714582443237305
941,43,847,independent_noise,0.5,-0.03493937849998474,0.0,0.03493937849998474
942,43,847,correlated_proxy,-0.5,-0.0473904013633728,0.0,0.0473904013633728
943,43,847,correlated_proxy,-0.25,-0.026001065969467163,0.0,0.026001065969467163
944,43,847,correlated_proxy,0.25,-0.03776353597640991,0.0,0.03776353597640991
945,43,847,correlated_proxy,0.5,-0.004256129264831543,0.0,0.004256129264831543
946,43,199,signal_1,-0.5,-0.1493697166442871,-0.11803412262798318,0.031335594016303925
947,43,199,signal_1,-0.25,-0.11561226844787598,-0.05154411049107188,0.0640681579568041
948,43,199,signal_1,0.25,0.021377265453338623,0.03833458177170879,0.016957316318370164
949,43,199,signal_1,0.5,0.1252613663673401,0.06597448574984743,0.059286880617492654
950,43,199,signal_2,-0.5,0.05747950077056885,0.023123400717516174,0.034356100053052674
951,43,199,signal_2,-0.25,0.04927343130111694,0.01707855702094052,0.03219487428017642
952,43,199,signal_2,0.25,-0.1003345251083374,-0.032264175988028554,0.06807034912030885
953,43,199,signal_2,0.5,-0.12324374914169312,-0.08721668539142713,0.036027063750265986
954,43,199,independent_noise,-0.5,-0.026744961738586426,0.0,0.026744961738586426
955,43,199,independent_noise,-0.25,-0.04026997089385986,0.0,0.04026997089385986
956,43,199,independent_noise,0.25,0.006662607192993164,0.0,0.006662607192993164
957,43,199,correlated_proxy,-0.5,-0.01513606309890747,0.0,0.01513606309890747
958,43,199,correlated_proxy,-0.25,-0.0151597261428833,0.0,0.0151597261428833
959,43,199,correlated_proxy,0.25,-0.0366208553314209,0.0,0.0366208553314209
960,43,199,correlated_proxy,0.5,-0.01027822494506836,0.0,0.01027822494506836
961,43,602,signal_1,-0.5,-0.1262415051460266,-0.19553840810934087,0.06929690296331426
962,43,602,signal_1,-0.25,-0.07090052962303162,-0.09966782986986256,0.02876730024683094
963,43,602,signal_1,0.25,0.14908984303474426,0.09577375923538378,0.05331608379936048
964,43,602,signal_1,0.5,0.18458780646324158,0.18109280867169808,0.003494997791543497
965,43,602,signal_2,-0.5,0.16992101073265076,0.12067816061174852,0.04924285012090224
966,43,602,signal_2,-0.25,0.06257131695747375,0.07386195590473021,0.01129063894725646
967,43,602,signal_2,0.25,-0.01986992359161377,-0.10100619535934474,0.08113627176773097
968,43,602,signal_2,0.5,-0.18681271374225616,-0.22048354880504067,0.03367083506278451
969,43,602,independent_noise,-0.5,0.011108338832855225,0.0,0.011108338832855225
970,43,602,independent_noise,-0.25,0.02430054545402527,0.0,0.02430054545402527
971,43,602,independent_noise,0.25,-0.025386303663253784,0.0,0.025386303663253784
972,43,602,independent_noise,0.5,0.031242072582244873,0.0,0.031242072582244873
973,43,602,correlated_proxy,-0.5,0.001482158899307251,0.0,0.001482158899307251
974,43,602,correlated_proxy,-0.25,-0.0004277825355529785,0.0,0.0004277825355529785
975,43,602,correlated_proxy,0.25,-0.014894485473632812,0.0,0.014894485473632812
976,43,602,correlated_proxy,0.5,-0.00016573071479797363,0.0,0.00016573071479797363
977,43,461,signal_1,-0.5,-0.13333719968795776,-0.14358053362462775,0.010243333936669985
978,43,461,signal_1,-0.25,-0.08123248815536499,-0.06428571506403213,0.016946773091332856
979,43,461,signal_1,0.25,0.04497325420379639,0.04950325186810589,0.004529997664309504
980,43,461,signal_1,0.5,0.10396736860275269,0.08613360723037577,0.01783376137237691
981,43,461,signal_2,-0.5,-0.012083232402801514,-0.03567658344340685,0.023593351040605337
982,43,461,signal_2,-0.25,0.0019090771675109863,-0.009672354182686638,0.011581431350197624
983,43,461,signal_2,0.25,0.036193788051605225,-0.004757731084039318,0.04095151913564454
984,43,461,signal_2,0.5,0.003808259963989258,-0.024887535792629922,0.02869579575661918
985,43,461,independent_noise,-0.5,-0.01702982187271118,0.0,0.01702982187271118
986,43,461,independent_noise,-0.25,0.009267628192901611,0.0,0.009267628192901611
987,43,461,independent_noise,0.25,0.013393878936767578,0.0,0.013393878936767578
988,43,461,correlated_proxy,-0.5,-0.01193845272064209,0.0,0.01193845272064209
989,43,461,correlated_proxy,-0.25,0.013087213039398193,0.0,0.013087213039398193
990,43,461,correlated_proxy,0.25,0.04246944189071655,0.0,0.04246944189071655
991,43,461,correlated_proxy,0.5,-0.014245390892028809,0.0,0.014245390892028809
992,43,807,signal_1,-0.5,-0.12713998556137085,-0.09021692659025071,0.03692305897112014
993,43,807,signal_1,-0.25,-0.03706991672515869,-0.03848905687971138,0.0014191401545526894
994,43,807,signal_1,0.25,0.014181256294250488,0.02776071444477901,0.013579458150528523
995,43,807,signal_2,-0.5,0.01930004358291626,-0.0023094487005730358,0.021609492283489296
996,43,807,signal_2,-0.25,0.011297821998596191,0.002900891632893976,0.008396930365702215
997,43,807,signal_2,0.25,-0.036002516746520996,-0.011753115789676194,0.024249400956844802
998,43,807,signal_2,0.5,-0.07120460271835327,-0.035397302805593944,0.03580729991275933
999,43,807,independent_noise,-0.5,-0.041626572608947754,0.0,0.041626572608947754
1000,43,807,independent_noise,-0.25,-0.002522587776184082,0.0,0.002522587776184082
1001,43,807,independent_noise,0.25,0.008306741714477539,0.0,0.008306741714477539
1002,43,807,independent_noise,0.5,-0.0191916823387146,0.0,0.0191916823387146
1003,43,807,correlated_proxy,-0.5,-0.010993003845214844,0.0,0.010993003845214844
1004,43,807,correlated_proxy,-0.25,-0.050004541873931885,0.0,0.050004541873931885
1005,43,807,correlated_proxy,0.25,0.014662384986877441,0.0,0.014662384986877441
1006,43,807,correlated_proxy,0.5,-0.007309973239898682,0.0,0.007309973239898682
1007,43,820,signal_1,-0.5,-0.09591090679168701,-0.18889996453185764,0.09298905774017063
1008,43,820,signal_1,-0.25,-0.02902352809906006,-0.09051286618503163,0.06148933808597157
1009,43,820,signal_1,0.25,0.1274939775466919,0.07750575828417472,0.049988219262517175
1010,43,820,signal_1,0.5,0.22379064559936523,0.13990081210639072,0.08388983349297452
1011,43,820,signal_2,-0.5,-0.1376882791519165,-0.2172735958620594,0.0795853167101429
1012,43,820,signal_2,-0.25,0.04326862096786499,-0.09213187870666073,0.13540049967452572
1013,43,820,signal_2,0.25,0.1234433650970459,0.06076368087906192,0.06267968421798398
1014,43,820,signal_2,0.5,0.17121565341949463,0.09677246813955886,0.07444318527993576
1015,43,820,independent_noise,-0.5,0.04587411880493164,0.0,0.04587411880493164
1016,43,820,independent_noise,-0.25,0.024813473224639893,0.0,0.024813473224639893
1017,43,820,independent_noise,0.25,0.022275447845458984,0.0,0.022275447845458984
1018,43,820,independent_noise,0.5,0.05590403079986572,0.0,0.05590403079986572
1019,43,820,correlated_proxy,-0.5,0.05254769325256348,0.0,0.05254769325256348
1020,43,820,correlated_proxy,-0.25,0.00931847095489502,0.0,0.00931847095489502
1021,43,820,correlated_proxy,0.25,0.09030789136886597,0.0,0.09030789136886597
1022,43,820,correlated_proxy,0.5,0.029639005661010742,0.0,0.029639005661010742
1023,43,231,signal_1,-0.5,-0.07530277967453003,-0.08357786447409507,0.008275084799565041
1024,43,231,signal_1,-0.25,-0.054666660726070404,-0.04810411545640908,0.006562545269661324
1025,43,231,signal_1,0.25,0.023242443799972534,0.0627516957140839,0.039509251914111365
1026,43,231,signal_2,-0.25,-0.12108512222766876,-0.09522942210946526,0.025855700118203498
1027,43,231,signal_2,0.25,0.07903642952442169,0.1548910701786365,0.0758546406542148
1028,43,231,signal_2,0.5,0.28601931035518646,0.338092067011305,0.052072756656118546
1029,43,231,independent_noise,-0.5,0.0015764683485031128,0.0,0.0015764683485031128
1030,43,231,independent_noise,-0.25,-0.03462144732475281,0.0,0.03462144732475281
1031,43,231,independent_noise,0.25,-0.017970457673072815,0.0,0.017970457673072815
1032,43,231,independent_noise,0.5,-0.005749985575675964,0.0,0.005749985575675964
1033,43,231,correlated_proxy,-0.5,-0.0175342857837677,0.0,0.0175342857837677
1034,43,231,correlated_proxy,-0.25,-0.004485040903091431,0.0,0.004485040903091431
1035,43,231,correlated_proxy,0.25,0.008557990193367004,0.0,0.008557990193367004
1036,43,231,correlated_proxy,0.5,0.003685012459754944,0.0,0.003685012459754944
1037,43,19,signal_1,-0.5,-0.1325666904449463,-0.17011428615570753,0.037547595710761245
1038,43,19,signal_1,-0.25,-0.054892510175704956,-0.09140379391261294,0.036511283736907985
1039,43,19,signal_1,0.25,0.10185420513153076,0.09873054692632077,0.0031236582052099893
1040,43,19,signal_1,0.5,0.1550745964050293,0.1973743804121717,0.042299784007142405
1041,43,19,signal_2,-0.5,-0.18594302237033844,-0.18361988770052878,0.0023231346698096567
1042,43,19,signal_2,-0.25,-0.09104588627815247,-0.0889713791703583,0.0020745071077941657
1043,43,19,signal_2,0.25,0.09056445956230164,0.07092398609085893,0.01964047347144271
1044,43,19,signal_2,0.5,0.12092781066894531,0.11805522140988456,0.002872589259060754
1045,43,19,independent_noise,-0.5,-0.009442061185836792,0.0,0.009442061185836792
1046,43,19,independent_noise,-0.25,0.00736004114151001,0.0,0.00736004114151001
1047,43,19,independent_noise,0.25,0.044339656829833984,0.0,0.044339656829833984
1048,43,19,independent_noise,0.5,0.016331791877746582,0.0,0.016331791877746582
1049,43,19,correlated_proxy,-0.5,-0.032024502754211426,0.0,0.032024502754211426
1050,43,19,correlated_proxy,-0.25,-0.008240282535552979,0.0,0.008240282535552979
1051,43,19,correlated_proxy,0.25,0.03784281015396118,0.0,0.03784281015396118
1052,43,19,correlated_proxy,0.5,0.0656018853187561,0.0,0.0656018853187561
1053,43,771,signal_1,-0.5,-0.19968777894973755,-0.14301391645794992,0.05667386249178763
1054,43,771,signal_1,-0.25,-0.06549477577209473,-0.06399319096594158,0.0015015848061531445
1055,43,771,signal_1,0.25,0.07945507764816284,0.049235147348910324,0.030219930299252518
1056,43,771,signal_1,0.5,0.1266998052597046,0.0856431451209907,0.041056660138713896
1057,43,771,signal_2,-0.5,0.07210737466812134,0.009622115133061326,0.06248525953506001
1058,43,771,signal_2,-0.25,0.04979288578033447,0.011639650454256856,0.03815323532607762
1059,43,771,signal_2,0.25,-0.08945876359939575,-0.02768257349565817,0.06177619010373758
1060,43,771,signal_2,0.5,-0.13973206281661987,-0.07673878037771142,0.06299328243890845
1061,43,771,independent_noise,-0.5,-0.006070911884307861,0.0,0.006070911884307861
1062,43,771,independent_noise,-0.25,0.019530415534973145,0.0,0.019530415534973145
1063,43,771,independent_noise,0.25,0.020129144191741943,0.0,0.020129144191741943
1064,43,771,independent_noise,0.5,0.030308902263641357,0.0,0.030308902263641357
1065,43,771,correlated_proxy,-0.5,-0.03359806537628174,0.0,0.03359806537628174
1066,43,771,correlated_proxy,-0.25,0.011034369468688965,0.0,0.011034369468688965
1067,43,771,correlated_proxy,0.25,0.04063683748245239,0.0,0.04063683748245239
1068,43,771,correlated_proxy,0.5,0.053137362003326416,0.0,0.053137362003326416
1069,43,70,signal_1,-0.25,-0.037132490426301956,-0.024356186040193982,0.012776304386107974
1070,43,70,signal_1,0.25,0.04191075265407562,0.03409092389296002,0.007819828761115602
1071,43,70,signal_1,0.5,0.11000055074691772,0.08050745411051478,0.02949309663640294
1072,43,70,signal_2,-0.5,-0.02788195013999939,-0.01768214245661945,0.010199807683379941
1073,43,70,signal_2,-0.25,-0.01188274472951889,-0.006096996763630194,0.005785747965888696
1074,43,70,signal_2,0.25,0.0007118955254554749,-0.0008661874511397272,0.001578082976595202
1075,43,70,signal_2,0.5,-0.0049112290143966675,-0.00848347650280673,0.003572247488410063
1076,43,70,independent_noise,-0.5,0.009730324149131775,0.0,0.009730324149131775
1077,43,70,independent_noise,-0.25,0.007382623851299286,0.0,0.007382623851299286
1078,43,70,independent_noise,0.25,0.010075941681861877,0.0,0.010075941681861877
1079,43,70,independent_noise,0.5,0.010429173707962036,0.0,0.010429173707962036
1080,43,70,correlated_proxy,-0.5,0.001227840781211853,0.0,0.001227840781211853
1081,43,70,correlated_proxy,-0.25,0.001906752586364746,0.0,0.001906752586364746
1082,43,70,correlated_proxy,0.25,0.009893447160720825,0.0,0.009893447160720825
1083,43,70,correlated_proxy,0.5,0.020533546805381775,0.0,0.020533546805381775
1084,43,127,signal_1,-0.5,-0.13035693764686584,-0.11046918418829979,0.019887753458566054
1085,43,127,signal_1,-0.25,-0.06759408116340637,-0.06254884259060253,0.00504523857280384
1086,43,127,signal_1,0.25,0.07923480868339539,0.0776528176248758,0.0015819910585195829
1087,43,127,signal_1,0.5,0.1800875961780548,0.16827580570086315,0.011811790477191664
1088,43,127,signal_2,-0.5,-0.16216538101434708,-0.14514553042672557,0.01701985058762151
1089,43,127,signal_2,-0.25,-0.0793372094631195,-0.08161137020701936,0.0022741607438998557
1090,43,127,signal_2,0.25,0.08360779285430908,0.08741882774803705,0.0038110348937279714
1091,43,127,signal_2,0.5,0.1809515655040741,0.16621701312461212,0.014734552379461974
1092,43,127,independent_noise,-0.5,-0.00842440128326416,0.0,0.00842440128326416
1093,43,127,independent_noise,-0.25,0.00562518835067749,0.0,0.00562518835067749
1094,43,127,independent_noise,0.25,-0.0022102296352386475,0.0,0.0022102296352386475
1095,43,127,independent_noise,0.5,0.009293705224990845,0.0,0.009293705224990845
1096,43,127,correlated_proxy,-0.5,0.004837065935134888,0.0,0.004837065935134888
1097,43,127,correlated_proxy,-0.25,0.010085463523864746,0.0,0.010085463523864746
1098,43,127,correlated_proxy,0.25,0.004426836967468262,0.0,0.004426836967468262
1099,43,127,correlated_proxy,0.5,-0.00037291646003723145,0.0,0.00037291646003723145
1100,43,737,signal_1,-0.5,-0.1311623752117157,-0.19280878348362346,0.06164640827190776
1101,43,737,signal_1,-0.25,-0.010726451873779297,-0.09935534110247718,0.08862888922869788
1102,43,737,signal_1,0.25,0.07323956489562988,0.09765895518589196,0.024419390290262077
1103,43,737,signal_1,0.5,0.1772412657737732,0.1865213034045209,0.009280037630747695
1104,43,737,signal_2,-0.5,-0.1310071349143982,-0.17101941175609303,0.04001227684169484
1105,43,737,signal_2,-0.25,-0.00015217065811157227,-0.07514009388405879,0.07498792322594722
1106,43,737,signal_2,0.25,0.08660721778869629,0.04987405879752804,0.03673315899116825
1107,43,737,signal_2,0.5,0.09836685657501221,0.07451010853145623,0.023856748043555975
1108,43,737,independent_noise,-0.5,0.045670270919799805,0.0,0.045670270919799805
1109,43,737,independent_noise,-0.25,0.06758159399032593,0.0,0.06758159399032593
1110,43,737,independent_noise,0.25,-0.008268892765045166,0.0,0.008268892765045166
1111,43,737,independent_noise,0.5,-0.002335786819458008,0.0,0.002335786819458008
1112,43,737,correlated_proxy,-0.5,0.03286874294281006,0.0,0.03286874294281006
1113,43,737,correlated_proxy,-0.25,0.07629072666168213,0.0,0.07629072666168213
1114,43,737,correlated_proxy,0.25,0.05895811319351196,0.0,0.05895811319351196
1115,43,737,correlated_proxy,0.5,0.019180774688720703,0.0,0.019180774688720703
1116,43,838,signal_1,-0.5,-0.0533578023314476,-0.07258775667578633,0.01922995434433873
1117,43,838,signal_1,-0.25,-0.04610878974199295,-0.04203106569048119,0.004077724051511758
1118,43,838,signal_2,0.25,0.20502517372369766,0.15295717153566107,0.05206800218803659
1119,43,838,signal_2,0.5,0.28384024649858475,0.347250576236061,0.06341032973747623
1120,43,838,independent_noise,0.25,-0.014925919473171234,0.0,0.014925919473171234
1121,43,838,independent_noise,0.5,0.000828184187412262,0.0,0.000828184187412262
1122,43,838,correlated_proxy,-0.5,0.017312265932559967,0.0,0.017312265932559967
1123,43,838,correlated_proxy,-0.25,0.0018097832798957825,0.0,0.0018097832798957825
1124,43,838,correlated_proxy,0.25,0.0372680202126503,0.0,0.0372680202126503
1125,43,838,correlated_proxy,0.5,0.010790027678012848,0.0,0.010790027678012848
1126,43,332,signal_1,-0.5,-0.0667865127325058,-0.0899710724401566,0.023184559707650806
1127,43,332,signal_1,-0.25,-0.03104706108570099,-0.051594308985376175,0.020547247899675186
1128,43,332,signal_1,0.25,0.08155405521392822,0.06654372628268507,0.015010328931243155
1129,43,332,signal_1,0.5,0.09109905362129211,0.1479199430572626,0.056820889435970495
1130,43,332,signal_2,-0.5,0.09892655909061432,0.14292155463330583,0.04399499554269151
1131,43,332,signal_2,-0.25,0.03614643216133118,0.07377397414365591,0.037627541982324736
1132,43,332,independent_noise,-0.5,0.021072179079055786,0.0,0.021072179079055786
1133,43,332,independent_noise,-0.25,-0.006231710314750671,0.0,0.006231710314750671
1134,43,332,independent_noise,0.25,0.020985722541809082,0.0,0.020985722541809082
1135,43,332,independent_noise,0.5,-0.010389015078544617,0.0,0.010389015078544617
1136,43,332,correlated_proxy,-0.5,-0.0019142627716064453,0.0,0.0019142627716064453
1137,43,332,correlated_proxy,-0.25,0.02376800775527954,0.0,0.02376800775527954
1138,43,332,correlated_proxy,0.25,0.0005619823932647705,0.0,0.0005619823932647705
1139,43,332,correlated_proxy,0.5,0.006042391061782837,0.0,0.006042391061782837
1140,43,953,signal_1,-0.5,-0.12192632257938385,-0.1264839421840184,0.00455761960463455
1141,43,953,signal_1,-0.25,-0.07266518473625183,-0.07081794351372794,0.0018472412225238877
1142,43,953,signal_1,0.25,0.09885144233703613,0.0851408906164911,0.013710551720545028
1143,43,953,signal_1,0.5,0.17381510138511658,0.18081009580791008,0.006994994422793499
1144,43,953,signal_2,-0.5,-0.21939903497695923,-0.1831405176534613,0.03625851732349794
1145,43,953,signal_2,-0.25,-0.11264605820178986,-0.1058746782037086,0.006771379998081251
1146,43,953,signal_2,0.25,0.08488202095031738,0.11751957623399945,0.03263755528368206
1147,43,953,signal_2,0.5,0.1663801372051239,0.22521269857519394,0.058832561370070036
1148,43,953,independent_noise,-0.5,-0.024026423692703247,0.0,0.024026423692703247
1149,43,953,independent_noise,-0.25,0.002868056297302246,0.0,0.002868056297302246
1150,43,953,independent_noise,0.25,0.015786319971084595,0.0,0.015786319971084595
1151,43,953,correlated_proxy,-0.5,0.029072493314743042,0.0,0.029072493314743042
1152,43,953,correlated_proxy,-0.25,-0.014260619878768921,0.0,0.014260619878768921
1153,43,953,correlated_proxy,0.25,-0.018349945545196533,0.0,0.018349945545196533
1154,43,953,correlated_proxy,0.5,-0.02040785551071167,0.0,0.02040785551071167
1155,43,714,signal_1,-0.5,-0.16798686981201172,-0.05009777197606624,0.11788909783594548
1156,43,714,signal_1,-0.25,-0.06936967372894287,-0.020756873621083582,0.04861280010785929
1157,43,714,signal_2,-0.5,-0.05150008201599121,-0.02196624465221797,0.02953383736377324
1158,43,714,signal_2,-0.25,-0.006000399589538574,-0.007414110120695039,0.0014137105311564646
1159,43,714,signal_2,0.25,0.0008992552757263184,0.0025081759905081213,0.001608920714781803
1160,43,714,signal_2,0.5,-0.03058493137359619,0.0008325645524499548,0.031417495926046146
1161,43,714,independent_noise,-0.5,0.016705214977264404,0.0,0.016705214977264404
1162,43,714,independent_noise,-0.25,0.02563035488128662,0.0,0.02563035488128662
1163,43,714,independent_noise,0.25,0.019444704055786133,0.0,0.019444704055786133
1164,43,714,independent_noise,0.5,0.006344258785247803,0.0,0.006344258785247803
1165,43,714,correlated_proxy,-0.5,0.03933513164520264,0.0,0.03933513164520264
1166,43,714,correlated_proxy,-0.25,0.005249381065368652,0.0,0.005249381065368652
1167,43,6,signal_1,-0.5,-0.11789414286613464,-0.19664239759781205,0.0787482547316774
1168,43,6,signal_1,-0.25,-0.10043370723724365,-0.09711500090975655,0.0033187063274870976
1169,43,6,signal_1,0.25,0.16063463687896729,0.08775958131596862,0.07287505556299867
1170,43,6,signal_1,0.5,0.21145027875900269,0.1617319515934753,0.049718327165527376
1171,43,6,signal_2,-0.5,0.17845571041107178,0.14679047966450598,0.0316652307465658
1172,43,6,signal_2,-0.25,0.14220011234283447,0.08899795046914949,0.05320216187368498
1173,43,6,signal_2,0.25,-0.17485439777374268,-0.12359937648522223,0.05125502128852044
1174,43,6,independent_noise,-0.5,0.06370919942855835,0.0,0.06370919942855835
1175,43,6,independent_noise,-0.25,0.027695775032043457,0.0,0.027695775032043457
1176,43,6,independent_noise,0.25,0.07669854164123535,0.0,0.07669854164123535
1177,43,6,independent_noise,0.5,0.0004558563232421875,0.0,0.0004558563232421875
1178,43,6,correlated_proxy,-0.5,0.03341609239578247,0.0,0.03341609239578247
1179,43,6,correlated_proxy,-0.25,0.004074037075042725,0.0,0.004074037075042725
1180,43,6,correlated_proxy,0.25,0.03125256299972534,0.0,0.03125256299972534
1181,43,6,correlated_proxy,0.5,0.029254436492919922,0.0,0.029254436492919922
1182,44,32,signal_1,-0.5,-0.1281452775001526,-0.17756077644628,0.0494154989461274
1183,44,32,signal_1,-0.25,-0.04990267753601074,-0.0831283873168086,0.03322570978079786
1184,44,32,signal_1,0.25,0.07805746793746948,0.06849966144488606,0.00955780649258342
1185,44,32,signal_1,0.5,0.1278802752494812,0.12193780990761449,0.0059424653418667095
1186,44,32,signal_2,-0.5,-0.1452193260192871,-0.20416065447408227,0.05894132845479516
1187,44,32,signal_2,-0.25,-0.0502547025680542,-0.08398686685568202,0.03373216428762782
1188,44,32,signal_2,0.25,0.08060050010681152,0.053431118040679015,0.027169382066132508
1189,44,32,signal_2,0.5,0.10810339450836182,0.08432564271844711,0.023777751789914703
1190,44,32,independent_noise,-0.5,0.0045168399810791016,0.0,0.0045168399810791016
1191,44,32,independent_noise,-0.25,-0.00040793418884277344,0.0,0.00040793418884277344
1192,44,32,independent_noise,0.25,0.0075078606605529785,0.0,0.0075078606605529785
1193,44,32,independent_noise,0.5,0.010130882263183594,0.0,0.010130882263183594
1194,44,32,correlated_proxy,-0.5,-0.008056342601776123,0.0,0.008056342601776123
1195,44,32,correlated_proxy,-0.25,-0.009745121002197266,0.0,0.009745121002197266
1196,44,32,correlated_proxy,0.25,0.014403283596038818,0.0,0.014403283596038818
1197,44,32,correlated_proxy,0.5,0.025104403495788574,0.0,0.025104403495788574
1198,44,638,signal_1,-0.5,-0.131758451461792,-0.18832185694133186,0.05656340547953986
1199,44,638,signal_1,-0.25,-0.05604797601699829,-0.09010444471561352,0.03405646869861523
1200,44,638,signal_1,0.25,0.05251312255859375,0.07696461115680608,0.024451488598212334
1201,44,638,signal_1,0.5,0.11065703630447388,0.1387961471489112,0.02813911084443732
1202,44,638,signal_2,-0.5,-0.027324557304382324,-0.04963628667630415,0.02231172937192183
1203,44,638,signal_2,-0.25,-0.004068732261657715,-0.01345434249738997,0.009385610235732256
1204,44,638,signal_2,0.25,-0.00974416732788086,-0.007797317933837089,0.0019468493940437703
1205,44,638,signal_2,0.5,-0.03212630748748779,-0.037722631565240805,0.005596324077753012
1206,44,638,independent_noise,-0.5,-0.013609766960144043,0.0,0.013609766960144043
1207,44,638,independent_noise,-0.25,-0.0056549906730651855,0.0,0.0056549906730651855
1208,44,638,independent_noise,0.25,-0.005310952663421631,0.0,0.005310952663421631
1209,44,638,independent_noise,0.5,0.0035005807876586914,0.0,0.0035005807876586914
1210,44,638,correlated_proxy,-0.5,-0.00280606746673584,0.0,0.00280606746673584
1211,44,638,correlated_proxy,-0.25,-0.005025148391723633,0.0,0.005025148391723633
1212,44,638,correlated_proxy,0.25,-0.003987789154052734,0.0,0.003987789154052734
1213,44,638,correlated_proxy,0.5,0.011883199214935303,0.0,0.011883199214935303
1214,44,65,signal_1,-0.5,-0.03236723877489567,-0.01935465569675442,0.013012583078141248
1215,44,65,signal_1,-0.25,-0.02054085209965706,-0.011494801847597172,0.009046050252059887
1216,44,65,signal_1,0.25,0.025852542370557785,0.016653544911878045,0.00919899745867974
1217,44,65,signal_1,0.5,0.055524442344903946,0.04045538893742947,0.015069053407474477
1218,44,65,signal_2,-0.5,-0.037170158699154854,-0.025847318754229326,0.011322839944925528
1219,44,65,signal_2,-0.25,-0.019643813371658325,-0.01591249210693635,0.0037313212647219762
1220,44,65,signal_2,0.25,0.01935684308409691,0.02215771510250473,0.00280087201840782
1221,44,65,signal_2,0.5,0.04952339455485344,0.04868084926050075,0.0008425452943526882
1222,44,65,independent_noise,-0.25,-0.00018649175763130188,0.0,0.00018649175763130188
1223,44,65,independent_noise,0.25,-0.00014378130435943604,0.0,0.00014378130435943604
1224,44,65,independent_noise,0.5,-0.0002765841782093048,0.0,0.0002765841782093048
1225,44,65,correlated_proxy,-0.5,-0.002843458205461502,0.0,0.002843458205461502
1226,44,65,correlated_proxy,-0.25,-0.00013999268412590027,0.0,0.00013999268412590027
1227,44,65,correlated_proxy,0.25,0.00026543810963630676,0.0,0.00026543810963630676
1228,44,65,correlated_proxy,0.5,0.0003874264657497406,0.0,0.0003874264657497406
1229,44,965,signal_1,-0.5,-0.037841685116291046,-0.027933418253040014,0.009908266863251032
1230,44,965,signal_1,-0.25,-0.02393677830696106,-0.016527956029307858,0.0074088222776532014
1231,44,965,signal_1,0.25,0.027943551540374756,0.02363025022424905,0.0043133013161257075
1232,44,965,signal_1,0.5,0.06506606191396713,0.05677140194919949,0.008294659964767644
1233,44,965,signal_2,-0.5,-0.057663120329380035,-0.042205667805564395,0.01545745252381564
1234,44,965,signal_2,-0.25,-0.03758234903216362,-0.028108871198036723,0.009473477834126897
1235,44,965,signal_2,0.25,0.06988155096769333,0.0481256411601478,0.021755909807545527
1236,44,965,signal_2,0.5,0.14464329928159714,0.11760601345113475,0.027037285830462388
1237,44,965,independent_noise,-0.5,0.0016453340649604797,0.0,0.0016453340649604797
1238,44,965,independent_noise,-0.25,-0.0025059059262275696,0.0,0.0025059059262275696
1239,44,965,independent_noise,0.25,0.00633779913187027,0.0,0.00633779913187027
1240,44,965,independent_noise,0.5,-0.001653328537940979,0.0,0.001653328537940979
1241,44,965,correlated_proxy,-0.5,0.014400996267795563,0.0,0.014400996267795563
1242,44,965,correlated_proxy,-0.25,0.005257986485958099,0.0,0.005257986485958099
1243,44,965,correlated_proxy,0.25,-0.0021699070930480957,0.0,0.0021699070930480957
1244,44,965,correlated_proxy,0.5,-0.0018432065844535828,0.0,0.0018432065844535828
1245,44,84,signal_1,-0.5,-0.08689022064208984,-0.06113925685962307,0.025750963782466774
1246,44,84,signal_1,-0.25,-0.03994560241699219,-0.025526280106693222,0.014419322310298965
1247,44,84,signal_2,-0.5,0.0066980719566345215,0.0038330919242574035,0.002864980032377118
1248,44,84,signal_2,-0.25,0.006883025169372559,0.004472139183435919,0.0024108859859366394
1249,44,84,signal_2,0.25,-0.0159112811088562,-0.010851012770740076,0.005060268338116125
1250,44,84,signal_2,0.5,-0.032289206981658936,-0.03129648860707457,0.000992718374584367
1251,44,84,independent_noise,-0.5,-0.007228851318359375,0.0,0.007228851318359375
1252,44,84,independent_noise,-0.25,-0.004999756813049316,0.0,0.004999756813049316
1253,44,84,independent_noise,0.25,-0.004124462604522705,0.0,0.004124462604522705
1254,44,84,independent_noise,0.5,-0.003928422927856445,0.0,0.003928422927856445
1255,44,84,correlated_proxy,-0.5,-0.002850830554962158,0.0,0.002850830554962158
1256,44,84,correlated_proxy,-0.25,-0.002556145191192627,0.0,0.002556145191192627
1257,44,84,correlated_proxy,0.25,0.0021271109580993652,0.0,0.0021271109580993652
1258,44,84,correlated_proxy,0.5,0.004549920558929443,0.0,0.004549920558929443
1259,44,622,signal_1,-0.5,-0.12061552703380585,-0.10353442171376924,0.017081105320036608
1260,44,622,signal_1,-0.25,-0.06460495293140411,-0.058885582695402894,0.00571937023600122
1261,44,622,signal_1,0.25,0.06757618486881256,0.07407833598861502,0.006502151119802457
1262,44,622,signal_1,0.5,0.1490178257226944,0.16192335606709513,0.012905530344400729
1263,44,622,signal_2,-0.5,0.04908542335033417,0.04405474847978913,0.005030674870545038
1264,44,622,signal_2,-0.25,0.026553109288215637,0.03032130395400348,0.003768194665787844
1265,44,622,signal_2,0.25,-0.04629470407962799,-0.04191268042709462,0.004382023652533373
1266,44,622,signal_2,0.5,-0.06834040582180023,-0.08805514352743483,0.019714737705634602
1267,44,622,independent_noise,-0.5,-0.00017495453357696533,0.0,0.00017495453357696533
1268,44,622,independent_noise,-0.25,-0.008365228772163391,0.0,0.008365228772163391
1269,44,622,independent_noise,0.25,-0.0046318769454956055,0.0,0.0046318769454956055
1270,44,622,independent_noise,0.5,0.007088944315910339,0.0,0.007088944315910339
1271,44,622,correlated_proxy,-0.5,-0.023111537098884583,0.0,0.023111537098884583
1272,44,622,correlated_proxy,-0.25,-0.005534961819648743,0.0,0.005534961819648743
1273,44,622,correlated_proxy,0.25,-0.006389781832695007,0.0,0.006389781832695007
1274,44,622,correlated_proxy,0.5,0.0013017505407333374,0.0,0.0013017505407333374
1275,44,141,signal_1,-0.5,-0.1402708888053894,-0.18468849717494862,0.044417608369559214
1276,44,141,signal_1,-0.25,-0.07259052991867065,-0.0970518128157733,0.024461282897102643
1277,44,141,signal_1,0.25,0.08990001678466797,0.09954209903921257,0.009642082254544604
1278,44,141,signal_1,0.5,0.1499287486076355,0.1939206442027302,0.0439918955950947
1279,44,141,signal_2,-0.5,0.01145869493484497,-0.013888026283134403,0.025346721217979373
1280,44,141,signal_2,-0.25,0.012953788042068481,0.005493903475101758,0.0074598845669667235
1281,44,141,signal_2,0.25,-0.032668739557266235,-0.030231346854058483,0.0024373927032077525
1282,44,141,signal_2,0.5,-0.07780879735946655,-0.08391852459864252,0.006109727239175966
1283,44,141,independent_noise,-0.5,-0.003191709518432617,0.0,0.003191709518432617
1284,44,141,independent_noise,-0.25,-0.014528840780258179,0.0,0.014528840780258179
1285,44,141,independent_noise,0.25,0.008665710687637329,0.0,0.008665710687637329
1286,44,141,independent_noise,0.5,0.0009312927722930908,0.0,0.0009312927722930908
1287,44,141,correlated_proxy,-0.5,0.004440009593963623,0.0,0.004440009593963623
1288,44,141,correlated_proxy,-0.25,0.006820023059844971,0.0,0.006820023059844971
1289,44,141,correlated_proxy,0.25,0.0004572272300720215,0.0,0.0004572272300720215
1290,44,141,correlated_proxy,0.5,0.010603725910186768,0.0,0.010603725910186768
1291,44,152,signal_1,-0.5,-0.09512180089950562,-0.06698405286630309,0.028137748033202528
1292,44,152,signal_1,-0.25,-0.059536561369895935,-0.0389008417510887,0.02063571961880724
1293,44,152,signal_1,0.25,0.04210710525512695,0.05221671397922867,0.010109608724101715
1294,44,152,signal_1,0.5,0.12053640186786652,0.11942440290546369,0.001111998962402827
1295,44,152,signal_2,-0.5,0.06668020784854889,0.1037965305980317,0.037116322749482816
1296,44,152,signal_2,-0.25,0.023367777466773987,0.053308921829753414,0.029941144362979427
1297,44,152,signal_2,0.25,-0.05412675440311432,-0.04738791869957221,0.006738835703542112
1298,44,152,independent_noise,-0.25,-0.0015988796949386597,0.0,0.0015988796949386597
1299,44,152,independent_noise,0.25,0.01128058135509491,0.0,0.01128058135509491
1300,44,152,independent_noise,0.5,-0.003442719578742981,0.0,0.003442719578742981
1301,44,152,correlated_proxy,-0.5,-0.012769028544425964,0.0,0.012769028544425964
1302,44,152,correlated_proxy,-0.25,-0.0061277300119400024,0.0,0.0061277300119400024
1303,44,152,correlated_proxy,0.25,-0.010339245200157166,0.0,0.010339245200157166
1304,44,152,correlated_proxy,0.5,-0.006615400314331055,0.0,0.006615400314331055
1305,44,195,signal_1,0.25,0.030781906098127365,0.022820859818459764,0.007961046279667601
1306,44,195,signal_1,0.5,0.062962356954813,0.05489812489328912,0.00806423206152388
1307,44,195,signal_2,-0.5,0.004085604101419449,0.0032619913402917797,0.0008236127611276692
1308,44,195,signal_2,-0.25,0.005342807620763779,0.004111574145172513,0.001231233475591266
1309,44,195,signal_2,0.25,-0.010867100208997726,-0.0080294398908635,0.002837660318134226
1310,44,195,signal_2,0.5,-0.02075221762061119,-0.018063672934806645,0.002688544685804546
1311,44,195,independent_noise,-0.5,-0.003492940217256546,0.0,0.003492940217256546
1312,44,195,independent_noise,-0.25,-0.0023264624178409576,0.0,0.0023264624178409576
1313,44,195,independent_noise,0.25,-0.001245502382516861,0.0,0.001245502382516861
1314,44,195,independent_noise,0.5,-0.0017942488193511963,0.0,0.0017942488193511963
1315,44,195,correlated_proxy,-0.5,-0.007068738341331482,0.0,0.007068738341331482
1316,44,195,correlated_proxy,-0.25,-0.0038233622908592224,0.0,0.0038233622908592224
1317,44,195,correlated_proxy,0.25,0.0011667795479297638,0.0,0.0011667795479297638
1318,44,195,correlated_proxy,0.5,0.002560023218393326,0.0,0.002560023218393326
1319,44,183,signal_1,-0.5,-0.11109113693237305,-0.17281522906066482,0.061724092128291774
1320,44,183,signal_1,-0.25,-0.04695916175842285,-0.08028623269158086,0.03332707093315801
1321,44,183,signal_1,0.25,0.060135483741760254,0.065352954744756,0.005217471002995744
1322,44,183,signal_1,0.5,0.10880732536315918,0.11583970793036125,0.007032382567202067
1323,44,183,signal_2,-0.5,-0.04490417242050171,-0.06834225225572099,0.023438079835219283
1324,44,183,signal_2,-0.25,-0.002000272274017334,-0.023026235093053682,0.021025962819036348
1325,44,183,signal_2,0.25,0.00811392068862915,0.004046799146416924,0.0040671215422122264
1326,44,183,signal_2,0.5,-0.014954805374145508,-0.010257204951154453,0.004697600422991055
1327,44,183,independent_noise,-0.5,-0.0073285698890686035,0.0,0.0073285698890686035
1328,44,183,independent_noise,-0.25,-0.0009588003158569336,0.0,0.0009588003158569336
1329,44,183,independent_noise,0.25,0.009278059005737305,0.0,0.009278059005737305
1330,44,183,independent_noise,0.5,0.007281243801116943,0.0,0.007281243801116943
1331,44,183,correlated_proxy,-0.5,0.0033568739891052246,0.0,0.0033568739891052246
1332,44,183,correlated_proxy,-0.25,-0.004941225051879883,0.0,0.004941225051879883
1333,44,183,correlated_proxy,0.25,0.007670164108276367,0.0,0.007670164108276367
1334,44,183,correlated_proxy,0.5,0.006504535675048828,0.0,0.006504535675048828
1335,44,288,signal_1,-0.5,-0.0015599406324326992,-0.00038898782197631523,0.001170952810456384
1336,44,288,signal_1,-0.25,-0.0010255798697471619,-0.00023284583470695126,0.0007927340350402106
1337,44,288,signal_1,0.25,0.001643788069486618,0.00034716359638830283,0.0012966244730983152
1338,44,288,signal_1,0.5,0.004560446832329035,0.00086462271260953,0.0036958241197195046
1339,44,288,signal_2,0.25,0.0020397882908582687,0.001097243834458811,0.0009425444563994577
1340,44,288,signal_2,0.5,0.005930050741881132,0.00345482277509408,0.0024752279667870523
1341,44,288,independent_noise,-0.5,-0.00022029317915439606,0.0,0.00022029317915439606
1342,44,288,independent_noise,-0.25,-0.00031481310725212097,0.0,0.00031481310725212097
1343,44,288,independent_noise,0.25,-8.10171477496624e-05,0.0,8.10171477496624e-05
1344,44,288,independent_noise,0.5,-0.00028878962621092796,0.0,0.00028878962621092796
1345,44,288,correlated_proxy,-0.5,-0.0002509769983589649,0.0,0.0002509769983589649
1346,44,288,correlated_proxy,-0.25,0.00022355886176228523,0.0,0.00022355886176228523
1347,44,288,correlated_proxy,0.25,0.00024555809795856476,0.0,0.00024555809795856476
1348,44,288,correlated_proxy,0.5,0.00026606209576129913,0.0,0.00026606209576129913
1349,44,970,signal_1,-0.5,-0.10369956493377686,-0.14707390731199277,0.04337434237821591
1350,44,970,signal_1,-0.25,-0.05568617582321167,-0.0661009607396632,0.010414784916451536
1351,44,970,signal_1,0.25,0.046178340911865234,0.05118120046621344,0.005002859554348205
1352,44,970,signal_1,0.5,0.1009032130241394,0.0892112107441484,0.01169200227999101
1353,44,970,signal_2,-0.5,0.0013447999954223633,-0.014974820346912221,0.016319620342334584
1354,44,970,signal_2,-0.25,0.006788969039916992,5.337229599389204e-05,0.0067355967439231
1355,44,970,signal_2,0.25,-0.026245534420013428,-0.015145343091675922,0.011100191328337505
1356,44,970,signal_2,0.5,-0.049823760986328125,-0.048265593128560824,0.0015581678577673008
1357,44,970,independent_noise,-0.5,0.005088508129119873,0.0,0.005088508129119873
1358,44,970,independent_noise,-0.25,0.0030974149703979492,0.0,0.0030974149703979492
1359,44,970,independent_noise,0.25,0.01153331995010376,0.0,0.01153331995010376
1360,44,970,independent_noise,0.5,0.0077994465827941895,0.0,0.0077994465827941895
1361,44,970,correlated_proxy,-0.5,-0.0020422935485839844,0.0,0.0020422935485839844
1362,44,970,correlated_proxy,-0.25,0.001414179801940918,0.0,0.001414179801940918
1363,44,970,correlated_proxy,0.25,0.011365652084350586,0.0,0.011365652084350586
1364,44,970,correlated_proxy,0.5,0.008776426315307617,0.0,0.008776426315307617
1365,44,182,signal_1,-0.5,-0.017266687005758286,-0.008193312008603749,0.009073374997154536
1366,44,182,signal_1,-0.25,-0.010397685691714287,-0.004888915189294619,0.005508770502419668
1367,44,182,signal_1,0.25,0.016829963773489,0.007204304526967532,0.009625659246521466
1368,44,182,signal_1,0.5,0.0315973199903965,0.017758105064480237,0.013839214925916263
1369,44,182,signal_2,-0.5,-0.023322408087551594,-0.011939357187186233,0.01138305090036536
1370,44,182,signal_2,-0.25,-0.017030173912644386,-0.0078710590545505,0.009159114858093887
1371,44,182,signal_2,0.25,0.01938680186867714,0.013417561434849632,0.0059692404338275076
1372,44,182,signal_2,0.5,0.04378102347254753,0.03338760328672087,0.01039342018582666
1373,44,182,independent_noise,-0.5,0.0021765194833278656,0.0,0.0021765194833278656
1374,44,182,independent_noise,-0.25,0.0010168515145778656,0.0,0.0010168515145778656
1375,44,182,correlated_proxy,-0.5,0.0003162287175655365,0.0,0.0003162287175655365
1376,44,182,correlated_proxy,-0.25,0.0011853314936161041,0.0,0.0011853314936161041
1377,44,182,correlated_proxy,0.25,0.0006288774311542511,0.0,0.0006288774311542511
1378,44,182,correlated_proxy,0.5,0.0008920840919017792,0.0,0.0008920840919017792
1379,44,212,signal_1,-0.5,-0.12354522943496704,-0.1772957453381715,0.053750515903204454
1380,44,212,signal_1,-0.25,-0.06514281034469604,-0.08296684443017976,0.01782403408548372
1381,44,212,signal_1,0.25,0.06997627019882202,0.06831703602535366,0.0016592341734683602
1382,44,212,signal_1,0.5,0.11290830373764038,0.12158168341550057,0.008673379677860193
1383,44,212,signal_2,-0.5,0.06593310832977295,0.0723004505731446,0.006367342243371654
1384,44,212,signal_2,-0.25,0.048293352127075195,0.04668568417826968,0.0016076679488055134
1385,44,212,signal_2,0.25,-0.030108630657196045,-0.07479636076327889,0.044687730106082846
1386,44,212,signal_2,0.5,-0.09695971012115479,-0.18380682345765642,0.08684711333650164
1387,44,212,independent_noise,-0.5,-6.127357482910156e-05,0.0,6.127357482910156e-05
1388,44,212,independent_noise,-0.25,-0.001201331615447998,0.0,0.001201331615447998
1389,44,212,correlated_proxy,-0.5,-0.005002856254577637,0.0,0.005002856254577637
1390,44,212,correlated_proxy,-0.25,-0.019468486309051514,0.0,0.019468486309051514
1391,44,212,correlated_proxy,0.25,0.0012195706367492676,0.0,0.0012195706367492676
1392,44,212,correlated_proxy,0.5,0.004479050636291504,0.0,0.004479050636291504
1393,44,231,signal_1,-0.5,-0.0558258518576622,-0.03271252342853817,0.02311332842912403
1394,44,231,signal_1,-0.25,-0.028825029730796814,-0.019314511263920635,0.00951051846687618
1395,44,231,signal_1,0.25,0.04021880030632019,0.02740881393534695,0.01280998637097324
1396,44,231,signal_1,0.5,0.09180957078933716,0.0654475826644921,0.026361988124845054
1397,44,231,signal_2,-0.5,-0.06538579985499382,-0.04492292697777053,0.020462872877223287
1398,44,231,signal_2,-0.25,-0.03406480699777603,-0.02784196408132325,0.006222842916452781
1399,44,231,signal_2,0.25,0.0368741899728775,0.03909361703839589,0.0022194270655183854
1400,44,231,signal_2,0.5,0.08209201693534851,0.08592944859486559,0.003837431659517082
1401,44,231,independent_noise,-0.5,0.0051340460777282715,0.0,0.0051340460777282715
1402,44,231,independent_noise,-0.25,0.0024615973234176636,0.0,0.0024615973234176636
1403,44,231,independent_noise,0.25,0.0012951791286468506,0.0,0.0012951791286468506
1404,44,231,independent_noise,0.5,0.001790747046470642,0.0,0.001790747046470642
1405,44,231,correlated_proxy,-0.5,0.001865386962890625,0.0,0.001865386962890625
1406,44,231,correlated_proxy,-0.25,0.003024742007255554,0.0,0.003024742007255554
1407,44,231,correlated_proxy,0.25,0.0001284778118133545,0.0,0.0001284778118133545
1408,44,231,correlated_proxy,0.5,-0.001851402223110199,0.0,0.001851402223110199
1409,44,308,signal_1,-0.25,-0.024289846420288086,-0.01606348547447125,0.008226360945816837
1410,44,308,signal_1,0.25,0.03476768732070923,0.022994579087066445,0.011773108233642783
1411,44,308,signal_1,0.5,0.07247845083475113,0.0553006229433853,0.017177827891365828
1412,44,308,signal_2,-0.5,-0.0384465754032135,-0.02687760526982095,0.011568970133392552
1413,44,308,signal_2,-0.25,-0.024591729044914246,-0.014164565052207208,0.010427163992707038
1414,44,308,signal_2,0.25,0.02180711179971695,0.013076193877298047,0.008730917922418903
1415,44,308,signal_2,0.5,0.026242822408676147,0.022221791444479617,0.00402103096419653
1416,44,308,independent_noise,-0.5,-0.0002932548522949219,0.0,0.0002932548522949219
1417,44,308,independent_noise,-0.25,0.0034141913056373596,0.0,0.0034141913056373596
1418,44,308,correlated_proxy,-0.5,-0.0036924555897712708,0.0,0.0036924555897712708
1419,44,308,correlated_proxy,-0.25,-0.003060445189476013,0.0,0.003060445189476013
1420,44,308,correlated_proxy,0.25,0.004243992269039154,0.0,0.004243992269039154
1421,44,308,correlated_proxy,0.5,0.007625743746757507,0.0,0.007625743746757507
1422,44,374,signal_1,-0.5,-0.10683879256248474,-0.18143140361458793,0.07459261105210319
1423,44,374,signal_1,-0.25,-0.06085968017578125,-0.09589827092223652,0.03503859074645527
1424,44,374,signal_1,0.25,0.07911935448646545,0.09966758522645158,0.02054823073998613
1425,44,374,signal_1,0.5,0.1662140190601349,0.19541323548695233,0.029199216426817443
1426,44,374,signal_2,-0.5,-0.2640169858932495,-0.29208773021787915,0.028070744324629637
1427,44,374,signal_2,-0.25,-0.144439697265625,-0.15809669860494968,0.013657001339324681
1428,44,374,signal_2,0.25,0.12858209013938904,0.1447783007911858,0.016196210651796772
1429,44,374,signal_2,0.5,0.20020684599876404,0.25423368139962643,0.054026835400862394
1430,44,374,independent_noise,-0.5,0.0064757466316223145,0.0,0.0064757466316223145
1431,44,374,independent_noise,-0.25,-0.0011181831359863281,0.0,0.0011181831359863281
1432,44,374,independent_noise,0.25,0.006808817386627197,0.0,0.006808817386627197
1433,44,374,independent_noise,0.5,0.023303091526031494,0.0,0.023303091526031494
1434,44,374,correlated_proxy,-0.5,-0.004945248365402222,0.0,0.004945248365402222
1435,44,374,correlated_proxy,-0.25,-0.0037875771522521973,0.0,0.0037875771522521973
1436,44,374,correlated_proxy,0.25,0.014649063348770142,0.0,0.014649063348770142
1437,44,374,correlated_proxy,0.5,0.02189737558364868,0.0,0.02189737558364868
1438,44,811,signal_1,-0.5,-0.12304407358169556,-0.14395122427333262,0.020907150691637066
1439,44,811,signal_1,-0.25,-0.05173659324645996,-0.06447737097386907,0.012740777727409114
1440,44,811,signal_1,0.25,0.06699007749557495,0.04967924750413644,0.017310829991438514
1441,44,811,signal_1,0.5,0.12233841419219971,0.08645575784989368,0.03588265634230603
1442,44,811,signal_2,-0.5,-0.15152597427368164,-0.17324996908268842,0.021723994809006775
1443,44,811,signal_2,-0.25,-0.07016849517822266,-0.06742383112962336,0.002744664048599299
1444,44,811,signal_2,0.25,0.05004757642745972,0.04042668939962213,0.009620887027837588
1445,44,811,signal_2,0.5,0.07896661758422852,0.0631735534419463,0.01579306414228221
1446,44,811,independent_noise,-0.5,0.0026398897171020508,0.0,0.0026398897171020508
1447,44,811,independent_noise,-0.25,0.005615174770355225,0.0,0.005615174770355225
1448,44,811,independent_noise,0.25,-0.003436744213104248,0.0,0.003436744213104248
1449,44,811,independent_noise,0.5,0.0001990795135498047,0.0,0.0001990795135498047
1450,44,811,correlated_proxy,-0.5,0.0003402829170227051,0.0,0.0003402829170227051
1451,44,811,correlated_proxy,-0.25,0.0012552738189697266,0.0,0.0012552738189697266
1452,44,811,correlated_proxy,0.25,0.0017622709274291992,0.0,0.0017622709274291992
1453,44,811,correlated_proxy,0.5,0.019397735595703125,0.0,0.019397735595703125
1454,44,381,signal_1,0.25,0.0023151952773332596,0.0005989279528485906,0.001716267324484669
1455,44,381,signal_1,0.5,0.005761986598372459,0.001491089555838695,0.004270897042533764
1456,44,381,signal_2,-0.25,-0.0008028778247535229,-0.0007323724399438511,7.050538480967176e-05
1457,44,381,signal_2,0.25,0.001865193247795105,0.0015396560179983445,0.0003255372297967605
1458,44,381,signal_2,0.5,0.005715029314160347,0.004420735563884658,0.001294293750275689
1459,44,381,independent_noise,-0.5,-0.00013348646461963654,0.0,0.00013348646461963654
1460,44,381,independent_noise,-0.25,6.560562178492546e-05,0.0,6.560562178492546e-05
1461,44,381,independent_noise,0.25,0.00012330617755651474,0.0,0.00012330617755651474
1462,44,381,correlated_proxy,-0.5,0.00014403043314814568,0.0,0.00014403043314814568
1463,44,381,correlated_proxy,-0.25,0.0001536533236503601,0.0,0.0001536533236503601
1464,44,381,correlated_proxy,0.25,0.00032384227961301804,0.0,0.00032384227961301804
1465,44,381,correlated_proxy,0.5,0.00024423422291874886,0.0,0.00024423422291874886
1466,44,230,signal_1,-0.5,-0.07201860845088959,-0.04467831270420417,0.027340295746685415
1467,44,230,signal_1,-0.25,-0.039210379123687744,-0.026234554362731373,0.012975824760956371
1468,44,230,signal_1,0.25,0.04264628142118454,0.0365289814293705,0.00611729999181404
1469,44,230,signal_1,0.5,0.09781404584646225,0.08591005515412684,0.011903990692335414
1470,44,230,signal_2,-0.5,-0.013508908450603485,-0.016278428175249368,0.002769519724645883
1471,44,230,signal_2,-0.25,-0.006802134215831757,-0.004953674742572314,0.0018484594732594423
1472,44,230,signal_2,0.25,-0.0040692538022994995,-0.0026076888268841414,0.0014615649754153581
1473,44,230,signal_2,0.5,-0.018195398151874542,-0.012147330412301649,0.006048067739572893
1474,44,230,independent_noise,-0.5,-0.0022994354367256165,0.0,0.0022994354367256165
1475,44,230,independent_noise,-0.25,0.0015801265835762024,0.0,0.0015801265835762024
1476,44,230,correlated_proxy,-0.5,-0.009901218116283417,0.0,0.009901218116283417
1477,44,230,correlated_proxy,-0.25,-0.005493469536304474,0.0,0.005493469536304474
1478,44,230,correlated_proxy,0.25,-0.0007802918553352356,0.0,0.0007802918553352356
1479,44,230,correlated_proxy,0.5,0.0010986924171447754,0.0,0.0010986924171447754
1480,44,712,signal_1,-0.25,-0.029688261449337006,-0.02419597568502041,0.005492285764316596
1481,44,712,signal_1,0.25,0.03951678425073624,0.033881674051286795,0.005635110199449442
1482,44,712,signal_1,0.5,0.09154099971055984,0.08004144244316672,0.011499557267393129
1483,44,712,signal_2,-0.5,0.008341602981090546,-0.0023953170006037056,0.010736919981694251
1484,44,712,signal_2,-0.25,0.01059376448392868,0.0023940291869190833,0.008199735297009597
1485,44,712,signal_2,0.25,-0.009060584008693695,-0.008993852057331803,6.673195136189247e-05
1486,44,712,signal_2,0.5,-0.025040723383426666,-0.022454311983619385,0.0025864113998072813
1487,44,712,independent_noise,0.25,0.010654538869857788,0.0,0.010654538869857788
1488,44,712,independent_noise,0.5,0.008023127913475037,0.0,0.008023127913475037
1489,44,712,correlated_proxy,-0.5,0.0031743124127388,0.0,0.0031743124127388
1490,44,712,correlated_proxy,-0.25,8.101016283035278e-05,0.0,8.101016283035278e-05
1491,44,712,correlated_proxy,0.25,0.005378164350986481,0.0,0.005378164350986481
1492,44,712,correlated_proxy,0.5,0.006748281419277191,0.0,0.006748281419277191
1493,44,922,signal_1,-0.5,-0.005209484603255987,-0.0021167669220503215,0.0030927176812056657
1494,44,922,signal_1,-0.25,-0.0027702152729034424,-0.001266202458118423,0.0015040128147850193
1495,44,922,signal_1,0.25,0.005787883885204792,0.001882988015394679,0.003904895869810113
1496,44,922,signal_1,0.5,0.013403466902673244,0.0046788818448679345,0.008724585057805309
1497,44,922,signal_2,-0.25,-0.004031377844512463,-0.002253071356597524,0.0017783064879149388
1498,44,922,signal_2,0.25,0.009969194419682026,0.004528087144854836,0.00544110727482719
1499,44,922,signal_2,0.5,0.02099935244768858,0.012586570554724796,0.008412781892963784
1500,44,922,independent_noise,-0.5,0.000529835931956768,0.0,0.000529835931956768
1501,44,922,independent_noise,-0.25,0.0008378578349947929,0.0,0.0008378578349947929
1502,44,922,independent_noise,0.25,-3.258604556322098e-05,0.0,3.258604556322098e-05
1503,44,922,independent_noise,0.5,-5.897786468267441e-05,0.0,5.897786468267441e-05
1504,44,922,correlated_proxy,-0.5,0.0002806400880217552,0.0,0.0002806400880217552
1505,44,922,correlated_proxy,-0.25,-8.65282490849495e-05,0.0,8.65282490849495e-05
1506,44,922,correlated_proxy,0.25,0.0005381610244512558,0.0,0.0005381610244512558
1507,44,922,correlated_proxy,0.5,0.0008488073945045471,0.0,0.0008488073945045471
1508,44,802,signal_1,-0.5,-0.13768959045410156,-0.19593152712414585,0.05824193667004429
1509,44,802,signal_1,-0.25,-0.07320678234100342,-0.0962790651053651,0.023072282764361685
1510,44,802,signal_1,0.25,0.06284266710281372,0.08620184062254965,0.023359173519735932
1511,44,802,signal_1,0.5,0.13223230838775635,0.15827717755753412,0.026044869169777773
1512,44,802,signal_2,-0.5,0.07712668180465698,0.13411721429456214,0.056990532489905155
1513,44,802,signal_2,-0.25,0.030314266681671143,0.08182461802064589,0.05151035133897475
1514,44,802,signal_2,0.25,-0.07170867919921875,-0.1157115112912126,0.04400283209199385
1515,44,802,independent_noise,-0.5,0.003765285015106201,0.0,0.003765285015106201
1516,44,802,independent_noise,-0.25,0.012004673480987549,0.0,0.012004673480987549
1517,44,802,independent_noise,0.25,0.01220160722732544,0.0,0.01220160722732544
1518,44,802,independent_noise,0.5,-0.002287447452545166,0.0,0.002287447452545166
1519,44,802,correlated_proxy,-0.5,-0.007940292358398438,0.0,0.007940292358398438
1520,44,802,correlated_proxy,-0.25,-0.003484785556793213,0.0,0.003484785556793213
1521,44,802,correlated_proxy,0.25,-0.0018308758735656738,0.0,0.0018308758735656738
1522,44,802,correlated_proxy,0.5,0.012877166271209717,0.0,0.012877166271209717
1523,44,938,signal_1,-0.5,-0.1599394679069519,-0.17408894265160926,0.014149474744657359
1524,44,938,signal_1,-0.25,-0.07210472226142883,-0.09304972217178631,0.020944999910357476
1525,44,938,signal_1,0.25,0.07750123739242554,0.09925325642123439,0.021752019028808856
1526,44,938,signal_1,0.5,0.155159592628479,0.1971420693713677,0.041982476742888686
1527,44,938,signal_2,-0.5,0.032261431217193604,0.02913879121977636,0.0031226399974172425
1528,44,938,signal_2,-0.25,0.042559146881103516,0.026824240287895262,0.015734906593208253
1529,44,938,signal_2,0.25,-0.04237353801727295,-0.049907348209829894,0.0075338101925569445
1530,44,938,signal_2,0.5,-0.09698697924613953,-0.11854724058105276,0.021560261334913233
1531,44,938,independent_noise,-0.5,0.00816163420677185,0.0,0.00816163420677185
1532,44,938,independent_noise,-0.25,0.012790709733963013,0.0,0.012790709733963013
1533,44,938,independent_noise,0.25,0.0068514347076416016,0.0,0.0068514347076416016
1534,44,938,independent_noise,0.5,0.01142314076423645,0.0,0.01142314076423645
1535,44,938,correlated_proxy,-0.5,-0.022321432828903198,0.0,0.022321432828903198
1536,44,938,correlated_proxy,-0.25,-0.01207435131072998,0.0,0.01207435131072998
1537,44,938,correlated_proxy,0.25,-0.0014395713806152344,0.0,0.0014395713806152344
1538,44,938,correlated_proxy,0.5,0.009468257427215576,0.0,0.009468257427215576
1539,44,614,signal_1,-0.5,-0.14234626293182373,-0.18311758188622151,0.040771318954397784
1540,44,614,signal_1,-0.25,-0.06317031383514404,-0.08661152262063743,0.023441208785493384
1541,44,614,signal_1,0.25,0.07588160037994385,0.07256810056859175,0.003313499811352094
1542,44,614,signal_1,0.5,0.13822674751281738,0.12994904966617582,0.008277697846641563
1543,44,614,signal_2,-0.5,0.08198899030685425,0.06970010985416297,0.012288880452691275
1544,44,614,signal_2,-0.25,0.057129740715026855,0.045577122341226906,0.01155261837379995
1545,44,614,signal_2,0.25,-0.02757441997528076,-0.07312857979781007,0.045554159822529305
1546,44,614,signal_2,0.5,-0.08778297901153564,-0.17875588367025785,0.09097290465872221
1547,44,614,independent_noise,-0.5,0.012553036212921143,0.0,0.012553036212921143
1548,44,614,independent_noise,-0.25,0.01641678810119629,0.0,0.01641678810119629
1549,44,614,independent_noise,0.25,0.008483469486236572,0.0,0.008483469486236572
1550,44,614,independent_noise,0.5,0.014178037643432617,0.0,0.014178037643432617
1551,44,614,correlated_proxy,-0.5,-0.0132066011428833,0.0,0.0132066011428833
1552,44,614,correlated_proxy,-0.25,0.013628602027893066,0.0,0.013628602027893066
1553,44,614,correlated_proxy,0.25,0.005919814109802246,0.0,0.005919814109802246
1554,44,614,correlated_proxy,0.5,0.009013116359710693,0.0,0.009013116359710693
1555,44,280,signal_1,-0.5,-0.10443997383117676,-0.0897848153354317,0.014655158495745058
1556,44,280,signal_1,-0.25,-0.05211138725280762,-0.03829172380696633,0.01381966344584129
1557,44,280,signal_1,0.25,0.05014580488204956,0.02760640234011147,0.02253940254193809
1558,44,280,signal_2,-0.5,0.010068953037261963,-0.007493022640516767,0.01756197567777873
1559,44,280,signal_2,-0.25,0.0061103105545043945,0.00045046153916317166,0.005659849015341223
1560,44,280,signal_2,0.25,-0.019136667251586914,-0.008958965806397101,0.010177701445189813
1561,44,280,signal_2,0.5,-0.0519753098487854,-0.028724491536137653,0.023250818312647747
1562,44,280,independent_noise,-0.5,0.00090789794921875,0.0,0.00090789794921875
1563,44,280,independent_noise,-0.25,0.006165802478790283,0.0,0.006165802478790283
1564,44,280,independent_noise,0.25,0.0066100358963012695,0.0,0.0066100358963012695
1565,44,280,independent_noise,0.5,0.0036298632621765137,0.0,0.0036298632621765137
1566,44,280,correlated_proxy,-0.5,0.013028442859649658,0.0,0.013028442859649658
1567,44,280,correlated_proxy,-0.25,0.00808262825012207,0.0,0.00808262825012207
1568,44,389,signal_1,-0.5,-0.08011692762374878,-0.08520991409744272,0.005092986473693939
1569,44,389,signal_1,-0.25,-0.04620569944381714,-0.03621174459849119,0.009993954845325947
1570,44,389,signal_1,0.25,0.0481228232383728,0.025988908208912642,0.02213391502946016
1571,44,389,signal_2,-0.5,-0.017187952995300293,-0.022830952303399932,0.005642999308099639
1572,44,389,signal_2,-0.25,0.003608524799346924,-0.006608629121413356,0.01021715392076028
1573,44,389,signal_2,0.25,0.005867958068847656,-0.001291298184342815,0.007159256253190471
1574,44,389,signal_2,0.5,-0.012156009674072266,-0.010815221714151169,0.001340787959921097
1575,44,389,independent_noise,-0.5,0.0072411298751831055,0.0,0.0072411298751831055
1576,44,389,independent_noise,-0.25,0.008849143981933594,0.0,0.008849143981933594
1577,44,389,independent_noise,0.25,0.013070404529571533,0.0,0.013070404529571533
1578,44,389,independent_noise,0.5,0.01238340139389038,0.0,0.01238340139389038
1579,44,389,correlated_proxy,-0.5,-0.005665183067321777,0.0,0.005665183067321777
1580,44,389,correlated_proxy,-0.25,0.011203289031982422,0.0,0.011203289031982422
1581,44,389,correlated_proxy,0.25,0.008225858211517334,0.0,0.008225858211517334
1582,44,389,correlated_proxy,0.5,0.015877127647399902,0.0,0.015877127647399902
1583,44,494,signal_1,-0.5,-0.12901312112808228,-0.1145872271084023,0.014425894019679975
1584,44,494,signal_1,-0.25,-0.06856417655944824,-0.04988555990622534,0.0186786166532229
1585,44,494,signal_2,-0.5,-0.141676127910614,-0.1692990007920434,0.027622872881429394
1586,44,494,signal_2,-0.25,-0.05444151163101196,-0.06326238802275463,0.008820876391742671
1587,44,494,signal_2,0.25,0.02943211793899536,0.03624109090272187,0.006808972963726512
1588,44,494,signal_2,0.5,0.05234771966934204,0.0565992776048323,0.004251557935490258
1589,44,494,independent_noise,-0.5,1.33514404296875e-05,0.0,1.33514404296875e-05
1590,44,494,independent_noise,-0.25,-0.0034876465797424316,0.0,0.0034876465797424316
1591,44,494,independent_noise,0.25,-0.0008143782615661621,0.0,0.0008143782615661621
1592,44,494,independent_noise,0.5,0.012961208820343018,0.0,0.012961208820343018
1593,44,494,correlated_proxy,-0.5,-0.009639382362365723,0.0,0.009639382362365723
1594,44,494,correlated_proxy,-0.25,-0.0061057209968566895,0.0,0.0061057209968566895
1595,44,494,correlated_proxy,0.25,0.0021761059761047363,0.0,0.0021761059761047363
1596,44,494,correlated_proxy,0.5,-0.003908812999725342,0.0,0.003908812999725342
1597,44,580,signal_1,-0.5,-0.05547592043876648,-0.04107456622608352,0.01440135421268296
1598,44,580,signal_1,-0.25,-0.030335664749145508,-0.024159192332485306,0.006176472416660202
1599,44,580,signal_1,0.25,0.04368659853935242,0.03383360271438578,0.00985299582496664
1600,44,580,signal_1,0.5,0.08746014535427094,0.07993433311196345,0.007525812242307486
1601,44,580,signal_2,-0.5,-0.06290017813444138,-0.053518394159220106,0.00938178397522127
1602,44,580,signal_2,-0.25,-0.03128897398710251,-0.03193720530986693,0.0006482313227644185
1603,44,580,signal_2,0.25,0.045628905296325684,0.040538954081479686,0.0050899512148459974
1604,44,580,signal_2,0.5,0.09961657226085663,0.08425257553402328,0.015363996726833348
1605,44,580,independent_noise,-0.5,0.009949028491973877,0.0,0.009949028491973877
1606,44,580,independent_noise,-0.25,0.005458630621433258,0.0,0.005458630621433258
1607,44,580,independent_noise,0.25,0.005825504660606384,0.0,0.005825504660606384
1608,44,580,independent_noise,0.5,0.00249558687210083,0.0,0.00249558687210083
1609,44,580,correlated_proxy,-0.5,-0.00020344555377960205,0.0,0.00020344555377960205
1610,44,580,correlated_proxy,-0.25,0.0006515681743621826,0.0,0.0006515681743621826
1611,44,580,correlated_proxy,0.25,0.004760853946208954,0.0,0.004760853946208954
1612,44,580,correlated_proxy,0.5,0.010111197829246521,0.0,0.010111197829246521
1613,44,798,signal_1,-0.5,-0.08387977629899979,-0.054661107302680395,0.02921866899631939
1614,44,798,signal_1,-0.25,-0.04701948165893555,-0.03194249678897697,0.015076984869958579
1615,44,798,signal_1,0.25,0.06515887379646301,0.04376295411102493,0.02139591968543808
1616,44,798,signal_1,0.5,0.12487554550170898,0.10163981789271143,0.02323572760899756
1617,44,798,signal_2,-0.5,0.06184898316860199,0.08427314341074085,0.022424160242138863
1618,44,798,signal_2,-0.25,0.01873663067817688,0.04315394924621735,0.02441731856804047
1619,44,798,signal_2,0.25,-0.037784308195114136,-0.038089147002444174,0.0003048388073300379
1620,44,798,independent_noise,-0.5,-0.003138333559036255,0.0,0.003138333559036255
1621,44,798,independent_noise,-0.25,-0.008997246623039246,0.0,0.008997246623039246
1622,44,798,independent_noise,0.25,-0.00856049358844757,0.0,0.00856049358844757
1623,44,798,independent_noise,0.5,-0.002810567617416382,0.0,0.002810567617416382
1624,44,798,correlated_proxy,-0.5,-0.006569772958755493,0.0,0.006569772958755493
1625,44,798,correlated_proxy,-0.25,-0.00034390389919281006,0.0,0.00034390389919281006
1626,44,798,correlated_proxy,0.25,0.001266390085220337,0.0,0.001266390085220337
1627,44,798,correlated_proxy,0.5,0.011277318000793457,0.0,0.011277318000793457
1628,44,263,signal_1,-0.5,-0.1099000871181488,-0.10799302145964511,0.0019070656585036955
1629,44,263,signal_1,-0.25,-0.05276024341583252,-0.06124615086305049,0.008485907447217972
1630,44,263,signal_1,0.25,0.07189953327178955,0.07639868846970285,0.0044991551979133015
1631,44,263,signal_1,0.5,0.14491528272628784,0.16607072620942512,0.021155443483137276
1632,44,263,signal_2,-0.5,0.08914986252784729,0.1388165301058448,0.04966666757799751
1633,44,263,signal_2,-0.25,0.04203212261199951,0.07467706353318274,0.032644940921183224
1634,44,263,signal_2,0.25,-0.05182166397571564,-0.07318887727457263,0.02136721329885699
1635,44,263,independent_noise,-0.25,0.0040323734283447266,0.0,0.0040323734283447266
1636,44,263,independent_noise,0.25,0.012938976287841797,0.0,0.012938976287841797
1637,44,263,independent_noise,0.5,0.004128515720367432,0.0,0.004128515720367432
1638,44,263,correlated_proxy,-0.5,0.007001906633377075,0.0,0.007001906633377075
1639,44,263,correlated_proxy,-0.25,0.008911371231079102,0.0,0.008911371231079102
1640,44,263,correlated_proxy,0.25,0.004373431205749512,0.0,0.004373431205749512
1641,44,263,correlated_proxy,0.5,0.007586836814880371,0.0,0.007586836814880371
1642,44,608,signal_1,-0.5,-0.08325186371803284,-0.12777894738655848,0.04452708366852565
1643,44,608,signal_1,-0.25,-0.03595200181007385,-0.07147377928999218,0.03552177747991833
1644,44,608,signal_1,0.25,0.06734353303909302,0.08569702397269752,0.0183534909336045
1645,44,608,signal_1,0.5,0.13468018174171448,0.18168977298445543,0.047009591242740956
1646,44,608,signal_2,-0.5,-0.15140362083911896,-0.2103450808527557,0.05894146001363673
1647,44,608,signal_2,-0.25,-0.08734923601150513,-0.13102681690574497,0.04367758089423984
1648,44,608,signal_2,0.25,0.17523494362831116,0.16361670810936912,0.011618235518942033
1649,44,608,signal_2,0.5,0.3078083097934723,0.3189448445452339,0.011136534751761629
1650,44,608,independent_noise,-0.5,-0.005246579647064209,0.0,0.005246579647064209
1651,44,608,independent_noise,-0.25,-0.003434896469116211,0.0,0.003434896469116211
1652,44,608,independent_noise,0.25,0.006737083196640015,0.0,0.006737083196640015
1653,44,608,independent_noise,0.5,0.004299074411392212,0.0,0.004299074411392212
1654,44,608,correlated_proxy,-0.5,-0.030018985271453857,0.0,0.030018985271453857
1655,44,608,correlated_proxy,-0.25,-0.01537659764289856,0.0,0.01537659764289856
1656,44,608,correlated_proxy,0.25,0.01668664813041687,0.0,0.01668664813041687
1657,44,608,correlated_proxy,0.5,0.04079720377922058,0.0,0.04079720377922058
1658,44,521,signal_1,0.25,0.0052498020231723785,0.002751095805824573,0.0024987062173478054
1659,44,521,signal_1,0.5,0.014094710350036621,0.006827070182734161,0.00726764016730246
1660,44,521,signal_2,-0.5,-0.0055250320583581924,-0.004427893978047626,0.0010971380803105665
1661,44,521,signal_2,-0.25,-0.00374042522162199,-0.002889073737295246,0.0008513514843267443
1662,44,521,signal_2,0.25,0.004261160269379616,0.004801493145943618,0.0005403328765640021
1663,44,521,signal_2,0.5,0.010828236117959023,0.011810712782009684,0.0009824766640506612
1664,44,521,independent_noise,-0.5,-0.00026898179203271866,0.0,0.00026898179203271866
1665,44,521,independent_noise,-0.25,0.00019505061209201813,0.0,0.00019505061209201813
1666,44,521,independent_noise,0.25,-0.0004200795665383339,0.0,0.0004200795665383339
1667,44,521,independent_noise,0.5,0.0009248564019799232,0.0,0.0009248564019799232
1668,44,521,correlated_proxy,-0.5,-0.001023346558213234,0.0,0.001023346558213234
1669,44,521,correlated_proxy,-0.25,-0.0003174636512994766,0.0,0.0003174636512994766
1670,44,521,correlated_proxy,0.25,3.3313408493995667e-05,0.0,3.3313408493995667e-05
1671,44,521,correlated_proxy,0.5,0.0006131380796432495,0.0,0.0006131380796432495
1672,44,313,signal_1,-0.5,-0.12056657671928406,-0.19452063223247434,0.07395405551319029
1673,44,313,signal_1,-0.25,-0.06979554891586304,-0.099614621229551,0.029819072313687967
1674,44,313,signal_1,0.25,0.07514512538909912,0.09664777936806779,0.021502653978968667
1675,44,313,signal_2,-0.5,-0.29032817482948303,-0.3391120583797145,0.048783883550231444
1676,44,313,signal_2,-0.25,-0.18468523025512695,-0.1768192437193969,0.007865986535730063
1677,44,313,signal_2,0.25,0.13005530834197998,0.14650650577305624,0.01645119743107626
1678,44,313,signal_2,0.5,0.2076088786125183,0.24726599628371726,0.03965711767119895
1679,44,313,independent_noise,-0.5,-0.019960522651672363,0.0,0.019960522651672363
1680,44,313,independent_noise,-0.25,-0.020220398902893066,0.0,0.020220398902893066
1681,44,313,independent_noise,0.25,0.001969575881958008,0.0,0.001969575881958008
1682,44,313,independent_noise,0.5,0.0037058591842651367,0.0,0.0037058591842651367
1683,44,313,correlated_proxy,-0.5,-0.027149558067321777,0.0,0.027149558067321777
1684,44,313,correlated_proxy,-0.25,-0.02583557367324829,0.0,0.02583557367324829
1685,44,313,correlated_proxy,0.25,0.008241057395935059,0.0,0.008241057395935059
1686,44,313,correlated_proxy,0.5,0.026804447174072266,0.0,0.026804447174072266
1687,44,737,signal_1,0.25,0.03552592173218727,0.018913918744042857,0.016612002988144414
1688,44,737,signal_1,0.5,0.07254816964268684,0.04578324456880824,0.026764925073878607
1689,44,737,signal_2,-0.5,-0.003862999379634857,-0.007365109639165403,0.0035021102595305456
1690,44,737,signal_2,-0.25,-0.00011357292532920837,-0.002032629978444403,0.0019190570531151946
1691,44,737,signal_2,0.25,0.0026700161397457123,-0.0018012550778799263,0.004471271217625639
1692,44,737,signal_2,0.5,-0.007634315639734268,-0.006962454304796806,0.0006718613349374625
1693,44,737,independent_noise,-0.5,0.0003677085041999817,0.0,0.0003677085041999817
1694,44,737,independent_noise,-0.25,0.0029049739241600037,0.0,0.0029049739241600037
1695,44,737,independent_noise,0.25,0.00023336336016654968,0.0,0.00023336336016654968
1696,44,737,independent_noise,0.5,-0.0015391036868095398,0.0,0.0015391036868095398
1697,44,737,correlated_proxy,-0.5,-0.0021581463515758514,0.0,0.0021581463515758514
1698,44,737,correlated_proxy,-0.25,-0.000984475016593933,0.0,0.000984475016593933
1699,44,737,correlated_proxy,0.25,0.0024322085082530975,0.0,0.0024322085082530975
1700,44,737,correlated_proxy,0.5,0.006796497851610184,0.0,0.006796497851610184
1701,44,961,signal_1,-0.5,-0.14259952306747437,-0.17471057964122683,0.03211105657375246
1702,44,961,signal_1,-0.25,-0.06992846727371216,-0.09330137562239199,0.023372908348679833
1703,44,961,signal_1,0.25,0.06998288631439209,0.0993182465486045,0.029335360234212404
1704,44,961,signal_1,0.5,0.13081717491149902,0.19706609697250804,0.06624892206100902
1705,44,961,signal_2,-0.5,0.08859872817993164,0.12137292782856751,0.03277419964863587
1706,44,961,signal_2,-0.25,0.04625570774078369,0.07290186562624817,0.026646157885464483
1707,44,961,signal_2,0.25,-0.036889612674713135,-0.09204225329345056,0.055152640618737425
1708,44,961,signal_2,0.5,-0.10514816641807556,-0.1907758721000394,0.08562770568196384
1709,44,961,independent_noise,-0.5,-0.001812368631362915,0.0,0.001812368631362915
1710,44,961,independent_noise,-0.25,0.005155205726623535,0.0,0.005155205726623535
1711,44,961,independent_noise,0.25,0.009680390357971191,0.0,0.009680390357971191
1712,44,961,independent_noise,0.5,0.0004107356071472168,0.0,0.0004107356071472168
1713,44,961,correlated_proxy,-0.5,-0.005256384611129761,0.0,0.005256384611129761
1714,44,961,correlated_proxy,-0.25,-0.008254677057266235,0.0,0.008254677057266235
1715,44,961,correlated_proxy,0.25,0.000672459602355957,0.0,0.000672459602355957
1716,44,961,correlated_proxy,0.5,0.0156518816947937,0.0,0.0156518816947937
1717,44,133,signal_1,-0.5,-0.07611804455518723,-0.05258636120097001,0.023531683354217216
1718,44,133,signal_1,-0.25,-0.04216857999563217,-0.030761280500205254,0.011407299495426917
1719,44,133,signal_1,0.25,0.056103482842445374,0.042287740921327255,0.013815741921118119
1720,44,133,signal_1,0.5,0.12420657277107239,0.09846926290832181,0.02573730986275058
1721,44,133,signal_2,-0.5,-0.06535501778125763,-0.0414809094149374,0.02387410836632023
1722,44,133,signal_2,-0.25,-0.03308117389678955,-0.019632115697267583,0.013449058199521968
1723,44,133,signal_2,0.25,0.010462939739227295,0.01330288802507161,0.0028399482858443154
1724,44,133,signal_2,0.5,0.006126314401626587,0.017337276420098982,0.011210962018472395
1725,44,133,independent_noise,-0.5,-0.00609472393989563,0.0,0.00609472393989563
1726,44,133,independent_noise,-0.25,-0.004979193210601807,0.0,0.004979193210601807
1727,44,133,correlated_proxy,-0.5,-0.007263123989105225,0.0,0.007263123989105225
1728,44,133,correlated_proxy,-0.25,-0.0012948960065841675,0.0,0.0012948960065841675
1729,44,133,correlated_proxy,0.25,0.006774678826332092,0.0,0.006774678826332092
1730,44,133,correlated_proxy,0.5,0.0015198290348052979,0.0,0.0015198290348052979
1731,44,109,signal_1,-0.25,-0.015302913263440132,-0.009428794077290574,0.005874119186149558
1732,44,109,signal_1,0.25,0.020819835364818573,0.013733737826607199,0.007086097538211374
1733,44,109,signal_1,0.5,0.04684259369969368,0.03351476936908139,0.01332782433061229
1734,44,109,signal_2,-0.5,-0.02047864720225334,-0.018703774291343712,0.0017748729109096292
1735,44,109,signal_2,-0.25,-0.011818643659353256,-0.01077269329729828,0.0010459503620549766
1736,44,109,signal_2,0.25,0.016848500818014145,0.012592490626556856,0.0042560101914572886
1737,44,109,signal_2,0.5,0.0372483916580677,0.024934601911841024,0.01231378974622668
1738,44,109,independent_noise,-0.5,0.0016513951122760773,0.0,0.0016513951122760773
1739,44,109,independent_noise,-0.25,-0.0012549124658107758,0.0,0.0012549124658107758
1740,44,109,independent_noise,0.25,-0.0002942495048046112,0.0,0.0002942495048046112
1741,44,109,independent_noise,0.5,-0.00033694878220558167,0.0,0.00033694878220558167
1742,44,109,correlated_proxy,-0.5,-0.0044593773782253265,0.0,0.0044593773782253265
1743,44,109,correlated_proxy,-0.25,-0.002195023000240326,0.0,0.002195023000240326
1744,44,109,correlated_proxy,0.25,0.0016123726963996887,0.0,0.0016123726963996887
1745,44,109,correlated_proxy,0.5,0.0038814544677734375,0.0,0.0038814544677734375
1746,44,112,signal_1,-0.5,-0.1609504222869873,-0.19606263971111154,0.03511221742412424
1747,44,112,signal_1,-0.25,-0.08018916845321655,-0.0964219315054845,0.01623276305226795
1748,44,112,signal_1,0.25,0.05824786424636841,0.0864586517241468,0.028210787477778387
1749,44,112,signal_1,0.5,0.11870849132537842,0.15884238885888646,0.040133897533508045
1750,44,112,signal_2,-0.5,0.017251014709472656,0.006367837515665942,0.010883177193806715
1751,44,112,signal_2,-0.25,0.01784336566925049,0.014610255146793927,0.0032331105224565615
1752,44,112,signal_2,0.25,-0.03825199604034424,-0.038626287447581564,0.000374291407237326
1753,44,112,signal_2,0.5,-0.09025520086288452,-0.10330130672820292,0.013046105865318403
1754,44,112,independent_noise,-0.5,0.0026243925094604492,0.0,0.0026243925094604492
1755,44,112,independent_noise,-0.25,0.0027648210525512695,0.0,0.0027648210525512695
1756,44,112,correlated_proxy,-0.5,0.0015453100204467773,0.0,0.0015453100204467773
1757,44,112,correlated_proxy,-0.25,0.0019102096557617188,0.0,0.0019102096557617188
1758,44,112,correlated_proxy,0.25,0.0009990334510803223,0.0,0.0009990334510803223
1759,44,112,correlated_proxy,0.5,-0.012386620044708252,0.0,0.012386620044708252
1760,44,4,signal_1,-0.5,-0.05996782332658768,-0.04788581668112285,0.012082006645464827
1761,44,4,signal_1,-0.25,-0.03070908784866333,-0.028075198409246147,0.0026338894394171836
1762,44,4,signal_1,0.25,0.04301196336746216,0.038890620791838235,0.004121342575623924
1763,44,4,signal_1,0.5,0.1003362238407135,0.09109521879613976,0.009241005044573744
1764,44,4,signal_2,-0.5,0.014711901545524597,0.006458975285306659,0.008252926260217938
1765,44,4,signal_2,-0.25,0.01540115475654602,0.007527127921928389,0.007874026834617631
1766,44,4,signal_2,0.25,-0.0180264413356781,-0.014374715088402587,0.0036517262472755135
1767,44,4,signal_2,0.5,-0.03575938194990158,-0.03239073494138767,0.003368647008513914
1768,44,4,independent_noise,-0.5,-0.0022048354148864746,0.0,0.0022048354148864746
1769,44,4,independent_noise,-0.25,0.0004942268133163452,0.0,0.0004942268133163452
1770,44,4,independent_noise,0.25,0.0038862228393554688,0.0,0.0038862228393554688
1771,44,4,correlated_proxy,-0.5,-0.005575232207775116,0.0,0.005575232207775116
1772,44,4,correlated_proxy,-0.25,-0.001512676477432251,0.0,0.001512676477432251
1773,44,4,correlated_proxy,0.25,0.0006637126207351685,0.0,0.0006637126207351685
1774,44,4,correlated_proxy,0.5,0.00373685359954834,0.0,0.00373685359954834
